chartId,SongID,タイトル,譜面,公式LV,初出Ver,初出Ver(数),NOTES,CHORD,PEAK,CHARGE,SCRATCH,SOF-LAN
CT_ID0001,S000001,5.1.1.,DPA,10,1st&substream,1,84.79,69.49,77.15,0.00,1.58,0.00
CT_ID0002,S000002,Macho Gang,DPH,11,1st&substream,1,82.14,53.99,72.85,0.00,77.37,0.00
CT_ID0003,S000002,Macho Gang,DPA,11,1st&substream,1,83.13,56.70,87.14,0.00,77.36,0.00
CT_ID0004,S000003,THE EARTH LIGHT,DPH,10,1st&substream,1,74.49,44.83,82.85,0.00,16.18,0.00
CT_ID0005,S000005,era (nostalmix),DPH,12,3rd style,3,82.72,81.15,108.13,0.00,15.49,122.83
CT_ID0006,S000005,era (nostalmix),DPA,12,3rd style,3,106.80,74.65,100.00,0.00,20.65,130.21
CT_ID0007,S000006,Holic,DPH,10,3rd style,3,97.69,71.87,92.85,0.00,16.57,0.00
CT_ID0008,S000006,Holic,DPA,12,3rd style,3,127.92,98.85,126.75,0.00,29.01,0.00
CT_ID0009,S000007,R5,DPA,11,3rd style,3,89.31,80.71,101.17,0.00,24.40,0.00
CT_ID0010,S000008,Schlagwerk,DPH,11,3rd style,3,106.05,93.17,106.97,0.00,29.38,0.00
CT_ID0011,S000008,Schlagwerk,DPA,11,3rd style,3,111.00,102.47,119.76,0.00,19.59,0.00
CT_ID0012,S000009,THE SAFARI,DPH,10,3rd style,3,101.13,86.59,92.85,0.00,46.72,0.00
CT_ID0013,S000010,ABSOLUTE,DPA,11,4th style,4,105.34,95.34,104.66,0.00,24.52,75.31
CT_ID0014,S000011,Broken My Heart,DPA,10,4th style,4,85.33,74.13,84.28,0.00,38.14,0.00
CT_ID0015,S000012,CHECKING YOU OUT,DPH,11,4th style,4,45.34,9.36,54.29,0.00,135.42,51.81
CT_ID0016,S000012,CHECKING YOU OUT,DPA,11,4th style,4,66.11,42.98,70.00,0.00,136.24,84.72
CT_ID0017,S000013,DXY!,DPH,12,4th style,4,122.41,100.73,111.63,0.00,52.88,0.00
CT_ID0018,S000013,DXY!,DPA,12,4th style,4,141.10,115.40,133.73,0.00,72.52,0.00
CT_ID0019,S000014,empathy,DPH,11,4th style,4,83.93,86.25,111.61,0.00,31.79,0.00
CT_ID0020,S000015,era (step mix),DPA,12,4th style,4,106.80,74.66,100.00,0.00,20.65,130.21
CT_ID0021,S000016,KAMIKAZE,DPA,10,4th style,4,104.42,116.48,103.48,0.00,1.33,0.00
CT_ID0022,S000017,minimalian,DPA,12,4th style,4,105.42,103.96,140.69,0.00,23.87,0.00
CT_ID0023,S000018,Mr.T.(take me higher),DPA,10,4th style,4,82.60,99.22,81.43,0.00,11.09,0.00
CT_ID0024,S000019,starmine,DPA,12,4th style,4,99.77,97.57,118.61,0.00,24.98,0.00
CT_ID0025,S000020,SWEET LAB,DPH,10,4th style,4,68.59,56.75,81.42,0.00,64.27,0.00
CT_ID0026,S000020,SWEET LAB,DPA,12,4th style,4,73.17,65.91,88.57,0.00,68.80,0.00
CT_ID0027,S000021,Voltage (feat. Hidemaru),DPH,11,4th style,4,98.55,100.90,103.48,0.00,22.78,161.57
CT_ID0028,S000024,in my eyes,DPA,10,5th style,5,90.57,92.05,91.43,0.00,3.83,0.00
CT_ID0029,S000025,outer wall,DPA,10,5th style,5,85.43,75.31,78.58,0.00,59.80,0.00
CT_ID0030,S000026,QQQ,DPN,10,5th style,5,86.45,82.93,78.57,0.00,65.10,0.00
CT_ID0031,S000026,QQQ,DPH,12,5th style,5,115.12,107.26,103.48,0.00,72.05,0.00
CT_ID0032,S000027,Radical Faith,DPA,10,5th style,5,101.94,95.34,98.57,0.00,49.48,0.00
CT_ID0033,S000027,Radical Faith,DPH,11,5th style,5,107.46,103.76,104.65,0.00,22.20,0.00
CT_ID0034,S000028,Real,DPA,11,5th style,5,90.35,104.37,126.76,0.00,9.43,0.00
CT_ID0035,S000029,Regulus,DPH,10,5th style,5,69.53,40.97,74.29,0.00,68.02,36.86
CT_ID0036,S000029,Regulus,DPA,11,5th style,5,92.00,78.45,103.49,0.00,17.96,51.12
CT_ID0037,S000030,Spin the disc,DPH,10,5th style,5,91.91,80.61,82.85,0.00,36.41,0.00
CT_ID0038,S000031,STILL IN MY HEART,DPA,11,5th style,5,125.63,115.76,127.91,0.00,7.19,0.00
CT_ID0039,S000032,sync,DPA,11,5th style,5,97.36,67.42,103.48,0.00,2.99,0.00
CT_ID0040,S000033,THE CUBE,DPA,11,5th style,5,96.89,106.26,113.95,0.00,15.53,0.00
CT_ID0041,S000034,V,DPH,10,5th style,5,106.98,101.13,102.32,0.00,18.88,0.00
CT_ID0042,S000034,V,DPA,11,5th style,5,116.52,114.52,141.88,0.00,21.17,0.00
CT_ID0043,S000036,19，November,DPA,10,6th style,6,83.07,75.33,87.15,0.00,50.20,0.00
CT_ID0044,S000037,Blueberry Stream,DPA,10,6th style,6,78.66,69.06,100.00,0.00,22.88,0.00
CT_ID0045,S000038,Buffalo,DPA,10,6th style,6,87.67,57.40,84.28,0.00,92.23,0.00
CT_ID0046,S000039,Colors (radio edit),DPH,10,6th style,6,88.06,45.07,103.48,0.00,10.11,0.00
CT_ID0047,S000039,Colors (radio edit),DPA,12,6th style,6,100.59,75.13,132.56,0.00,9.52,0.00
CT_ID0048,S000040,DIVE ～INTO YOUR HEART～,DPA,10,6th style,6,85.14,87.88,124.41,0.00,29.19,0.00
CT_ID0049,S000041,fly through the night,DPA,10,6th style,6,80.63,75.00,108.14,0.00,11.59,0.00
CT_ID0050,S000042,G2,DPA,12,6th style,6,110.12,102.56,120.95,0.00,24.85,0.00
CT_ID0051,S000043,L'amour et la liberte,DPA,10,6th style,6,0.00,0.00,0.00,0.00,0.00,0.00
CT_ID0052,S000044,Linus,DPA,11,6th style,6,104.36,111.20,113.96,0.00,11.51,118.45
CT_ID0053,S000045,NEMESIS,DPH,10,6th style,6,76.40,62.18,104.65,0.00,30.20,0.00
CT_ID0054,S000045,NEMESIS,DPA,12,6th style,6,107.18,118.08,131.39,0.00,42.99,0.00
CT_ID0055,S000046,route 80s,DPH,11,6th style,6,77.84,66.73,75.71,0.00,105.17,0.00
CT_ID0056,S000046,route 80s,DPA,12,6th style,6,91.60,93.90,108.14,0.00,86.95,0.00
CT_ID0057,S000047,SOMETHING WONDERFUL,DPA,11,6th style,6,79.33,59.31,90.00,15.17,17.62,0.00
CT_ID0058,S000048,Summer Vacation(CU mix),DPH,12,6th style,6,122.61,102.43,101.17,0.00,42.89,0.00
CT_ID0059,S000049,Take It Easy,DPH,11,6th style,6,103.27,108.49,103.48,0.00,9.60,0.00
CT_ID0060,S000050,VJ ARMY,DPA,10,6th style,6,98.04,70.62,88.57,0.00,14.17,72.51
CT_ID0061,S000051,こっちを向いてよ,DPA,11,6th style,6,96.33,81.47,106.98,0.00,13.32,0.00
CT_ID0062,S000052,A,DPH,11,7th style,7,85.86,84.69,87.14,0.00,15.39,61.67
CT_ID0063,S000052,A,DPA,12,7th style,7,103.18,116.07,105.81,0.00,13.68,65.55
CT_ID0064,S000053,AVE DE RAPINA,DPH,10,7th style,7,89.91,63.20,90.00,0.00,13.80,0.00
CT_ID0065,S000054,Cheer Train,DPA,12,7th style,7,114.82,111.20,102.33,0.00,66.88,0.00
CT_ID0066,S000055,foreplay,DPA,11,7th style,7,114.05,69.58,112.80,0.00,5.16,0.00
CT_ID0067,S000056,Happy Wedding,DPA,10,7th style,7,81.76,40.73,98.58,0.00,26.91,0.00
CT_ID0068,S000057,Last Message,DPH,10,7th style,7,73.71,51.33,80.00,0.00,20.49,0.00
CT_ID0069,S000057,Last Message,DPA,11,7th style,7,109.86,101.43,100.00,0.00,32.21,0.00
CT_ID0070,S000058,MAX 300,DPH,10,7th style,7,103.76,82.82,105.81,0.00,33.69,43.44
CT_ID0071,S000058,MAX 300,DPA,12,7th style,7,0.00,0.00,176.66,0.00,0.00,0.00
CT_ID0072,S000059,Spica,DPA,12,7th style,7,104.30,74.56,139.55,0.00,7.72,0.00
CT_ID0073,S000060,stoic,DPH,10,7th style,7,94.09,58.67,74.28,0.00,11.79,0.00
CT_ID0074,S000060,stoic,DPA,12,7th style,7,126.11,105.95,102.33,0.00,19.86,0.00
CT_ID0075,S000061,Tomorrow Perfume,DPH,10,7th style,7,95.76,76.65,94.28,0.00,10.56,0.00
CT_ID0076,S000061,Tomorrow Perfume,DPA,11,7th style,7,103.74,95.33,105.80,0.00,9.97,0.00
CT_ID0077,S000062,traces,DPA,10,7th style,7,85.91,61.67,87.15,0.00,8.94,0.00
CT_ID0078,S000063,ZERO-ONE,DPA,10,7th style,7,115.43,58.28,94.28,0.00,14.59,0.00
CT_ID0079,S000064,革命,DPH,12,7th style,7,107.81,51.23,102.33,0.00,29.06,104.84
CT_ID0080,S000064,革命,DPA,12,7th style,7,125.56,96.59,103.48,0.00,29.05,104.82
CT_ID0081,S000065,ALL RIGHT,DPA,10,8th style,8,74.78,66.28,105.82,0.00,20.67,0.00
CT_ID0082,S000066,Blame,DPA,10,8th style,8,100.95,78.86,88.57,0.00,24.42,0.00
CT_ID0083,S000067,Colors -Y&Co. Eurobeat Remix-,DPH,10,8th style,8,80.87,49.38,75.71,0.00,9.57,0.00
CT_ID0084,S000067,Colors -Y&Co. Eurobeat Remix-,DPA,10,8th style,8,83.30,55.89,75.71,0.00,9.56,0.00
CT_ID0085,S000068,Giudecca,DPH,10,8th style,8,93.48,24.75,98.58,0.00,15.99,0.00
CT_ID0086,S000068,Giudecca,DPA,11,8th style,8,115.84,55.69,105.80,0.00,28.90,0.00
CT_ID0087,S000069,Halfway of promise,DPA,10,8th style,8,94.72,109.75,82.86,0.00,115.10,0.00
CT_ID0088,S000070,HYPER BOUNDARY GATE,DPA,10,8th style,8,88.16,41.66,74.29,0.00,1.76,0.00
CT_ID0089,S000071,LAB,DPH,10,8th style,8,87.05,50.71,87.14,0.00,9.56,0.00
CT_ID0090,S000071,LAB,DPA,11,8th style,8,108.05,91.08,91.43,0.00,40.81,0.00
CT_ID0091,S000072,Luv 2 Feel Your Body,DPA,10,8th style,8,83.88,77.10,98.58,0.00,9.89,0.00
CT_ID0092,S000073,memories,DPH,10,8th style,8,89.91,64.66,80.01,0.00,17.26,0.00
CT_ID0093,S000073,memories,DPA,11,8th style,8,102.17,91.55,103.49,0.00,22.02,0.00
CT_ID0094,S000074,murmur twins,DPH,10,8th style,8,73.93,45.49,72.85,0.00,49.31,0.00
CT_ID0095,S000074,murmur twins,DPA,12,8th style,8,95.05,64.83,88.57,0.00,21.39,0.00
CT_ID0096,S000075,PLEASE DON'T GO,DPA,10,8th style,8,96.25,82.57,90.01,0.00,28.28,0.00
CT_ID0097,S000076,rainbow flyer,DPH,10,8th style,8,71.24,43.77,90.01,0.00,15.34,0.00
CT_ID0098,S000076,rainbow flyer,DPA,11,8th style,8,89.30,87.68,111.62,0.00,14.78,0.00
CT_ID0099,S000077,symbolic,DPH,10,8th style,8,91.71,75.17,95.72,0.00,34.29,0.00
CT_ID0100,S000078,thunder,DPA,11,8th style,8,88.57,75.82,92.86,0.00,11.68,0.00
CT_ID0101,S000079,WAR GAME,DPA,10,8th style,8,80.20,98.86,100.00,0.00,108.92,0.00
CT_ID0102,S000080,xenon,DPA,11,8th style,8,124.79,81.44,100.00,0.00,30.02,0.00
CT_ID0103,S000081,桜,DPH,10,8th style,8,78.15,54.79,82.85,0.00,46.08,147.04
CT_ID0104,S000081,桜,DPA,12,8th style,8,99.90,101.33,109.31,0.00,47.48,151.05
CT_ID0105,S000083,Abyss -The Heavens Remix-,DPA,10,9th style,9,92.07,79.46,81.42,0.00,34.13,0.00
CT_ID0106,S000084,ACT,DPA,10,9th style,9,87.33,71.68,92.85,0.00,5.80,0.00
CT_ID0107,S000085,ADVANCE,DPA,10,9th style,9,0.00,0.00,0.00,0.00,0.00,0.00
CT_ID0108,S000086,bag,DPA,10,9th style,9,104.65,96.16,97.14,0.00,23.51,0.00
CT_ID0109,S000087,BRIGHTNESS DARKNESS,DPA,10,9th style,9,83.28,86.08,91.42,0.00,17.59,0.00
CT_ID0110,S000088,Cradle,DPH,10,9th style,9,67.56,61.23,85.72,0.00,32.02,0.00
CT_ID0111,S000089,Distress,DPH,11,9th style,9,99.67,103.24,103.48,0.00,11.80,0.00
CT_ID0112,S000090,e-motion 2003  -romantic extra-,DPH,10,9th style,9,72.84,44.61,82.86,0.00,8.29,0.00
CT_ID0113,S000091,fun,DPA,10,9th style,9,90.60,82.08,98.58,0.00,33.28,121.86
CT_ID0114,S000092,Golden Horn,DPA,11,9th style,9,71.95,37.94,102.33,0.00,4.38,0.00
CT_ID0115,S000093,Karma,DPH,11,9th style,9,91.52,99.53,100.00,0.00,13.16,0.00
CT_ID0116,S000093,Karma,DPA,12,9th style,9,119.37,114.76,125.59,0.00,17.38,0.00
CT_ID0117,S000094,lights,DPA,10,9th style,9,73.51,57.22,94.28,0.00,10.42,0.00
CT_ID0118,S000095,Logic Board,DPA,12,9th style,9,0.00,0.00,0.00,0.00,0.00,0.00
CT_ID0119,S000096,lower world,DPH,10,9th style,9,72.52,46.88,97.14,0.00,12.63,0.00
CT_ID0120,S000096,lower world,DPA,12,9th style,9,92.70,88.20,117.44,0.00,13.72,0.00
CT_ID0121,S000097,Make A Difference,DPA,10,9th style,9,96.31,104.09,101.16,0.00,26.19,0.00
CT_ID0122,S000098,moon_child,DPH,11,9th style,9,80.28,52.22,102.33,0.00,22.74,35.63
CT_ID0123,S000098,moon_child,DPA,12,9th style,9,128.21,148.95,137.20,0.00,29.56,35.90
CT_ID0124,S000099,one or eight,DPA,10,9th style,9,109.81,85.58,105.81,0.00,80.56,0.00
CT_ID0125,S000100,PARANOIA survivor MAX,DPA,10,9th style,9,0.00,0.00,0.00,0.00,0.00,177.64
CT_ID0126,S000101,quasar,DPH,11,9th style,9,81.98,81.98,98.58,0.00,10.37,0.00
CT_ID0127,S000101,quasar,DPA,12,9th style,9,122.09,129.56,148.83,0.00,13.26,0.00
CT_ID0128,S000102,Quickening,DPA,10,9th style,9,98.03,84.14,88.58,0.00,15.33,0.00
CT_ID0129,S000103,Really Love,DPH,10,9th style,9,67.64,43.25,77.15,0.00,112.13,0.00
CT_ID0130,S000104,RISLIM -Remix-,DPA,12,9th style,9,103.30,111.12,136.05,0.00,38.62,0.00
CT_ID0131,S000105,rottel-the-Mercury,DPA,11,9th style,9,97.67,112.73,98.58,0.00,32.05,0.00
CT_ID0132,S000106,Silvia Drive,DPH,10,9th style,9,80.15,68.69,87.14,0.00,15.73,0.00
CT_ID0133,S000106,Silvia Drive,DPA,11,9th style,9,116.20,111.67,102.32,0.00,15.73,0.00
CT_ID0134,S000107,SNOW,DPA,10,9th style,9,91.21,79.28,100.00,0.00,5.23,0.00
CT_ID0135,S000108,Sweet Sweet Magic,DPA,11,9th style,9,110.28,86.50,92.85,0.00,25.53,0.00
CT_ID0136,S000109,SWEETEST SAVAGE,DPA,11,9th style,9,83.18,78.55,90.00,0.00,108.52,0.00
CT_ID0137,S000110,真夏の花・真夏の夢,DPA,10,9th style,9,78.21,78.59,101.17,113.69,24.78,0.00
CT_ID0138,S000111,1st Samurai,DPH,10,10th style,10,88.76,42.04,79.98,0.00,38.93,14.97
CT_ID0139,S000111,1st Samurai,DPA,12,10th style,10,128.19,112.21,106.96,0.00,62.29,18.68
CT_ID0140,S000112,ALIEN TEMPLE,DPA,10,10th style,10,83.97,98.60,82.85,0.00,7.47,0.00
CT_ID0141,S000113,ASTRAL VOYAGE,DPA,10,10th style,10,88.41,79.05,91.42,0.00,7.85,0.00
CT_ID0142,S000114,BABY LOVE,DPA,11,10th style,10,90.61,101.14,94.29,0.00,37.17,0.00
CT_ID0143,S000115,Back Into The Light,DPA,10,10th style,10,96.99,68.27,87.14,0.00,4.34,0.00
CT_ID0144,S000116,CARRY ON NIGHT (English version),DPA,10,10th style,10,89.44,98.09,94.29,0.00,14.66,0.00
CT_ID0145,S000117,Daisuke,DPA,11,10th style,10,96.18,88.94,94.28,0.00,14.19,0.00
CT_ID0146,S000118,Debtty Daddy,DPA,11,10th style,10,121.04,119.46,103.48,0.00,32.23,0.00
CT_ID0147,S000119,Feedback,DPH,10,10th style,10,67.39,36.49,77.14,0.00,56.75,0.00
CT_ID0148,S000119,Feedback,DPA,10,10th style,10,79.14,53.18,74.29,0.00,80.65,0.00
CT_ID0149,S000120,FEEL IT,DPA,10,10th style,10,97.53,95.19,120.94,0.00,2.58,0.00
CT_ID0150,S000121,Freezing atmosphere,DPA,10,10th style,10,0.00,0.00,0.00,0.00,0.00,0.00
CT_ID0151,S000122,GHOST REVIVAL,DPA,12,10th style,10,108.84,78.09,150.00,0.00,23.45,0.00
CT_ID0152,S000123,GRADIUS -FULL SPEED-,DPA,11,10th style,10,87.13,63.56,105.82,0.00,3.62,120.81
CT_ID0153,S000124,HIGH,DPA,10,10th style,10,108.78,115.09,108.14,0.00,6.53,0.00
CT_ID0154,S000125,Innocent Walls,DPH,10,10th style,10,90.76,62.00,101.16,0.00,58.55,0.00
CT_ID0155,S000125,Innocent Walls,DPA,12,10th style,10,124.58,119.64,140.69,0.00,57.36,0.00
CT_ID0156,S000126,Love Is Eternity,DPH,10,10th style,10,77.64,25.70,71.42,0.00,15.54,0.00
CT_ID0157,S000126,Love Is Eternity,DPA,12,10th style,10,106.21,87.46,115.12,0.00,16.65,0.00
CT_ID0158,S000127,Lucy,DPH,10,10th style,10,71.83,53.92,75.71,0.00,9.40,0.00
CT_ID0159,S000128,Narcissus At Oasis,DPH,10,10th style,10,62.50,41.87,81.42,0.00,13.85,0.00
CT_ID0160,S000128,Narcissus At Oasis,DPA,11,10th style,10,67.29,53.32,97.14,0.00,10.84,0.00
CT_ID0161,S000129,No.13,DPH,10,10th style,10,96.08,47.52,75.72,0.00,45.16,0.00
CT_ID0162,S000129,No.13,DPA,12,10th style,10,134.21,107.40,122.10,0.00,21.07,0.00
CT_ID0163,S000130,One More Lovely,DPH,10,10th style,10,74.28,55.36,84.28,0.00,29.44,0.00
CT_ID0164,S000130,One More Lovely,DPA,12,10th style,10,137.04,91.66,132.55,0.00,20.05,0.00
CT_ID0165,S000131,pandora,DPA,11,10th style,10,82.23,57.20,108.14,0.00,12.92,0.00
CT_ID0166,S000132,rainbow rainbow,DPA,11,10th style,10,118.92,118.78,112.81,0.00,24.44,0.00
CT_ID0167,S000133,Rise'n Beauty,DPH,10,10th style,10,67.84,37.31,67.14,0.00,3.42,0.00
CT_ID0168,S000133,Rise'n Beauty,DPA,11,10th style,10,89.15,79.19,82.85,0.00,3.41,0.00
CT_ID0169,S000134,SCORE,DPA,10,10th style,10,91.15,104.83,82.85,0.00,36.76,0.00
CT_ID0170,S000135,SHOOTING STAR,DPA,11,10th style,10,93.06,96.21,100.00,0.00,15.24,0.00
CT_ID0171,S000136,SPACE FIGHT,DPA,11,10th style,10,105.41,111.70,112.79,0.00,28.23,0.00
CT_ID0172,S000137,雪月花,DPH,10,10th style,10,96.87,81.55,97.15,0.00,41.81,0.00
CT_ID0173,S000137,雪月花,DPA,12,10th style,10,119.31,111.15,115.12,0.00,34.32,0.00
CT_ID0174,S000138,AA,DPA,12,IIDX RED,11,142.83,121.90,127.90,0.00,11.45,0.00
CT_ID0175,S000139,ANDROMEDA,DPA,11,IIDX RED,11,114.07,86.76,105.82,0.00,7.53,0.00
CT_ID0176,S000140,Be quiet,DPA,11,IIDX RED,11,86.84,76.12,103.49,0.00,31.18,0.00
CT_ID0177,S000141,BLOCKS,DPA,12,IIDX RED,11,95.83,74.96,122.09,0.00,5.68,0.00
CT_ID0178,S000142,BREATH,DPA,10,IIDX RED,11,87.92,79.54,111.63,0.00,35.12,0.00
CT_ID0179,S000143,Click Again,DPA,10,IIDX RED,11,86.40,83.27,82.84,0.00,54.36,0.00
CT_ID0180,S000144,Close my Eyes for Me,DPA,11,IIDX RED,11,82.14,86.14,94.28,0.00,128.46,39.35
CT_ID0181,S000145,Don't be afraid myself,DPA,10,IIDX RED,11,0.00,0.00,0.00,0.00,0.00,0.00
CT_ID0182,S000146,FAKE TIME,DPH,12,IIDX RED,11,80.95,48.93,104.66,0.00,14.36,0.00
CT_ID0183,S000146,FAKE TIME,DPA,12,IIDX RED,11,108.83,100.61,116.28,0.00,6.84,0.00
CT_ID0184,S000147,GENOCIDE,DPH,12,IIDX RED,11,120.37,79.24,117.44,0.00,44.01,0.00
CT_ID0185,S000147,GENOCIDE,DPA,12,IIDX RED,11,145.53,108.77,125.58,0.00,44.01,0.00
CT_ID0186,S000148,gigadelic,DPN,10,IIDX RED,11,56.11,37.94,72.86,0.00,26.53,0.00
CT_ID0187,S000148,gigadelic,DPH,12,IIDX RED,11,82.61,59.46,118.61,0.00,23.77,0.00
CT_ID0188,S000148,gigadelic,DPA,12,IIDX RED,11,100.00,98.53,120.94,0.00,23.76,0.00
CT_ID0189,S000149,KEY,DPA,11,IIDX RED,11,111.04,111.88,100.00,0.00,20.54,0.00
CT_ID0190,S000150,NEBULA GRASPER,DPA,11,IIDX RED,11,91.94,41.03,88.57,0.00,24.24,1.06
CT_ID0191,S000151,Raspberry Heart(English version),DPA,10,IIDX RED,11,0.00,0.00,0.00,0.00,0.00,0.00
CT_ID0192,S000152,RED ZONE,DPA,11,IIDX RED,11,110.46,90.61,105.81,0.00,24.55,0.00
CT_ID0193,S000153,RESONATE 1794,DPH,11,IIDX RED,11,56.10,20.36,70.00,0.00,27.46,0.00
CT_ID0194,S000154,SPEEDY CAT,DPA,10,IIDX RED,11,80.98,53.11,81.43,0.00,21.52,0.00
CT_ID0195,S000155,Sphere,DPA,12,IIDX RED,11,100.00,94.64,106.98,0.00,58.05,0.00
CT_ID0196,S000156,spiral galaxy,DPA,10,IIDX RED,11,84.66,36.12,90.01,0.00,24.84,0.00
CT_ID0197,S000157,The Hope of Tomorrow,DPA,10,IIDX RED,11,76.08,50.14,104.66,0.00,6.85,0.00
CT_ID0198,S000158,Wonder Bullfighter,DPA,10,IIDX RED,11,83.70,77.65,82.85,0.00,123.50,0.00
CT_ID0199,S000159,ピアノ協奏曲第１番”蠍火”,DPH,10,IIDX RED,11,76.93,40.83,101.16,0.00,6.09,143.70
CT_ID0200,S000159,ピアノ協奏曲第１番”蠍火”,DPA,12,IIDX RED,11,130.27,140.67,164.60,0.00,1.10,165.23
CT_ID0201,S000161,100％ minimoo-G,DPH,10,HAPPY SKY,12,70.92,20.00,72.86,0.00,67.14,0.00
CT_ID0202,S000161,100％ minimoo-G,DPA,11,HAPPY SKY,12,115.72,101.55,116.27,0.00,38.10,0.00
CT_ID0203,S000162,Agnus Dei,DPA,11,HAPPY SKY,12,91.38,76.67,94.29,0.00,57.48,97.40
CT_ID0204,S000163,alla turca con passione,DPA,10,HAPPY SKY,12,86.62,82.51,81.43,0.00,14.00,0.00
CT_ID0205,S000164,Aurora,DPH,10,HAPPY SKY,12,85.70,64.13,87.15,0.00,32.96,0.00
CT_ID0206,S000164,Aurora,DPA,11,HAPPY SKY,12,100.08,83.94,106.98,0.00,26.85,0.00
CT_ID0207,S000165,CaptivAte～浄化～,DPA,11,HAPPY SKY,12,91.12,113.70,94.29,0.00,55.90,0.00
CT_ID0208,S000166,Catch Me,DPA,10,HAPPY SKY,12,80.14,78.84,75.71,0.00,89.75,0.00
CT_ID0209,S000167,Don't let it go,DPA,10,HAPPY SKY,12,80.31,54.37,81.43,0.00,27.31,0.00
CT_ID0210,S000168,double thrash,DPH,10,HAPPY SKY,12,82.02,42.84,80.00,0.00,36.62,0.00
CT_ID0211,S000169,EDEN,DPA,10,HAPPY SKY,12,108.64,115.45,92.85,0.00,30.38,0.00
CT_ID0212,S000170,First Resolution,DPA,10,HAPPY SKY,12,92.55,78.57,82.85,0.00,37.66,0.00
CT_ID0213,S000171,garden,DPA,12,HAPPY SKY,12,105.86,132.93,108.13,0.00,53.40,0.00
CT_ID0214,S000172,GREEN EYES,DPA,11,HAPPY SKY,12,92.15,68.62,92.86,0.00,16.45,0.00
CT_ID0215,S000173,HAPPY☆ANGEL,DPA,10,HAPPY SKY,12,92.13,88.16,87.15,0.00,68.88,0.00
CT_ID0216,S000174,INAZUMA,DPA,12,HAPPY SKY,12,129.09,116.36,124.41,0.00,21.41,0.00
CT_ID0217,S000175,LESSON 5,DPA,11,HAPPY SKY,12,111.01,120.92,100.00,0.00,14.51,0.00
CT_ID0218,S000176,Little Little Princess,DPH,10,HAPPY SKY,12,89.85,70.10,80.01,0.00,25.08,28.95
CT_ID0219,S000176,Little Little Princess,DPA,11,HAPPY SKY,12,124.47,123.15,105.82,0.00,17.09,39.60
CT_ID0220,S000177,MOON RACE,DPH,10,HAPPY SKY,12,49.60,3.19,57.14,0.00,8.62,0.00
CT_ID0221,S000178,POODLE,DPA,11,HAPPY SKY,12,114.90,118.44,103.49,0.00,17.13,0.00
CT_ID0222,S000179,rage against usual,DPH,10,HAPPY SKY,12,83.32,54.12,92.85,0.00,34.35,0.00
CT_ID0223,S000179,rage against usual,DPA,11,HAPPY SKY,12,93.66,82.31,97.15,0.00,47.52,0.00
CT_ID0224,S000180,SCREAM SQUAD,DPH,10,HAPPY SKY,12,74.56,36.93,84.28,0.00,44.93,0.00
CT_ID0225,S000180,SCREAM SQUAD,DPA,12,HAPPY SKY,12,92.61,59.96,106.97,0.00,116.91,0.00
CT_ID0226,S000181,Scripted Connection⇒ A mix,DPH,10,HAPPY SKY,12,99.05,56.95,88.58,0.00,20.28,0.00
CT_ID0227,S000181,Scripted Connection⇒ A mix,DPA,11,HAPPY SKY,12,108.19,74.16,95.71,0.00,24.93,0.00
CT_ID0228,S000182,Scripted Connection⇒ H mix,DPH,10,HAPPY SKY,12,84.45,25.01,80.00,0.00,28.72,0.00
CT_ID0229,S000182,Scripted Connection⇒ H mix,DPA,11,HAPPY SKY,12,115.37,77.95,102.32,0.00,25.59,0.00
CT_ID0230,S000183,Scripted Connection⇒ N mix,DPA,10,HAPPY SKY,12,99.07,86.32,100.00,0.00,34.32,0.00
CT_ID0231,S000184,SigSig,DPA,11,HAPPY SKY,12,97.34,103.09,90.00,0.00,45.37,0.00
CT_ID0232,S000185,Tizona d'El Cid,DPH,10,HAPPY SKY,12,76.52,56.60,77.14,0.00,7.38,0.00
CT_ID0233,S000186,Votum stellarum,DPH,11,HAPPY SKY,12,73.02,41.41,100.00,0.00,17.98,0.00
CT_ID0234,S000187,Xepher,DPH,10,HAPPY SKY,12,85.25,44.69,84.28,0.00,27.33,0.00
CT_ID0235,S000187,Xepher,DPA,11,HAPPY SKY,12,119.39,97.60,103.48,0.00,31.18,0.00
CT_ID0236,S000188,ラクエン,DPA,11,HAPPY SKY,12,80.34,71.18,87.14,0.00,137.05,66.35
CT_ID0237,S000189,月光,DPA,10,HAPPY SKY,12,97.28,102.37,102.33,0.00,28.90,0.00
CT_ID0238,S000190,合体せよ！ストロングイェーガー！！ (Ryu☆ remix),DPA,11,HAPPY SKY,12,76.39,74.15,104.65,0.00,19.42,0.00
CT_ID0239,S000191,冥,DPH,11,HAPPY SKY,12,81.45,24.09,81.41,0.00,33.43,158.45
CT_ID0240,S000191,冥,DPA,12,HAPPY SKY,12,149.49,141.76,172.92,0.00,4.93,182.53
CT_ID0241,S000194,ALFARSHEAR 双神威に廻る夢,DPA,10,DistorteD,13,89.08,82.99,100.00,0.00,25.37,0.00
CT_ID0242,S000195,Apocalypse ～dirge of swans～,DPA,11,DistorteD,13,95.06,109.49,116.28,0.00,24.47,0.00
CT_ID0243,S000196,Bloody Tears(IIDX EDITION),DPH,10,DistorteD,13,87.00,77.13,84.29,0.00,52.52,0.00
CT_ID0244,S000196,Bloody Tears(IIDX EDITION),DPA,11,DistorteD,13,110.76,120.59,120.95,0.00,64.05,0.00
CT_ID0245,S000197,BOOM BOOM DISCO NIGHT,DPA,10,DistorteD,13,90.25,51.41,84.28,0.00,32.11,0.00
CT_ID0246,S000198,Broadbanded,DPH,10,DistorteD,13,56.64,15.79,71.43,0.00,16.78,0.00
CT_ID0247,S000198,Broadbanded,DPA,11,DistorteD,13,70.04,50.84,70.00,0.00,17.93,0.00
CT_ID0248,S000199,Concertino in Blue,DPH,10,DistorteD,13,91.81,66.46,103.48,0.00,49.11,153.41
CT_ID0249,S000199,Concertino in Blue,DPA,12,DistorteD,13,135.99,130.39,137.21,0.00,61.75,166.97
CT_ID0250,S000200,CONTRACT,DPH,10,DistorteD,13,78.15,43.25,77.14,0.00,42.04,0.00
CT_ID0251,S000200,CONTRACT,DPA,12,DistorteD,13,95.86,49.00,97.15,0.00,51.54,0.00
CT_ID0252,S000201,D.C.fish,DPA,11,DistorteD,13,97.76,90.04,119.76,0.00,20.10,0.00
CT_ID0253,S000202,DEEP ROAR,DPA,11,DistorteD,13,113.69,115.24,112.80,0.00,23.19,0.00
CT_ID0254,S000203,Double Loving Heart,DPA,10,DistorteD,13,86.54,104.56,80.00,0.00,25.10,0.00
CT_ID0255,S000204,DUE TOMORROW,DPH,10,DistorteD,13,74.58,9.80,92.86,0.00,35.02,19.79
CT_ID0256,S000204,DUE TOMORROW,DPA,12,DistorteD,13,147.31,115.68,166.66,0.00,30.82,0.00
CT_ID0257,S000205,EURO-ROMANCE,DPA,11,DistorteD,13,103.56,128.60,105.82,0.00,40.58,0.00
CT_ID0258,S000206,Ganymede,DPH,11,DistorteD,13,70.22,62.43,92.86,0.00,9.31,36.57
CT_ID0259,S000206,Ganymede,DPA,12,DistorteD,13,100.67,95.77,111.64,0.00,7.12,36.58
CT_ID0260,S000207,Harmony and Lovely,DPA,11,DistorteD,13,90.58,69.65,103.48,0.00,2.39,0.00
CT_ID0261,S000208,Heavenly Sun (IIDX VERSION),DPA,10,DistorteD,13,83.96,47.18,80.00,0.00,1.76,0.00
CT_ID0262,S000209,INFERNO,DPA,10,DistorteD,13,87.27,81.87,82.85,0.00,23.16,0.00
CT_ID0263,S000210,Leaving...,DPA,10,DistorteD,13,92.94,98.99,109.30,0.00,23.59,0.00
CT_ID0264,S000211,MINT,DPH,10,DistorteD,13,92.48,59.50,91.42,0.00,16.68,0.00
CT_ID0265,S000211,MINT,DPA,12,DistorteD,13,119.46,101.59,106.96,0.00,18.18,0.00
CT_ID0266,S000212,MOON,DPH,10,DistorteD,13,81.87,72.00,78.57,0.00,30.76,0.00
CT_ID0267,S000213,Power of Love,DPA,10,DistorteD,13,81.19,62.70,78.57,0.00,9.06,0.00
CT_ID0268,S000214,So Fabulous !!,DPA,11,DistorteD,13,96.62,89.00,141.86,0.00,5.32,0.00
CT_ID0269,S000215,Sun Field,DPA,11,DistorteD,13,103.86,88.25,90.01,0.00,61.21,0.00
CT_ID0270,S000216,The Dirty of Loudness,DPH,10,DistorteD,13,103.14,92.37,146.52,0.00,19.78,0.00
CT_ID0271,S000216,The Dirty of Loudness,DPA,10,DistorteD,13,109.54,105.17,180.00,0.00,19.77,0.00
CT_ID0272,S000217,tripping contact(teranoid&MC Natsack Remix),DPH,10,DistorteD,13,0.00,0.00,0.00,0.00,0.00,0.00
CT_ID0273,S000217,tripping contact(teranoid&MC Natsack Remix),DPA,12,DistorteD,13,110.52,109.28,111.63,0.00,20.33,0.00
CT_ID0274,S000218,TYPE MARS(G-Style Mix),DPH,10,DistorteD,13,78.84,19.67,84.29,0.00,21.88,0.00
CT_ID0275,S000219,waxing and wanding,DPH,10,DistorteD,13,79.48,64.77,95.71,0.00,25.05,0.00
CT_ID0276,S000219,waxing and wanding,DPA,11,DistorteD,13,115.70,119.85,126.74,0.00,15.28,0.00
CT_ID0277,S000220,Why did you go away,DPA,11,DistorteD,13,94.53,75.04,87.15,0.00,44.00,0.00
CT_ID0278,S000221,with you…,DPA,11,DistorteD,13,102.39,108.64,85.71,0.00,2.29,0.00
CT_ID0279,S000222,Zenius -I- vanisher,DPA,11,DistorteD,13,89.97,72.14,94.28,0.00,17.16,0.00
CT_ID0280,S000223,カゴノトリ～弐式～,DPA,12,DistorteD,13,130.57,137.85,164.58,0.00,15.75,0.00
CT_ID0281,S000224,タシカナモノ,DPA,10,DistorteD,13,92.36,108.14,91.43,0.00,28.22,0.00
CT_ID0282,S000225,華蝶風雪,DPH,10,DistorteD,13,80.58,56.80,81.42,0.00,24.15,0.00
CT_ID0283,S000225,華蝶風雪,DPA,12,DistorteD,13,115.22,113.19,94.29,0.00,25.87,0.00
CT_ID0284,S000226,嘆きの樹,DPH,11,DistorteD,13,97.76,69.45,95.71,0.00,24.36,0.00
CT_ID0285,S000226,嘆きの樹,DPA,12,DistorteD,13,155.14,164.85,148.83,0.00,10.20,0.00
CT_ID0286,S000227,2hot2eat,DPA,10,GOLD,14,77.79,46.98,105.81,0.00,15.34,115.63
CT_ID0287,S000228,ANDROMEDA II,DPH,10,GOLD,14,88.02,30.20,88.57,0.00,12.06,0.00
CT_ID0288,S000229,Blind Justice ～Torn souls， Hurt Faiths ～,DPA,10,GOLD,14,82.96,79.33,100.00,0.00,14.67,0.00
CT_ID0289,S000230,Candy Galy,DPA,12,GOLD,14,104.78,80.93,100.00,0.00,42.08,0.00
CT_ID0290,S000231,CaptivAte～裁き～,DPA,11,GOLD,14,104.11,99.93,108.12,0.00,47.30,0.00
CT_ID0291,S000232,CaptivAte～誓い～,DPA,11,GOLD,14,99.50,98.61,112.80,0.00,20.17,0.00
CT_ID0292,S000233,CROSSROAD ～Left Story～,DPA,10,GOLD,14,90.26,97.18,85.71,0.00,42.92,0.00
CT_ID0293,S000234,Fascination MAXX,DPH,10,GOLD,14,76.00,60.07,78.57,0.00,19.84,183.76
CT_ID0294,S000234,Fascination MAXX,DPA,12,GOLD,14,107.81,92.20,106.99,0.00,19.15,195.17
CT_ID0295,S000235,FIRE FIRE,DPA,11,GOLD,14,88.39,81.45,102.32,0.00,108.58,0.00
CT_ID0296,S000236,GOLD RUSH,DPA,10,GOLD,14,119.17,120.45,113.95,0.00,43.77,0.00
CT_ID0297,S000237,GRID KNIGHT,DPA,10,GOLD,14,105.49,116.32,106.97,0.00,33.05,0.00
CT_ID0298,S000238,INORI,DPA,12,GOLD,14,116.28,92.76,112.79,0.00,15.89,0.00
CT_ID0299,S000239,KAMAITACHI,DPH,10,GOLD,14,107.26,72.95,106.98,0.00,67.27,0.00
CT_ID0300,S000239,KAMAITACHI,DPA,12,GOLD,14,134.51,113.73,126.74,0.00,81.55,0.00
CT_ID0301,S000240,LASER CRUSTER,DPH,11,GOLD,14,101.90,68.17,94.29,0.00,44.04,0.00
CT_ID0302,S000240,LASER CRUSTER,DPA,12,GOLD,14,141.32,118.15,118.60,0.00,29.55,0.00
CT_ID0303,S000241,Make Me Your Own,DPA,11,GOLD,14,89.33,103.32,108.14,0.00,76.18,0.00
CT_ID0304,S000242,op.31 叙情,DPH,11,GOLD,14,59.27,35.02,0.00,0.00,16.66,187.51
CT_ID0305,S000242,op.31 叙情,DPA,12,GOLD,14,71.22,61.56,103.49,0.00,16.66,194.33
CT_ID0306,S000243,PHOTONGENIC,DPA,11,GOLD,14,113.41,120.38,119.76,0.00,10.70,0.00
CT_ID0307,S000244,Roulette,DPA,10,GOLD,14,87.23,73.92,81.42,0.00,27.12,0.00
CT_ID0308,S000245,Second Heaven,DPA,11,GOLD,14,85.09,102.04,116.27,0.00,33.11,0.00
CT_ID0309,S000246,Sense 2007,DPH,12,GOLD,14,94.46,96.34,122.09,0.00,12.49,0.00
CT_ID0310,S000246,Sense 2007,DPA,12,GOLD,14,118.83,122.64,125.59,0.00,30.35,0.00
CT_ID0311,S000247,smile,DPA,12,GOLD,14,119.28,137.23,103.49,0.00,40.02,0.00
CT_ID0312,S000248,snow storm,DPH,10,GOLD,14,85.18,30.55,84.29,0.00,10.24,0.00
CT_ID0313,S000248,snow storm,DPA,12,GOLD,14,128.16,122.05,118.61,0.00,5.39,0.00
CT_ID0314,S000249,the shadow,DPA,11,GOLD,14,101.37,85.00,98.57,0.00,35.09,0.00
CT_ID0315,S000250,TRANOID,DPH,10,GOLD,14,97.72,57.97,97.14,0.00,41.39,46.28
CT_ID0316,S000250,TRANOID,DPA,12,GOLD,14,118.44,89.38,115.12,0.00,46.75,57.00
CT_ID0317,S000251,VANESSA,DPH,11,GOLD,14,95.25,46.62,102.32,0.00,66.37,0.00
CT_ID0318,S000251,VANESSA,DPA,12,GOLD,14,132.97,110.90,141.88,0.00,68.64,0.00
CT_ID0319,S000252,クルクル☆ラブ～Opioid Peptide MIX～,DPA,10,GOLD,14,91.27,81.10,95.72,0.00,9.17,0.00
CT_ID0320,S000253,星をこの手に,DPA,10,GOLD,14,106.29,104.57,94.29,0.00,47.88,0.00
CT_ID0321,S000254,電人、暁に斃れる。,DPH,10,GOLD,14,92.77,32.21,75.71,0.00,19.98,0.00
CT_ID0322,S000254,電人、暁に斃れる。,DPA,12,GOLD,14,134.45,113.21,117.45,0.00,33.68,0.00
CT_ID0323,S000255,零 - ZERO -,DPA,10,GOLD,14,90.47,86.17,88.58,0.00,49.49,0.00
CT_ID0324,S000256,2 tribe 4 K,DPA,10,DJ TROOPERS,15,96.38,103.92,92.86,0.00,37.74,0.00
CT_ID0325,S000257,"Anisakis -somatic mutation type""Forza""-",DPH,10,DJ TROOPERS,15,89.42,90.73,118.59,0.00,17.49,0.00
CT_ID0326,S000257,"Anisakis -somatic mutation type""Forza""-",DPA,12,DJ TROOPERS,15,111.50,130.03,122.11,0.00,19.03,0.00
CT_ID0327,S000258,avant-guerre,DPA,10,DJ TROOPERS,15,77.90,42.02,87.14,0.00,0.00,57.15
CT_ID0328,S000259,Be OK,DPA,12,DJ TROOPERS,15,137.32,129.92,122.10,0.00,31.15,0.00
CT_ID0329,S000260,beatonic nation,DPA,10,DJ TROOPERS,15,92.47,113.83,95.71,0.00,23.46,0.00
CT_ID0330,S000261,Blue Rain,DPA,10,DJ TROOPERS,15,85.47,95.04,102.33,0.00,7.96,0.00
CT_ID0331,S000262,Dazzlin' Darlin,DPA,11,DJ TROOPERS,15,83.75,107.88,87.14,0.00,2.95,0.00
CT_ID0332,S000263,Digitank System,DPA,10,DJ TROOPERS,15,94.15,115.23,84.28,0.00,137.85,0.00
CT_ID0333,S000264,Do it!! Do it!!,DPH,10,DJ TROOPERS,15,63.19,48.82,95.72,0.00,58.68,0.00
CT_ID0334,S000264,Do it!! Do it!!,DPA,12,DJ TROOPERS,15,84.30,100.87,144.18,0.00,98.85,0.00
CT_ID0335,S000265,end of world,DPH,10,DJ TROOPERS,15,71.39,42.48,84.29,0.00,21.81,0.00
CT_ID0336,S000265,end of world,DPA,11,DJ TROOPERS,15,105.05,91.94,103.49,0.00,23.53,0.00
CT_ID0337,S000266,evergreen,DPA,11,DJ TROOPERS,15,75.70,65.34,82.85,0.00,16.81,0.00
CT_ID0338,S000267,four pieces of heaven,DPH,10,DJ TROOPERS,15,77.74,30.07,91.42,0.00,35.30,141.91
CT_ID0339,S000267,four pieces of heaven,DPA,12,DJ TROOPERS,15,101.91,83.12,116.28,0.00,46.67,150.57
CT_ID0340,S000268,ICARUS,DPH,10,DJ TROOPERS,15,75.96,54.80,88.57,0.00,52.73,156.02
CT_ID0341,S000268,ICARUS,DPA,12,DJ TROOPERS,15,97.77,97.25,129.08,0.00,60.34,172.34
CT_ID0342,S000269,in the Sky,DPH,10,DJ TROOPERS,15,84.26,93.10,91.42,0.00,21.06,0.00
CT_ID0343,S000269,in the Sky,DPA,11,DJ TROOPERS,15,100.57,117.47,110.46,0.00,19.26,0.00
CT_ID0344,S000270,Kick Out 仮面,DPA,10,DJ TROOPERS,15,104.76,133.57,111.64,0.00,30.94,0.00
CT_ID0345,S000271,LOVELY STORM,DPH,10,DJ TROOPERS,15,94.75,95.49,84.28,0.00,19.72,0.00
CT_ID0346,S000271,LOVELY STORM,DPA,11,DJ TROOPERS,15,107.89,109.26,95.72,0.00,24.79,0.00
CT_ID0347,S000272,madrugada,DPA,10,DJ TROOPERS,15,76.08,60.93,104.66,0.00,12.00,0.00
CT_ID0348,S000273,MAX LOVE,DPA,10,DJ TROOPERS,15,110.60,129.33,103.48,0.00,48.95,0.00
CT_ID0349,S000274,MENDES,DPH,10,DJ TROOPERS,15,105.07,75.02,106.97,0.00,35.44,0.00
CT_ID0350,S000274,MENDES,DPA,12,DJ TROOPERS,15,167.72,165.34,145.34,0.00,79.74,0.00
CT_ID0351,S000275,MENTAL MELTDOWN,DPA,11,DJ TROOPERS,15,108.03,100.62,133.73,0.00,95.90,0.00
CT_ID0352,S000276,NEW GENERATION -もう、お前しか見えない-,DPA,11,DJ TROOPERS,15,99.61,78.57,104.65,0.00,79.32,0.00
CT_ID0353,S000277,oratio,DPA,12,DJ TROOPERS,15,101.97,107.47,115.11,0.00,15.61,0.00
CT_ID0354,S000278,PARANOiA ～HADES～,DPH,11,DJ TROOPERS,15,92.14,63.65,95.72,0.00,11.75,115.87
CT_ID0355,S000278,PARANOiA ～HADES～,DPA,12,DJ TROOPERS,15,144.45,131.70,143.04,0.00,16.62,146.19
CT_ID0356,S000279,REMINISCENCE,DPA,11,DJ TROOPERS,15,92.62,96.10,91.42,0.00,52.34,0.00
CT_ID0357,S000280,Rising in the Sun(original mix),DPA,11,DJ TROOPERS,15,95.12,70.75,112.80,66.57,26.19,0.00
CT_ID0358,S000281,Ristaccia,DPA,10,DJ TROOPERS,15,83.61,78.67,87.15,0.00,29.62,0.00
CT_ID0359,S000282,"satellite020712 from ""CODED ARMS""",DPH,10,DJ TROOPERS,15,101.75,91.87,88.57,0.00,48.51,0.00
CT_ID0360,S000282,"satellite020712 from ""CODED ARMS""",DPA,12,DJ TROOPERS,15,142.06,139.94,136.04,0.00,41.58,0.00
CT_ID0361,S000283,satfinal,DPA,10,DJ TROOPERS,15,87.35,102.65,85.71,0.00,16.60,0.00
CT_ID0362,S000284,SOUND OF GIALLARHORN,DPA,10,DJ TROOPERS,15,115.00,118.64,97.14,0.00,31.35,0.00
CT_ID0363,S000285,State Of The Art,DPA,12,DJ TROOPERS,15,135.98,118.71,117.44,0.00,6.83,0.00
CT_ID0364,S000286,STEEL NEEDLE,DPH,10,DJ TROOPERS,15,89.70,66.20,88.58,0.00,39.87,0.00
CT_ID0365,S000286,STEEL NEEDLE,DPA,11,DJ TROOPERS,15,111.61,105.77,110.46,0.00,50.13,0.00
CT_ID0366,S000287,switch,DPA,11,DJ TROOPERS,15,100.16,99.47,106.98,0.00,27.14,0.00
CT_ID0367,S000288,THE DEEP STRIKER,DPH,10,DJ TROOPERS,15,90.27,68.38,87.14,0.00,40.24,0.00
CT_ID0368,S000288,THE DEEP STRIKER,DPA,11,DJ TROOPERS,15,116.23,118.37,105.82,0.00,44.38,0.00
CT_ID0369,S000289,the trigger of innocence,DPA,10,DJ TROOPERS,15,110.99,137.06,97.15,0.00,0.53,0.00
CT_ID0370,S000290,Time to Air,DPA,11,DJ TROOPERS,15,108.17,113.62,118.61,0.00,6.03,0.00
CT_ID0371,S000291,TRIP MACHINE PhoeniX,DPA,11,DJ TROOPERS,15,95.29,82.12,110.47,0.00,44.96,61.21
CT_ID0372,S000292,TROOPERS,DPH,10,DJ TROOPERS,15,97.57,100.63,80.00,0.00,88.40,0.00
CT_ID0373,S000292,TROOPERS,DPA,12,DJ TROOPERS,15,132.98,139.95,115.11,0.00,122.91,0.00
CT_ID0374,S000293,Ubertreffen,DPH,10,DJ TROOPERS,15,91.00,13.60,71.42,0.00,32.63,0.00
CT_ID0375,S000293,Ubertreffen,DPA,11,DJ TROOPERS,15,112.30,53.85,102.33,0.00,30.50,0.00
CT_ID0376,S000294,ミラージュ・レジデンス,DPH,10,DJ TROOPERS,15,82.81,77.72,77.14,0.00,41.28,0.00
CT_ID0377,S000294,ミラージュ・レジデンス,DPA,12,DJ TROOPERS,15,119.37,136.02,118.60,0.00,32.68,0.00
CT_ID0378,S000295,華爛漫 -Flowers-,DPA,10,DJ TROOPERS,15,91.27,87.67,85.71,0.00,32.86,0.00
CT_ID0379,S000296,高高度降下低高度開傘,DPA,10,DJ TROOPERS,15,100.58,69.81,97.15,0.00,17.37,0.00
CT_ID0380,S000297,少年A,DPH,10,DJ TROOPERS,15,78.27,32.11,95.71,0.00,20.73,48.98
CT_ID0381,S000297,少年A,DPA,12,DJ TROOPERS,15,92.30,69.55,106.98,0.00,58.14,53.89
CT_ID0382,S000299,3y3s,DPH,10,EMPRESS,16,112.28,114.58,105.82,0.00,25.01,0.00
CT_ID0383,S000299,3y3s,DPA,12,EMPRESS,16,145.78,152.78,130.24,0.00,11.35,0.00
CT_ID0384,S000300,ALL MY TURN -このターンに、オレの全てを賭ける-,DPA,11,EMPRESS,16,96.93,86.42,105.82,0.00,30.00,0.00
CT_ID0385,S000301,Arabian Rave Night,DPH,10,EMPRESS,16,90.55,54.43,89.56,0.00,26.07,0.00
CT_ID0386,S000301,Arabian Rave Night,DPA,11,EMPRESS,16,126.85,109.84,111.63,0.00,13.98,0.00
CT_ID0387,S000302,B4U(BEMANI FOR YOU MIX),DPA,11,EMPRESS,16,116.90,115.34,100.00,0.00,29.57,0.00
CT_ID0388,S000303,Bahram Attack-猫叉Master Remix-,DPA,11,EMPRESS,16,103.11,116.35,103.48,0.00,3.18,0.00
CT_ID0389,S000304,BITTER CHOCOLATE STRIKER,DPH,10,EMPRESS,16,81.98,69.17,81.43,0.00,61.91,0.00
CT_ID0390,S000304,BITTER CHOCOLATE STRIKER,DPA,11,EMPRESS,16,113.62,122.32,110.46,0.00,32.56,0.00
CT_ID0391,S000305,CaptivAte2～覚醒～,DPA,11,EMPRESS,16,105.81,99.21,109.30,0.00,13.97,0.00
CT_ID0392,S000306,Colorful Cookie,DPH,10,EMPRESS,16,101.17,102.56,91.42,0.00,11.69,0.00
CT_ID0393,S000306,Colorful Cookie,DPA,12,EMPRESS,16,152.31,167.72,132.55,0.00,24.01,0.00
CT_ID0394,S000307,Cyber Force -DJ Yoshitaka Remix-,DPA,10,EMPRESS,16,91.73,99.08,102.32,0.00,57.48,0.00
CT_ID0395,S000308,Go Beyond!!,DPH,10,EMPRESS,16,66.53,64.59,98.58,0.00,37.27,0.00
CT_ID0396,S000308,Go Beyond!!,DPA,12,EMPRESS,16,87.98,88.95,170.85,0.00,31.86,0.00
CT_ID0397,S000309,HYPERION,DPA,11,EMPRESS,16,107.46,74.81,100.00,0.00,5.72,0.00
CT_ID0398,S000310,Jack,DPA,11,EMPRESS,16,117.02,111.58,104.64,0.00,6.90,0.00
CT_ID0399,S000311,Just a Little Smile,DPA,11,EMPRESS,16,100.79,95.47,88.58,0.00,135.08,0.00
CT_ID0400,S000312,Kung-fu Empire,DPH,10,EMPRESS,16,94.14,86.18,80.01,0.00,9.67,0.00
CT_ID0401,S000312,Kung-fu Empire,DPA,11,EMPRESS,16,120.85,131.85,118.61,0.00,13.97,0.00
CT_ID0402,S000313,Marie Antoinette,DPA,11,EMPRESS,16,104.70,114.40,125.59,0.00,5.60,66.80
CT_ID0403,S000314,Monkey Dance '09,DPA,11,EMPRESS,16,100.08,95.90,102.32,0.00,14.77,0.00
CT_ID0404,S000315,naughty girl@Queen's Palace,DPA,10,EMPRESS,16,70.79,49.01,0.00,0.00,156.93,0.00
CT_ID0405,S000316,Programmed World,DPH,10,EMPRESS,16,74.92,56.85,94.28,0.00,13.01,0.00
CT_ID0406,S000316,Programmed World,DPA,11,EMPRESS,16,94.03,97.07,108.14,0.00,9.46,0.00
CT_ID0407,S000317,Punch Love 仮面,DPA,10,EMPRESS,16,106.51,111.02,104.65,0.00,30.29,0.00
CT_ID0408,S000318,Secrets,DPH,10,EMPRESS,16,95.19,79.07,80.00,0.00,53.85,0.00
CT_ID0409,S000318,Secrets,DPA,11,EMPRESS,16,144.89,151.02,117.44,0.00,44.38,0.00
CT_ID0410,S000319,smooooch・∀・,DPA,10,EMPRESS,16,97.29,96.58,92.86,0.00,76.84,0.00
CT_ID0411,S000320,SOLITON BEAM,DPH,10,EMPRESS,16,85.56,60.44,74.28,0.00,14.52,0.00
CT_ID0412,S000320,SOLITON BEAM,DPA,11,EMPRESS,16,102.79,100.74,97.16,0.00,4.46,0.00
CT_ID0413,S000321,THANK YOU FOR PLAYING,DPA,10,EMPRESS,16,100.71,86.32,125.58,0.00,16.20,80.36
CT_ID0414,S000322,THE SHINING POLARIS(kors k mix),DPA,11,EMPRESS,16,121.68,103.63,101.16,0.00,62.19,0.00
CT_ID0415,S000323,thunder HOUSE NATION Remix,DPA,10,EMPRESS,16,104.00,101.25,90.00,0.00,48.20,0.00
CT_ID0416,S000324,Turii ～Panta rhei～,DPA,10,EMPRESS,16,93.71,72.33,82.86,0.00,5.98,0.00
CT_ID0417,S000325,V2,DPH,10,EMPRESS,16,103.32,83.79,109.31,0.00,17.96,0.00
CT_ID0418,S000325,V2,DPA,11,EMPRESS,16,124.50,123.17,126.75,0.00,11.97,0.00
CT_ID0419,S000326,Y&Co. is dead or alive,DPH,10,EMPRESS,16,72.51,48.20,0.00,0.00,59.28,90.06
CT_ID0420,S000326,Y&Co. is dead or alive,DPA,12,EMPRESS,16,109.90,102.67,105.81,0.00,108.12,151.85
CT_ID0421,S000327,"You'll say ""Now!""",DPH,10,EMPRESS,16,89.80,37.91,97.14,0.00,19.87,0.00
CT_ID0422,S000327,"You'll say ""Now!""",DPA,11,EMPRESS,16,125.06,98.96,117.44,0.00,37.61,0.00
CT_ID0423,S000328,ハリツヤランデヴー,DPA,10,EMPRESS,16,105.56,112.98,82.86,0.00,0.00,0.00
CT_ID0424,S000329,まほろば,DPA,11,EMPRESS,16,93.45,96.08,111.63,0.00,16.01,0.00
CT_ID0425,S000330,ミッドナイト堕天使,DPA,12,EMPRESS,16,125.33,123.44,110.46,0.00,29.76,0.00
CT_ID0426,S000331,山岡晃の「クイズ！家事都合！」,DPA,10,EMPRESS,16,95.24,69.57,88.58,0.00,3.49,0.00
CT_ID0427,S000332,鉄甲乙女-under the steel-,DPA,10,EMPRESS,16,96.25,111.27,101.16,0.00,7.61,0.00
CT_ID0428,S000333,天空脳番長危機十六連打,DPH,10,EMPRESS,16,89.50,45.56,91.42,0.00,17.73,0.00
CT_ID0429,S000333,天空脳番長危機十六連打,DPA,11,EMPRESS,16,108.11,63.33,103.49,0.00,6.11,0.00
CT_ID0430,S000334,卑弥呼,DPH,11,EMPRESS,16,102.71,44.70,109.31,0.00,13.10,133.13
CT_ID0431,S000334,卑弥呼,DPA,12,EMPRESS,16,164.90,160.07,176.14,0.00,12.56,151.08
CT_ID0432,S000335,不沈艦CANDY,DPA,11,EMPRESS,16,117.25,112.64,119.77,0.00,6.40,0.00
CT_ID0433,S000336,凛として咲く花の如く,DPA,10,EMPRESS,16,111.30,118.85,105.81,0.00,15.98,0.00
CT_ID0434,S000342,AIR RAID FROM THA UNDAGROUND,DPA,11,SIRIUS,17,97.07,71.56,90.00,0.00,2.94,0.00
CT_ID0435,S000343,Almagest,DPH,11,SIRIUS,17,107.95,34.63,94.28,103.60,40.81,0.00
CT_ID0436,S000343,Almagest,DPA,12,SIRIUS,17,174.78,129.34,178.33,156.49,30.06,0.00
CT_ID0437,S000344,Bad Maniacs,DPH,10,SIRIUS,17,86.50,66.66,111.63,0.00,44.86,0.00
CT_ID0438,S000344,Bad Maniacs,DPA,12,SIRIUS,17,130.53,136.92,148.84,0.00,37.09,0.00
CT_ID0439,S000345,bass 2 bass,DPA,10,SIRIUS,17,103.74,109.53,92.86,0.00,154.81,0.00
CT_ID0440,S000346,beatchic☆仮面～好き、でいさせて～,DPA,10,SIRIUS,17,95.90,96.92,95.72,0.00,27.54,0.00
CT_ID0441,S000347,BEAUTIFUL ANGEL,DPA,10,SIRIUS,17,114.97,121.48,152.09,0.00,22.35,0.00
CT_ID0442,S000348,bloomin' feeling,DPH,10,SIRIUS,17,106.04,110.60,98.57,21.29,42.53,0.00
CT_ID0443,S000348,bloomin' feeling,DPA,11,SIRIUS,17,133.33,125.89,113.95,25.08,45.36,0.00
CT_ID0444,S000349,CaptivAte～裁き～(SUBLIME TECHNO MIX),DPA,10,SIRIUS,17,83.01,82.86,103.49,0.00,14.46,0.00
CT_ID0445,S000350,D,DPH,10,SIRIUS,17,80.76,35.85,80.00,0.51,39.37,155.14
CT_ID0446,S000350,D,DPA,11,SIRIUS,17,99.45,77.18,101.18,0.51,39.37,160.66
CT_ID0447,S000351,DAWN -THE NEXT ENDEAVOUR-,DPA,10,SIRIUS,17,0.00,0.00,0.00,0.00,0.00,0.00
CT_ID0448,S000352,Dazzlin' Darlin-秋葉工房mix-,DPA,11,SIRIUS,17,98.83,69.59,103.49,0.00,14.81,0.00
CT_ID0449,S000353,DESIRE,DPA,10,SIRIUS,17,111.20,98.87,95.72,0.00,30.38,0.00
CT_ID0450,S000354,Do Back Burn,DPA,10,SIRIUS,17,103.09,100.16,91.43,67.24,101.51,0.00
CT_ID0451,S000355,DOMINION,DPH,10,SIRIUS,17,91.75,79.87,87.14,0.00,20.79,0.00
CT_ID0452,S000355,DOMINION,DPA,12,SIRIUS,17,127.89,135.38,137.22,0.00,2.87,0.00
CT_ID0453,S000356,DROP,DPA,11,SIRIUS,17,101.67,75.17,101.17,0.00,16.07,0.00
CT_ID0454,S000357,Elisha,DPA,11,SIRIUS,17,108.78,93.92,118.60,178.17,17.38,0.00
CT_ID0455,S000358,Empire State Glory,DPH,10,SIRIUS,17,85.89,44.71,81.43,0.00,37.39,0.00
CT_ID0456,S000358,Empire State Glory,DPA,11,SIRIUS,17,111.93,95.68,95.71,0.00,37.39,0.00
CT_ID0457,S000359,eRAseRmOToRpHAntOM,DPH,10,SIRIUS,17,86.06,86.15,82.85,0.00,59.90,47.56
CT_ID0458,S000359,eRAseRmOToRpHAntOM,DPA,12,SIRIUS,17,121.64,124.55,108.14,0.00,48.41,65.25
CT_ID0459,S000360,Evans,DPH,10,SIRIUS,17,0.00,0.00,0.00,0.00,0.00,0.00
CT_ID0460,S000360,Evans,DPA,12,SIRIUS,17,129.54,116.20,116.28,0.00,49.07,0.00
CT_ID0461,S000361,EXUSIA,DPH,10,SIRIUS,17,107.27,100.21,87.15,0.00,58.24,0.00
CT_ID0462,S000361,EXUSIA,DPA,12,SIRIUS,17,154.64,146.34,133.73,0.00,52.53,0.00
CT_ID0463,S000362,G59,DPH,11,SIRIUS,17,91.56,72.98,84.28,0.00,43.84,0.00
CT_ID0464,S000362,G59,DPA,12,SIRIUS,17,153.71,159.54,137.21,0.00,42.16,0.00
CT_ID0465,S000363,GALGALIM,DPH,10,SIRIUS,17,85.15,61.35,81.42,0.00,70.43,0.00
CT_ID0466,S000363,GALGALIM,DPA,12,SIRIUS,17,104.29,74.58,100.00,0.00,80.13,0.00
CT_ID0467,S000364,GOLDEN CROSS,DPA,12,SIRIUS,17,123.41,114.72,122.09,0.00,29.16,0.00
CT_ID0468,S000365,Hydrogen Blueback,DPA,10,SIRIUS,17,99.61,103.65,85.71,0.00,24.13,0.00
CT_ID0469,S000366,IN THE NAME OF LOVE,DPA,10,SIRIUS,17,89.13,59.16,75.71,0.00,35.27,0.00
CT_ID0470,S000367,Keep it-秋葉工房mix-,DPA,11,SIRIUS,17,101.42,80.72,105.81,0.00,13.13,0.00
CT_ID0471,S000368,Light Shine,DPA,11,SIRIUS,17,127.23,135.98,102.33,150.86,69.55,0.00
CT_ID0472,S000369,MIRACLE MEETS,DPA,10,SIRIUS,17,82.29,81.64,103.49,129.40,30.24,0.00
CT_ID0473,S000370,mosaic,DPA,11,SIRIUS,17,126.37,136.86,116.28,0.00,21.41,0.00
CT_ID0474,S000371,NEW SENSATION -もう、あなたしか見えない-,DPA,11,SIRIUS,17,125.93,121.28,111.62,72.75,5.30,0.00
CT_ID0475,S000372,Programmed Sun,DPA,10,SIRIUS,17,86.15,70.94,82.85,25.25,37.78,0.00
CT_ID0476,S000373,quell～the seventh slave～,DPA,12,SIRIUS,17,158.70,137.62,181.67,0.00,36.97,0.00
CT_ID0477,S000374,Raison d'etre～交差する宿命～,DPH,10,SIRIUS,17,76.10,49.53,84.28,0.00,33.54,5.55
CT_ID0478,S000374,Raison d'etre～交差する宿命～,DPA,12,SIRIUS,17,137.35,128.10,120.93,0.00,24.74,15.93
CT_ID0479,S000375,Red. by Full Metal Jacket,DPA,12,SIRIUS,17,123.12,134.06,101.17,0.00,179.47,0.00
CT_ID0480,S000376,Session 1 -Genesis-,DPA,11,SIRIUS,17,99.87,89.85,105.80,60.00,18.38,14.01
CT_ID0481,S000377,She is my wife,DPA,10,SIRIUS,17,83.70,73.96,98.58,0.00,26.21,8.23
CT_ID0482,S000378,SOLID STATE SQUAD,DPH,11,SIRIUS,17,84.79,73.94,91.42,0.00,67.34,0.00
CT_ID0483,S000378,SOLID STATE SQUAD,DPA,12,SIRIUS,17,138.02,157.57,130.25,0.00,57.79,0.00
CT_ID0484,S000379,Sorrows,DPA,11,SIRIUS,17,106.49,120.89,105.81,0.00,11.15,0.00
CT_ID0485,S000380,THE LAST STRIKER,DPA,10,SIRIUS,17,101.56,103.69,106.98,0.00,12.36,0.00
CT_ID0486,S000381,The Story Begins,DPA,11,SIRIUS,17,108.80,121.35,111.62,0.00,28.31,0.00
CT_ID0487,S000382,たからもの,DPA,10,SIRIUS,17,109.08,140.31,104.65,0.00,31.33,0.00
CT_ID0488,S000383,ワルツ第17番 ト短調”大犬のワルツ”,DPH,10,SIRIUS,17,97.18,62.06,97.15,0.00,0.00,189.30
CT_ID0489,S000383,ワルツ第17番 ト短調”大犬のワルツ”,DPA,12,SIRIUS,17,171.32,182.55,148.83,0.00,0.00,200.00
CT_ID0490,S000384,"水上の提督(Short mix from ""幻想水滸伝V"")",DPA,10,SIRIUS,17,90.61,82.77,118.60,0.00,9.97,0.00
CT_ID0491,S000385,未来のプリズム,DPA,10,SIRIUS,17,82.49,78.51,90.01,19.82,6.97,0.00
CT_ID0492,S000387,Aegis,DPA,10,Resort Anthem,18,98.94,85.77,104.66,50.09,25.18,0.00
CT_ID0493,S000388,ALBIDA,DPA,11,Resort Anthem,18,118.02,116.84,112.79,0.00,13.13,0.00
CT_ID0494,S000389,ANTHEM LANDING,DPH,10,Resort Anthem,18,86.93,60.24,81.43,0.00,14.41,0.00
CT_ID0495,S000389,ANTHEM LANDING,DPA,11,Resort Anthem,18,95.73,79.26,97.15,0.00,17.51,0.00
CT_ID0496,S000390,Believe In Me,DPA,11,Resort Anthem,18,96.15,82.45,95.71,0.00,34.52,0.00
CT_ID0497,S000391,BLUST OF WIND,DPA,10,Resort Anthem,18,88.57,90.51,75.71,19.13,18.91,0.00
CT_ID0498,S000392,Bounce Bounce Bounce,DPA,11,Resort Anthem,18,90.02,88.50,84.29,0.00,110.49,0.00
CT_ID0499,S000393,Breaking the ground,DPA,10,Resort Anthem,18,89.50,118.45,106.97,0.00,67.27,0.00
CT_ID0500,S000394,Broken,DPA,12,Resort Anthem,18,106.15,109.82,116.28,0.00,18.29,0.00
CT_ID0501,S000395,BROKEN EDEN,DPH,10,Resort Anthem,18,85.84,50.88,80.00,0.00,18.00,0.00
CT_ID0502,S000395,BROKEN EDEN,DPA,11,Resort Anthem,18,107.16,93.96,98.57,0.00,28.28,0.00
CT_ID0503,S000396,Dances with Snow Fairies,DPH,10,Resort Anthem,18,90.11,42.91,85.71,0.00,36.22,0.00
CT_ID0504,S000396,Dances with Snow Fairies,DPA,12,Resort Anthem,18,142.41,122.73,133.73,0.00,27.73,0.00
CT_ID0505,S000397,DAYDREAMER,DPA,10,Resort Anthem,18,95.22,117.38,88.58,0.00,16.27,0.00
CT_ID0506,S000398,Destiny Sword,DPA,11,Resort Anthem,18,115.09,86.78,115.12,0.00,20.34,0.00
CT_ID0507,S000399,DM STAR～関西 energy style～,DPA,11,Resort Anthem,18,116.58,115.90,102.33,0.00,16.35,0.00
CT_ID0508,S000400,Energy Drive,DPA,11,Resort Anthem,18,95.19,91.05,106.98,111.87,20.69,0.00
CT_ID0509,S000401,Everlasting Resort,DPA,10,Resort Anthem,18,90.91,81.92,95.71,14.13,22.98,0.00
CT_ID0510,S000402,Fantasia,DPA,10,Resort Anthem,18,110.53,122.38,97.14,0.00,22.19,0.00
CT_ID0511,S000403,Golden Palms,DPA,10,Resort Anthem,18,92.81,100.39,88.58,118.06,36.66,0.00
CT_ID0512,S000404,I FIGHT ME,DPA,10,Resort Anthem,18,92.32,107.05,109.31,0.00,4.68,0.00
CT_ID0513,S000405,Kailua,DPA,12,Resort Anthem,18,94.95,71.46,95.72,190.37,28.33,0.00
CT_ID0514,S000406,Let The Track Flow,DPA,11,Resort Anthem,18,114.38,91.46,109.31,0.00,19.60,0.00
CT_ID0515,S000407,Mermaid girl,DPA,10,Resort Anthem,18,103.81,124.56,122.11,0.00,23.51,0.00
CT_ID0516,S000408,Never Fade Away,DPA,11,Resort Anthem,18,126.86,120.67,109.30,0.00,35.67,0.00
CT_ID0517,S000409,New Castle Legions,DPH,10,Resort Anthem,18,78.06,47.36,74.28,0.00,22.25,104.33
CT_ID0518,S000409,New Castle Legions,DPA,12,Resort Anthem,18,126.12,113.23,109.30,0.00,16.98,125.80
CT_ID0519,S000410,PARADISE LOST,DPH,10,Resort Anthem,18,81.31,54.39,90.01,35.69,60.62,0.00
CT_ID0520,S000410,PARADISE LOST,DPA,12,Resort Anthem,18,135.15,134.68,156.25,148.80,70.45,0.00
CT_ID0521,S000411,passionate fate,DPA,11,Resort Anthem,18,111.06,127.72,102.33,0.00,11.42,0.00
CT_ID0522,S000412,perditus†paradisus,DPH,11,Resort Anthem,18,98.31,33.84,117.45,58.80,17.42,0.00
CT_ID0523,S000412,perditus†paradisus,DPA,12,Resort Anthem,18,157.40,135.74,150.01,141.02,13.61,0.00
CT_ID0524,S000413,Programmed Life,DPA,11,Resort Anthem,18,116.00,106.42,103.48,0.00,30.54,0.00
CT_ID0525,S000414,reunion,DPH,11,Resort Anthem,18,98.00,75.60,113.95,0.00,18.15,0.00
CT_ID0526,S000414,reunion,DPA,12,Resort Anthem,18,151.32,150.54,126.74,0.00,25.77,0.00
CT_ID0527,S000415,Rock Da House,DPA,10,Resort Anthem,18,0.00,0.00,0.00,0.00,0.00,0.00
CT_ID0528,S000416,SABER WING,DPA,12,Resort Anthem,18,140.73,148.21,115.12,0.00,26.02,169.24
CT_ID0529,S000417,Sakura Reflection,DPA,11,Resort Anthem,18,129.18,127.68,119.76,134.53,30.00,0.00
CT_ID0530,S000418,sakura storm,DPH,10,Resort Anthem,18,97.90,87.81,84.28,81.82,105.33,0.00
CT_ID0531,S000418,sakura storm,DPA,12,Resort Anthem,18,164.19,137.11,125.58,150.63,107.19,0.00
CT_ID0532,S000419,Session 9 -Chronicles-,DPH,10,Resort Anthem,18,93.38,60.77,108.15,0.00,22.26,17.89
CT_ID0533,S000419,Session 9 -Chronicles-,DPA,12,Resort Anthem,18,137.96,138.68,139.53,0.00,27.53,26.22
CT_ID0534,S000420,Space Time,DPA,11,Resort Anthem,18,104.32,105.17,113.95,0.00,16.51,0.00
CT_ID0535,S000421,SPECIAL SUMMER CAMPAIGN!,DPH,10,Resort Anthem,18,99.78,100.93,88.58,0.00,57.44,0.00
CT_ID0536,S000421,SPECIAL SUMMER CAMPAIGN!,DPA,12,Resort Anthem,18,140.36,141.75,117.44,0.00,69.60,0.00
CT_ID0537,S000422,STELLAR WIND,DPA,11,Resort Anthem,18,111.84,94.45,115.11,0.00,31.33,0.00
CT_ID0538,S000423,THE BLACK KNIGHT,DPH,10,Resort Anthem,18,83.25,63.34,87.16,75.28,14.80,0.00
CT_ID0539,S000423,THE BLACK KNIGHT,DPA,12,Resort Anthem,18,114.75,102.91,118.60,153.00,1.12,0.00
CT_ID0540,S000424,THE DOOR INTO RAINBOW,DPA,11,Resort Anthem,18,100.05,100.45,108.13,83.63,36.32,0.00
CT_ID0541,S000425,THE FALLEN,DPA,11,Resort Anthem,18,109.44,106.57,106.97,0.00,44.61,0.00
CT_ID0542,S000426,Tropical April,DPA,11,Resort Anthem,18,110.09,121.52,118.61,0.00,50.50,0.00
CT_ID0543,S000427,Vermillion,DPA,10,Resort Anthem,18,117.49,89.53,100.00,0.00,0.79,0.00
CT_ID0544,S000428,Watch Out Pt.2,DPA,11,Resort Anthem,18,114.14,111.41,110.46,0.00,181.68,0.00
CT_ID0545,S000429,Wuv U,DPA,11,Resort Anthem,18,111.43,107.31,111.63,0.00,28.77,0.00
CT_ID0546,S000430,XANADU OF TWO,DPA,10,Resort Anthem,18,97.65,102.19,103.49,0.00,24.01,0.00
CT_ID0547,S000431,ZETA～素数の世界と超越者～,DPH,10,Resort Anthem,18,94.72,76.08,108.14,0.00,3.76,109.01
CT_ID0548,S000431,ZETA～素数の世界と超越者～,DPA,12,Resort Anthem,18,135.22,150.09,148.84,0.00,12.38,126.30
CT_ID0549,S000432,かげぬい ～ Ver.BENIBOTAN ～,DPA,10,Resort Anthem,18,85.30,86.09,85.72,56.21,38.27,0.00
CT_ID0550,S000433,黒髪乱れし修羅となりて,DPH,10,Resort Anthem,18,97.57,61.81,78.58,0.00,22.90,0.00
CT_ID0551,S000433,黒髪乱れし修羅となりて,DPA,12,Resort Anthem,18,139.91,130.29,116.27,0.00,25.25,0.00
CT_ID0552,S000434,灼熱Beach Side Bunny,DPH,10,Resort Anthem,18,71.94,61.13,75.72,0.00,159.08,0.00
CT_ID0553,S000434,灼熱Beach Side Bunny,DPA,12,Resort Anthem,18,131.68,136.04,112.80,0.00,192.52,0.00
CT_ID0554,S000435,中華急行,DPA,10,Resort Anthem,18,0.00,0.00,0.00,0.00,0.00,0.00
CT_ID0555,S000436,夕焼け ～Fading Day～,DPA,11,Resort Anthem,18,109.41,82.41,97.15,0.00,48.71,0.00
CT_ID0556,S000437,旅人リラン,DPH,10,Resort Anthem,18,83.37,69.86,94.28,0.00,16.45,0.00
CT_ID0557,S000437,旅人リラン,DPA,12,Resort Anthem,18,117.36,123.96,133.73,0.00,19.98,0.00
CT_ID0558,S000441,24th Century BOY,DPA,11,Lincle,19,108.81,105.20,116.28,0.00,24.78,0.00
CT_ID0559,S000442,532nm,DPA,11,Lincle,19,128.34,112.18,117.44,0.00,34.62,0.00
CT_ID0560,S000443,Almace,DPA,11,Lincle,19,104.73,103.13,117.45,90.86,17.51,0.00
CT_ID0561,S000444,BLACK.by X-Cross Fade,DPH,10,Lincle,19,100.23,105.94,95.71,0.00,172.95,0.00
CT_ID0562,S000444,BLACK.by X-Cross Fade,DPA,12,Lincle,19,148.85,158.89,131.39,0.00,187.37,0.00
CT_ID0563,S000445,Castle on the Moon,DPA,11,Lincle,19,129.15,101.33,118.61,0.00,21.86,0.00
CT_ID0564,S000446,Change the World,DPA,11,Lincle,19,99.07,107.04,106.97,0.00,18.51,0.00
CT_ID0565,S000447,DIAVOLO,DPH,10,Lincle,19,102.76,75.25,103.49,0.00,19.55,0.00
CT_ID0566,S000447,DIAVOLO,DPA,12,Lincle,19,158.45,114.51,164.58,0.00,27.75,0.00
CT_ID0567,S000448,Drive Me Crazy,DPA,10,Lincle,19,102.87,112.31,91.44,0.00,44.45,0.00
CT_ID0568,S000449,F,DPH,10,Lincle,19,103.63,50.38,82.85,47.15,11.00,0.00
CT_ID0569,S000449,F,DPA,12,Lincle,19,146.58,110.65,116.28,0.00,18.93,0.00
CT_ID0570,S000450,Far east nightbird,DPA,10,Lincle,19,91.24,85.08,94.28,0.00,9.03,0.00
CT_ID0571,S000451,fffff,DPH,10,Lincle,19,121.35,101.72,106.98,0.00,31.07,0.00
CT_ID0572,S000451,fffff,DPA,12,Lincle,19,161.49,142.05,134.88,0.00,33.13,0.00
CT_ID0573,S000452,Flip Flap,DPA,10,Lincle,19,84.31,88.19,80.00,9.65,68.62,0.00
CT_ID0574,S000453,Follow Tomorrow,DPA,10,Lincle,19,93.58,106.50,92.85,0.00,20.97,0.00
CT_ID0575,S000454,GIGANT,DPA,10,Lincle,19,98.20,96.25,84.28,50.86,39.61,0.00
CT_ID0576,S000455,HAERETICUS,DPH,10,Lincle,19,89.96,57.69,91.42,0.00,33.94,0.00
CT_ID0577,S000455,HAERETICUS,DPA,12,Lincle,19,139.05,119.03,124.41,0.00,41.94,0.00
CT_ID0578,S000456,I'm so Happy,DPA,11,Lincle,19,120.48,107.70,124.41,0.00,28.03,0.00
CT_ID0579,S000457,In the Blackest Den,DPA,11,Lincle,19,123.55,81.60,122.11,0.00,51.90,0.00
CT_ID0580,S000458,Infinite cave,DPH,10,Lincle,19,91.10,100.10,90.01,0.00,35.71,0.00
CT_ID0581,S000458,Infinite cave,DPA,12,Lincle,19,123.09,124.37,115.12,0.00,3.56,0.00
CT_ID0582,S000459,LAX5 feat.Ryota Yoshinari,DPA,10,Lincle,19,123.32,137.22,104.65,0.00,20.02,0.00
CT_ID0583,S000460,LETHEBOLG ～双神威に斬り咲けり～,DPA,10,Lincle,19,85.61,79.91,88.58,0.00,16.54,0.00
CT_ID0584,S000461,LOVE B.B.B,DPA,10,Lincle,19,96.31,93.07,97.14,0.00,7.26,0.00
CT_ID0585,S000462,Lucky Days,DPA,10,Lincle,19,86.86,74.17,88.58,0.00,16.84,0.00
CT_ID0586,S000463,Miami Sunset Drive,DPA,10,Lincle,19,73.55,62.71,81.42,122.32,13.17,0.00
CT_ID0587,S000464,NNRT,DPH,10,Lincle,19,98.61,108.52,94.28,0.00,2.63,15.65
CT_ID0588,S000464,NNRT,DPA,12,Lincle,19,140.49,155.07,134.88,0.00,8.95,15.64
CT_ID0589,S000465,Phoenix,DPA,11,Lincle,19,113.43,81.05,97.15,0.00,13.25,0.00
CT_ID0590,S000466,prompt,DPA,11,Lincle,19,116.37,120.89,122.10,0.00,5.15,0.00
CT_ID0591,S000467,QUANTUM TELEPORTATION,DPH,10,Lincle,19,89.22,60.12,95.73,0.00,39.24,0.00
CT_ID0592,S000467,QUANTUM TELEPORTATION,DPA,12,Lincle,19,148.53,148.95,160.41,0.00,22.89,0.00
CT_ID0593,S000468,quaver♪,DPA,12,Lincle,19,170.15,163.16,146.51,0.00,17.75,47.39
CT_ID0594,S000469,Quick Silver,DPA,11,Lincle,19,123.26,117.50,116.29,56.04,22.76,0.00
CT_ID0595,S000470,Release The Music,DPA,10,Lincle,19,80.19,56.11,78.58,0.00,40.86,0.00
CT_ID0596,S000471,RESISTANCE,DPA,10,Lincle,19,0.00,0.00,0.00,0.00,0.00,0.00
CT_ID0597,S000472,Round and Round,DPA,10,Lincle,19,94.02,84.76,94.28,0.00,55.07,0.00
CT_ID0598,S000473,SA.YO.NA.RA. SUPER STAR,DPA,11,Lincle,19,99.00,110.06,124.42,1.55,16.04,104.11
CT_ID0599,S000474,Scharfrichter,DPA,11,Lincle,19,118.43,125.20,112.79,121.36,29.30,0.00
CT_ID0600,S000475,Several Words,DPA,10,Lincle,19,95.69,80.09,94.28,112.05,9.62,0.00
CT_ID0601,S000476,SHADE,DPH,10,Lincle,19,83.71,26.42,82.86,0.00,13.00,0.00
CT_ID0602,S000476,SHADE,DPA,11,Lincle,19,105.44,107.45,116.27,0.00,13.67,0.00
CT_ID0603,S000477,Snake Stick,DPH,10,Lincle,19,93.28,74.52,78.57,0.00,167.35,0.00
CT_ID0604,S000477,Snake Stick,DPA,12,Lincle,19,120.17,101.43,101.16,0.00,182.18,0.00
CT_ID0605,S000478,Snow Goose,DPA,11,Lincle,19,136.81,96.97,105.83,0.00,0.00,0.00
CT_ID0606,S000479,Star Trail,DPA,10,Lincle,19,95.60,92.62,100.00,0.00,33.18,0.00
CT_ID0607,S000480,The Limbo,DPH,10,Lincle,19,91.83,68.90,92.85,0.00,37.76,0.00
CT_ID0608,S000480,The Limbo,DPA,12,Lincle,19,125.64,115.63,131.40,0.00,39.49,0.00
CT_ID0609,S000481,The Sampling Paradise,DPH,10,Lincle,19,98.39,65.27,85.71,9.21,114.33,0.00
CT_ID0610,S000481,The Sampling Paradise,DPA,12,Lincle,19,137.41,121.04,136.06,6.63,95.13,0.00
CT_ID0611,S000482,Thunderbolt,DPA,11,Lincle,19,132.84,129.85,129.07,0.00,44.87,0.00
CT_ID0612,S000483,TITANS RETURN,DPA,11,Lincle,19,116.29,104.08,103.48,0.00,103.08,0.00
CT_ID0613,S000484,Todestrieb,DPA,12,Lincle,19,144.13,145.64,138.38,123.09,3.23,0.00
CT_ID0614,S000485,WONDER WALKER,DPA,12,Lincle,19,149.16,148.52,120.94,0.00,13.70,0.00
CT_ID0615,S000486,YAKSHA,DPH,11,Lincle,19,102.91,76.35,97.14,0.00,17.56,0.00
CT_ID0616,S000486,YAKSHA,DPA,12,Lincle,19,152.48,129.50,129.07,0.00,20.85,0.00
CT_ID0617,S000487,yellow head joe,DPA,12,Lincle,19,144.41,111.95,113.96,0.00,28.01,0.00
CT_ID0618,S000488,Yellow Sunrise,DPA,11,Lincle,19,121.86,114.66,117.43,0.00,11.44,0.00
CT_ID0619,S000489,ビューティフルレシート,DPA,11,Lincle,19,103.42,117.54,111.62,0.00,54.66,0.00
CT_ID0620,S000490,ユミル,DPA,11,Lincle,19,112.29,121.70,110.46,0.00,25.44,0.00
CT_ID0621,S000491,君のハートにロックオン,DPA,12,Lincle,19,143.43,123.94,131.41,0.00,13.74,0.00
CT_ID0622,S000492,子供の落書き帳,DPH,10,Lincle,19,94.67,72.24,102.32,0.00,11.95,0.00
CT_ID0623,S000492,子供の落書き帳,DPA,12,Lincle,19,127.21,101.29,140.69,0.00,14.20,0.00
CT_ID0624,S000493,蛇神,DPA,11,Lincle,19,114.57,106.45,111.63,142.88,18.39,0.00
CT_ID0625,S000494,衰色小町メランコリア,DPA,10,Lincle,19,0.00,0.00,0.00,0.00,0.00,0.00
CT_ID0626,S000495,聖人の塔,DPH,10,Lincle,19,90.33,36.06,104.65,0.00,4.71,134.13
CT_ID0627,S000495,聖人の塔,DPA,12,Lincle,19,161.65,143.23,136.05,0.00,0.00,161.22
CT_ID0628,S000496,天空の夜明け,DPH,11,Lincle,19,107.41,106.23,110.46,0.00,0.00,0.00
CT_ID0629,S000496,天空の夜明け,DPA,12,Lincle,19,172.25,167.72,147.69,0.00,0.00,0.00
CT_ID0630,S000497,突撃!ガラスのニーソ姫!,DPA,10,Lincle,19,98.60,105.10,98.58,30.09,51.22,0.00
CT_ID0631,S000498,陽炎,DPA,10,Lincle,19,0.00,0.00,0.00,0.00,0.00,0.00
CT_ID0632,S000499,恋する☆宇宙戦争っ！！,DPA,12,Lincle,19,142.77,122.30,116.28,0.00,42.87,0.00
CT_ID0633,S000503,†渚の小悪魔ラヴリィ～レイディオ†(IIDX EDIT),DPA,12,tricoro,20,188.73,182.26,152.08,0.00,92.29,0.00
CT_ID0634,S000504,405nm (Ryu☆mix),DPA,11,tricoro,20,119.91,113.43,130.24,0.00,23.41,0.00
CT_ID0635,S000505,8bit Princess,DPA,10,tricoro,20,107.44,118.90,92.85,0.00,8.81,0.00
CT_ID0636,S000506,Ascalon,DPA,11,tricoro,20,120.01,129.92,113.95,0.00,14.07,0.00
CT_ID0637,S000507,Beastie Starter,DPA,11,tricoro,20,96.24,51.58,105.82,0.00,59.79,0.00
CT_ID0638,S000508,BLUE STRAGGLER,DPA,10,tricoro,20,111.77,71.24,115.12,0.00,36.58,0.00
CT_ID0639,S000509,BRAVE GLOW,DPA,10,tricoro,20,0.00,0.00,0.00,0.00,0.00,0.00
CT_ID0640,S000510,CONCEPTUAL,DPA,11,tricoro,20,118.62,104.26,103.49,0.00,34.10,0.00
CT_ID0641,S000511,Confiserie,DPH,10,tricoro,20,96.50,50.12,87.15,0.00,61.43,0.00
CT_ID0642,S000511,Confiserie,DPA,12,tricoro,20,175.37,153.04,152.10,0.00,13.08,0.00
CT_ID0643,S000512,Cookie Bouquets,DPH,10,tricoro,20,83.56,90.68,78.57,0.00,42.71,0.00
CT_ID0644,S000512,Cookie Bouquets,DPA,11,tricoro,20,136.86,153.92,115.12,0.00,44.37,0.00
CT_ID0645,S000513,DAY DREAM,DPH,10,tricoro,20,68.97,30.01,64.28,0.00,27.05,132.25
CT_ID0646,S000513,DAY DREAM,DPA,12,tricoro,20,109.38,82.35,127.91,0.00,31.82,158.38
CT_ID0647,S000514,Devilz Staircase,DPH,10,tricoro,20,88.68,65.00,91.43,6.19,23.96,0.00
CT_ID0648,S000514,Devilz Staircase,DPA,12,tricoro,20,142.37,129.20,168.76,9.82,43.40,0.00
CT_ID0649,S000515,Elemental Creation,DPH,10,tricoro,20,94.47,75.27,84.28,0.00,23.79,0.00
CT_ID0650,S000515,Elemental Creation,DPA,12,tricoro,20,169.75,175.29,156.24,44.39,17.70,0.00
CT_ID0651,S000516,examination leave,DPH,10,tricoro,20,99.14,108.00,81.42,0.00,44.91,0.00
CT_ID0652,S000516,examination leave,DPA,11,tricoro,20,140.88,151.09,109.31,0.00,46.83,0.00
CT_ID0653,S000517,FLOWER,DPA,12,tricoro,20,116.25,118.59,122.09,103.44,39.69,0.00
CT_ID0654,S000518,Fly you to the star,DPA,11,tricoro,20,95.05,85.96,84.28,0.00,52.30,0.00
CT_ID0655,S000519,GAIA,DPH,10,tricoro,20,83.28,30.90,97.14,0.00,17.85,0.00
CT_ID0656,S000519,GAIA,DPA,12,tricoro,20,145.51,117.62,127.89,0.00,15.55,0.00
CT_ID0657,S000520,GRADIUS 2012,DPA,11,tricoro,20,108.81,107.73,92.85,96.73,52.46,0.00
CT_ID0658,S000521,Hollywood Galaxy,DPA,12,tricoro,20,119.46,106.31,122.10,55.60,11.52,0.00
CT_ID0659,S000522,Howling,DPA,10,tricoro,20,91.10,67.52,81.43,0.00,78.53,0.00
CT_ID0660,S000523,ILIAS,DPA,10,tricoro,20,108.72,107.51,106.97,0.00,23.16,0.00
CT_ID0661,S000524,Illegal Function Call,DPH,10,tricoro,20,91.19,45.87,85.71,0.00,19.05,0.00
CT_ID0662,S000524,Illegal Function Call,DPA,11,tricoro,20,125.52,101.06,103.48,0.00,10.96,0.00
CT_ID0663,S000525,JOMANDA,DPH,10,tricoro,20,98.95,81.06,95.72,1.11,43.54,164.31
CT_ID0664,S000525,JOMANDA,DPA,12,tricoro,20,137.43,127.69,127.92,0.00,51.34,178.45
CT_ID0665,S000526,Liberation,DPH,10,tricoro,20,92.29,72.82,82.85,0.00,21.78,0.00
CT_ID0666,S000526,Liberation,DPA,12,tricoro,20,125.78,115.30,115.12,0.00,12.23,0.00
CT_ID0667,S000527,Light and Cyber…,DPA,11,tricoro,20,116.51,95.90,103.49,0.00,27.51,0.00
CT_ID0668,S000528,Little Star,DPA,12,tricoro,20,138.00,105.41,112.79,0.00,72.00,0.00
CT_ID0669,S000529,LUV CAN SAVE U,DPA,10,tricoro,20,109.15,118.17,90.00,0.00,15.98,0.00
CT_ID0670,S000530,Neonlights,DPH,10,tricoro,20,80.26,49.69,92.85,0.00,35.14,0.00
CT_ID0671,S000530,Neonlights,DPA,11,tricoro,20,93.04,75.48,102.33,0.00,87.55,0.00
CT_ID0672,S000531,neu,DPH,10,tricoro,20,73.74,59.65,85.72,0.00,22.48,0.00
CT_ID0673,S000531,neu,DPA,12,tricoro,20,129.66,131.19,140.70,0.00,23.88,0.00
CT_ID0674,S000532,New Decade IIDX Edition,DPA,11,tricoro,20,122.17,106.37,110.47,0.00,83.28,0.00
CT_ID0675,S000533,New Lights,DPA,10,tricoro,20,99.53,114.74,105.82,0.00,28.30,0.00
CT_ID0676,S000534,Plan 8,DPH,10,tricoro,20,82.59,81.84,85.72,0.00,126.42,0.00
CT_ID0677,S000534,Plan 8,DPA,12,tricoro,20,121.79,125.15,127.91,0.00,168.73,0.00
CT_ID0678,S000535,planarian,DPA,11,tricoro,20,121.27,117.82,103.49,0.00,16.17,0.00
CT_ID0679,S000536,POINT ZERO,DPA,10,tricoro,20,86.79,72.74,90.00,0.00,6.99,0.00
CT_ID0680,S000537,Praludium,DPA,11,tricoro,20,101.49,60.57,98.57,0.00,12.39,0.00
CT_ID0681,S000538,Proof of the existence,DPH,10,tricoro,20,81.74,67.34,90.00,0.00,27.49,0.00
CT_ID0682,S000538,Proof of the existence,DPA,12,tricoro,20,113.34,113.39,132.55,0.00,27.49,0.00
CT_ID0683,S000539,Rainbow after snow,DPA,10,tricoro,20,91.20,98.81,85.71,0.00,2.79,0.00
CT_ID0684,S000540,Re:GENERATION,DPA,11,tricoro,20,113.51,103.31,106.98,0.00,30.36,0.00
CT_ID0685,S000541,Reflection Into the EDEN,DPA,10,tricoro,20,0.00,0.00,0.00,0.00,0.00,0.00
CT_ID0686,S000542,rumrum triplets,DPH,10,tricoro,20,93.24,85.95,84.28,0.00,25.36,0.00
CT_ID0687,S000542,rumrum triplets,DPA,12,tricoro,20,120.53,124.52,116.27,0.00,26.46,0.00
CT_ID0688,S000543,S!ck,DPA,11,tricoro,20,109.52,102.63,105.81,11.03,80.74,0.00
CT_ID0689,S000544,Saturn,DPH,10,tricoro,20,92.80,73.01,82.85,0.00,8.84,0.00
CT_ID0690,S000544,Saturn,DPA,11,tricoro,20,126.05,119.15,156.26,0.00,9.47,0.00
CT_ID0691,S000545,SHION,DPA,11,tricoro,20,116.14,130.55,110.46,0.00,26.05,0.00
CT_ID0692,S000546,Sol Cosine Job 2,DPH,11,tricoro,20,101.50,76.30,103.48,7.66,35.52,34.67
CT_ID0693,S000546,Sol Cosine Job 2,DPA,12,tricoro,20,126.13,115.39,119.77,1.55,81.53,54.17
CT_ID0694,S000547,STULTI,DPH,10,tricoro,20,82.11,77.49,105.81,0.00,22.81,99.21
CT_ID0695,S000547,STULTI,DPA,12,tricoro,20,132.53,127.75,150.01,0.00,43.01,103.00
CT_ID0696,S000548,SYNC-ANTHEM,DPH,10,tricoro,20,95.91,72.01,85.71,0.00,28.97,20.95
CT_ID0697,S000548,SYNC-ANTHEM,DPA,12,tricoro,20,133.77,132.25,115.12,0.00,31.82,29.90
CT_ID0698,S000549,Synergy For Angels,DPA,11,tricoro,20,123.86,110.16,104.65,0.00,20.14,0.00
CT_ID0699,S000550,Take My Life,DPA,11,tricoro,20,121.69,101.34,111.62,0.00,24.08,0.00
CT_ID0700,S000551,Thor's Hammer,DPH,10,tricoro,20,0.00,0.00,0.00,0.00,0.00,0.00
CT_ID0701,S000551,Thor's Hammer,DPA,12,tricoro,20,155.17,108.39,164.60,0.00,18.34,0.00
CT_ID0702,S000552,Time To Empress,DPA,11,tricoro,20,124.23,121.99,110.47,0.00,33.64,0.00
CT_ID0703,S000553,Timepiece phase II,DPH,11,tricoro,20,106.24,81.52,105.80,0.00,36.03,0.00
CT_ID0704,S000553,Timepiece phase II,DPA,12,tricoro,20,142.79,128.63,133.72,0.00,43.37,0.00
CT_ID0705,S000554,Timepiece phase II (CN Ver.),DPH,11,tricoro,20,87.13,53.61,97.14,127.60,36.03,0.00
CT_ID0706,S000554,Timepiece phase II (CN Ver.),DPA,12,tricoro,20,119.79,100.89,133.73,134.69,41.38,0.00
CT_ID0707,S000555,True Blue,DPH,10,tricoro,20,88.84,39.87,71.41,0.00,11.13,0.00
CT_ID0708,S000555,True Blue,DPA,12,tricoro,20,127.83,116.37,112.78,0.00,12.19,0.00
CT_ID0709,S000556,Valanga,DPH,10,tricoro,20,96.44,85.59,100.00,75.51,21.32,0.00
CT_ID0710,S000556,Valanga,DPA,12,tricoro,20,155.10,156.30,139.53,118.19,26.34,0.00
CT_ID0711,S000557,VALLIS-NERIA,DPH,10,tricoro,20,85.78,82.66,88.57,122.19,17.98,0.00
CT_ID0712,S000557,VALLIS-NERIA,DPA,11,tricoro,20,119.56,133.90,115.10,158.52,44.15,0.00
CT_ID0713,S000558,VEGA,DPA,11,tricoro,20,134.44,136.57,127.91,0.51,37.30,0.00
CT_ID0714,S000559,ZED,DPA,11,tricoro,20,114.26,106.07,125.57,0.00,17.70,0.00
CT_ID0715,S000560,Zirkfied,DPH,10,tricoro,20,77.73,37.03,82.86,0.00,30.43,0.00
CT_ID0716,S000560,Zirkfied,DPA,12,tricoro,20,142.89,146.98,144.18,0.00,25.98,0.00
CT_ID0717,S000561,アストライアの双皿,DPA,12,tricoro,20,117.43,94.27,105.81,110.80,95.09,0.00
CT_ID0718,S000562,お米の美味しい炊き方、そしてお米を食べることによるその効果。,DPA,10,tricoro,20,0.00,0.00,0.00,0.00,0.00,0.00
CT_ID0719,S000563,カジノファイヤーことみちゃん,DPA,12,tricoro,20,126.46,109.12,154.18,20.69,150.80,0.00
CT_ID0720,S000564,キャトられ恋はモ～モク,DPH,10,tricoro,20,97.53,80.71,109.30,0.00,33.40,0.00
CT_ID0721,S000564,キャトられ恋はモ～モク,DPA,12,tricoro,20,151.01,137.12,148.83,0.00,58.98,0.00
CT_ID0722,S000565,シュレーディンガーの猫,DPH,10,tricoro,20,103.91,83.29,95.71,0.00,2.57,0.00
CT_ID0723,S000565,シュレーディンガーの猫,DPA,12,tricoro,20,147.77,134.60,127.90,0.00,10.29,0.00
CT_ID0724,S000566,たまゆら,DPH,10,tricoro,20,98.34,110.92,115.12,0.00,21.42,0.00
CT_ID0725,S000566,たまゆら,DPA,12,tricoro,20,123.15,132.22,131.40,0.00,20.79,0.00
CT_ID0726,S000567,トリカゴノ鳳凰,DPA,12,tricoro,20,120.57,100.05,98.57,0.00,21.34,0.00
CT_ID0727,S000568,メイメツ、フラグメンツ,DPA,11,tricoro,20,100.08,105.24,102.33,0.00,28.78,0.00
CT_ID0728,S000569,ラキラキ,DPA,10,tricoro,20,94.60,81.88,102.32,0.00,13.84,0.00
CT_ID0729,S000570,音楽,DPH,10,tricoro,20,64.11,67.98,84.28,0.00,6.02,160.05
CT_ID0730,S000570,音楽,DPA,12,tricoro,20,92.02,111.46,146.52,0.00,0.00,175.71
CT_ID0731,S000571,仮想空間の旅人たち,DPA,11,tricoro,20,117.92,113.96,111.63,0.00,14.05,0.00
CT_ID0732,S000572,狂イ咲ケ焔ノ華,DPH,10,tricoro,20,0.00,0.00,0.00,0.00,0.00,0.00
CT_ID0733,S000572,狂イ咲ケ焔ノ華,DPA,12,tricoro,20,140.50,112.40,133.72,0.00,16.89,0.00
CT_ID0734,S000573,創世ノート,DPA,11,tricoro,20,99.38,101.89,91.42,0.00,19.25,0.00
CT_ID0735,S000574,即席！脳直★ミュージックシステム,DPA,12,tricoro,20,138.69,120.33,120.93,0.00,85.17,0.00
CT_ID0736,S000575,梅雪夜,DPA,10,tricoro,20,99.00,111.52,103.48,0.00,36.50,0.00
CT_ID0737,S000576,龍と少女とデコヒーレンス,DPA,11,tricoro,20,106.88,73.53,105.81,0.00,10.27,0.00
CT_ID0738,S000577,朧,DPA,10,tricoro,20,86.26,80.28,84.29,0.00,33.74,0.00
CT_ID0739,S000578,ΕΛΠΙΣ,DPH,10,tricoro,20,85.38,20.05,75.72,0.00,18.50,0.00
CT_ID0740,S000578,ΕΛΠΙΣ,DPA,12,tricoro,20,123.76,92.14,113.95,0.00,19.09,0.00
CT_ID0741,S000579,Adularia,DPH,10,SPADA,21,76.65,27.31,84.28,46.20,20.46,0.00
CT_ID0742,S000579,Adularia,DPA,12,SPADA,21,112.47,77.05,105.82,126.38,16.25,0.00
CT_ID0743,S000580,ALBA -黎明-,DPA,11,SPADA,21,125.04,128.74,109.31,102.60,20.16,0.00
CT_ID0744,S000581,Ancient Scapes,DPH,10,SPADA,21,95.20,77.42,100.00,0.00,16.35,0.00
CT_ID0745,S000581,Ancient Scapes,DPA,12,SPADA,21,148.46,130.67,122.09,0.00,17.47,0.00
CT_ID0746,S000582,ATHER,DPA,11,SPADA,21,111.41,110.60,98.57,0.00,75.60,0.00
CT_ID0747,S000583,BLUE DRAGON(雷龍RemixIIDX),DPH,10,SPADA,21,83.67,74.49,91.42,24.83,78.81,0.00
CT_ID0748,S000583,BLUE DRAGON(雷龍RemixIIDX),DPA,11,SPADA,21,111.64,126.95,109.30,29.48,60.76,0.00
CT_ID0749,S000584,BRAINSTORM,DPH,10,SPADA,21,91.88,95.35,84.28,0.00,87.30,0.00
CT_ID0750,S000584,BRAINSTORM,DPA,12,SPADA,21,114.65,114.13,110.46,0.00,106.48,0.00
CT_ID0751,S000585,BRAVE OUT,DPA,11,SPADA,21,98.74,76.17,97.15,0.00,31.33,0.00
CT_ID0752,S000586,Claiomh Solais,DPA,10,SPADA,21,94.73,113.97,90.01,0.00,22.15,0.00
CT_ID0753,S000587,Cleopatrysm,DPA,11,SPADA,21,97.10,70.73,97.15,0.00,81.21,0.00
CT_ID0754,S000588,Close the World feat.a☆ru,DPA,12,SPADA,21,131.81,128.28,122.11,38.51,27.72,0.00
CT_ID0755,S000589,Critical Crystal,DPA,11,SPADA,21,120.46,121.37,134.89,62.25,68.43,0.00
CT_ID0756,S000590,DARK LEGACY,DPA,12,SPADA,21,142.93,155.26,132.56,0.00,32.85,0.00
CT_ID0757,S000591,Devilz Sacrifice -贖罪の羊-,DPA,11,SPADA,21,109.16,95.51,105.82,9.31,27.07,0.00
CT_ID0758,S000592,diagram,DPA,11,SPADA,21,105.45,106.93,105.81,0.00,49.58,0.00
CT_ID0759,S000593,Elektrick U-Phoria,DPA,12,SPADA,21,139.73,121.58,109.31,0.00,39.00,0.00
CT_ID0760,S000594,Engraved Mark,DPA,11,SPADA,21,103.61,87.71,94.29,0.00,76.93,0.00
CT_ID0761,S000595,EXTREME MACH COLLIDER,DPA,10,SPADA,21,79.61,51.58,81.43,7.50,81.63,0.00
CT_ID0762,S000596,Feel The Beat,DPA,11,SPADA,21,127.90,119.87,101.16,0.00,96.65,0.00
CT_ID0763,S000597,Funny shuffle,DPA,11,SPADA,21,120.48,127.30,122.09,0.00,84.05,0.00
CT_ID0764,S000598,HYENA,DPA,11,SPADA,21,115.42,95.41,109.30,0.00,63.10,0.00
CT_ID0765,S000599,Hypersonik,DPA,11,SPADA,21,95.42,100.25,95.72,0.00,19.24,0.00
CT_ID0766,S000600,I will be back -オレは帰ってきた-,DPH,10,SPADA,21,93.54,87.28,102.32,6.81,43.51,0.00
CT_ID0767,S000600,I will be back -オレは帰ってきた-,DPA,12,SPADA,21,131.43,121.40,116.27,35.43,47.35,0.00
CT_ID0768,S000601,Idola,DPH,10,SPADA,21,87.38,97.38,90.00,0.00,6.29,0.00
CT_ID0769,S000601,Idola,DPA,12,SPADA,21,133.62,154.91,147.69,0.00,2.62,0.00
CT_ID0770,S000602,Insane Techniques,DPA,10,SPADA,21,94.43,91.28,92.85,0.00,114.27,0.00
CT_ID0771,S000603,INSOMNIA,DPA,12,SPADA,21,139.22,140.19,144.18,0.00,45.73,0.00
CT_ID0772,S000604,into the battlefield,DPA,10,SPADA,21,96.48,95.22,98.58,0.00,15.73,0.00
CT_ID0773,S000605,invoker,DPH,10,SPADA,21,94.20,86.38,106.97,0.00,59.72,0.00
CT_ID0774,S000605,invoker,DPA,12,SPADA,21,126.87,127.06,126.75,0.00,87.89,0.00
CT_ID0775,S000606,IX,DPH,11,SPADA,21,109.17,84.15,103.49,32.15,14.03,0.00
CT_ID0776,S000606,IX,DPA,12,SPADA,21,169.25,152.29,156.25,55.18,41.52,0.00
CT_ID0777,S000607,KAISER PHOENIX,DPH,10,SPADA,21,114.77,93.84,98.58,0.00,18.02,0.00
CT_ID0778,S000607,KAISER PHOENIX,DPA,11,SPADA,21,138.93,121.98,125.59,0.00,6.23,0.00
CT_ID0779,S000608,KHAMEN BREAK,DPA,10,SPADA,21,83.23,48.02,84.28,3.10,38.03,0.00
CT_ID0780,S000609,Last Dance,DPH,10,SPADA,21,88.16,43.61,90.01,8.18,35.13,0.00
CT_ID0781,S000609,Last Dance,DPA,12,SPADA,21,131.33,117.12,136.05,65.34,21.31,0.00
CT_ID0782,S000610,Lighting Shower,DPA,11,SPADA,21,122.01,107.93,117.44,0.00,20.26,0.00
CT_ID0783,S000611,M.D.Injection,DPA,11,SPADA,21,101.96,79.27,100.00,0.00,0.00,0.00
CT_ID0784,S000612,m1dy Deluxe,DPA,11,SPADA,21,106.46,67.06,112.79,0.00,81.75,0.00
CT_ID0785,S000613,MAD ATTACK,DPA,10,SPADA,21,102.88,103.86,122.11,0.00,38.97,0.00
CT_ID0786,S000614,MAGIC & LOVE,DPA,11,SPADA,21,135.43,141.59,117.44,0.00,26.30,0.00
CT_ID0787,S000615,Miracle 5ympho X,DPA,11,SPADA,21,115.54,117.72,122.09,19.30,43.57,0.00
CT_ID0788,S000616,NPC World,DPA,10,SPADA,21,95.81,68.03,85.71,0.00,25.46,0.00
CT_ID0789,S000617,Odin,DPA,10,SPADA,21,82.47,102.24,92.85,0.00,57.50,71.04
CT_ID0790,S000618,Overload Frontier,DPA,11,SPADA,21,96.49,82.79,91.43,0.00,120.01,0.00
CT_ID0791,S000619,PUNISHER,DPA,12,SPADA,21,150.72,136.96,127.92,0.00,11.46,0.00
CT_ID0792,S000620,ra'am,DPH,10,SPADA,21,94.90,107.69,134.88,24.31,43.60,64.92
CT_ID0793,S000620,ra'am,DPA,12,SPADA,21,134.75,138.14,188.32,30.50,64.07,83.37
CT_ID0794,S000621,rainbow guitar weeps,DPA,12,SPADA,21,133.61,130.21,126.74,0.00,1.75,0.00
CT_ID0795,S000622,refractive index,DPA,11,SPADA,21,118.29,100.57,104.66,0.00,30.24,0.00
CT_ID0796,S000623,RISE,DPA,10,SPADA,21,82.32,66.78,100.00,71.98,22.96,0.00
CT_ID0797,S000624,RIZING YOU UP,DPH,10,SPADA,21,107.31,125.65,97.15,0.00,26.64,0.00
CT_ID0798,S000624,RIZING YOU UP,DPA,12,SPADA,21,138.42,163.99,144.20,0.00,33.90,0.00
CT_ID0799,S000625,SCHWARZSCHILD FIELD,DPA,11,SPADA,21,104.24,64.05,103.50,0.00,92.00,0.00
CT_ID0800,S000626,Sigmund,DPH,10,SPADA,21,107.77,24.98,92.86,49.31,10.12,0.00
CT_ID0801,S000626,Sigmund,DPA,12,SPADA,21,170.41,133.87,140.69,54.39,52.98,0.00
CT_ID0802,S000627,Squeeze,DPA,11,SPADA,21,113.78,90.35,106.97,0.00,32.30,0.00
CT_ID0803,S000628,THE DETONATOR,DPA,10,SPADA,21,104.81,133.24,113.95,0.00,58.41,0.00
CT_ID0804,S000629,Unicorn tail,DPA,12,SPADA,21,128.49,144.22,130.24,0.00,9.80,0.00
CT_ID0805,S000630,Valgus,DPA,11,SPADA,21,93.39,106.61,103.49,0.00,41.20,0.00
CT_ID0806,S000631,Verflucht,DPH,10,SPADA,21,92.81,13.53,81.42,0.00,2.52,0.00
CT_ID0807,S000631,Verflucht,DPA,12,SPADA,21,169.53,135.50,131.39,0.00,10.71,0.00
CT_ID0808,S000632,VOX UP,DPH,11,SPADA,21,109.56,112.54,125.58,0.00,41.77,0.00
CT_ID0809,S000632,VOX UP,DPA,12,SPADA,21,142.59,156.58,162.50,0.00,41.77,0.00
CT_ID0810,S000633,Wonder Girl feat. Kanae Asaba,DPA,10,SPADA,21,117.41,114.42,101.17,0.00,13.69,0.00
CT_ID0811,S000634,アルストロメリア,DPA,10,SPADA,21,99.69,79.88,77.14,0.00,53.71,0.00
CT_ID0812,S000635,お願いアインシュタイン,DPA,10,SPADA,21,97.78,104.75,88.58,0.00,23.02,0.00
CT_ID0813,S000636,デッドボヲルdeホームラン,DPA,11,SPADA,21,125.51,128.53,116.27,0.00,29.40,0.00
CT_ID0814,S000637,バンブーソード・ガール,DPH,10,SPADA,21,83.66,30.02,80.00,0.00,36.89,0.00
CT_ID0815,S000637,バンブーソード・ガール,DPA,12,SPADA,21,141.50,122.17,134.89,0.00,42.53,0.00
CT_ID0816,S000638,海神,DPH,10,SPADA,21,85.81,60.55,84.28,53.87,12.23,0.00
CT_ID0817,S000638,海神,DPA,12,SPADA,21,117.37,113.67,109.31,102.00,6.68,0.00
CT_ID0818,S000639,轟け！恋のビーンボール！！,DPH,10,SPADA,21,96.39,80.62,97.14,0.00,67.36,0.00
CT_ID0819,S000639,轟け！恋のビーンボール！！,DPA,12,SPADA,21,155.81,140.88,129.06,0.00,55.17,0.00
CT_ID0820,S000640,罪と罰,DPA,10,SPADA,21,94.16,92.13,109.31,0.00,4.60,0.00
CT_ID0821,S000641,疾風迅雷,DPH,10,SPADA,21,95.80,37.20,90.00,0.00,16.03,0.00
CT_ID0822,S000641,疾風迅雷,DPA,12,SPADA,21,140.17,117.39,141.85,0.00,9.24,0.00
CT_ID0823,S000642,旋律のドグマ～Miserables～,DPH,10,SPADA,21,94.39,92.46,88.58,2.84,5.14,0.00
CT_ID0824,S000642,旋律のドグマ～Miserables～,DPA,12,SPADA,21,138.28,136.56,130.24,3.10,6.17,0.00
CT_ID0825,S000643,超!!遠距離らぶメ～ル,DPA,11,SPADA,21,108.20,109.34,92.85,0.00,16.58,0.00
CT_ID0826,S000644,廿,DPA,10,SPADA,21,91.17,84.85,97.15,0.00,89.35,35.24
CT_ID0827,S000645,牧神笛吹きて,DPA,11,SPADA,21,82.21,61.13,88.57,0.00,14.28,0.00
CT_ID0828,S000646,煉獄のエルフェリア,DPH,10,SPADA,21,96.61,104.09,106.98,0.00,12.47,0.00
CT_ID0829,S000646,煉獄のエルフェリア,DPA,12,SPADA,21,150.53,152.79,148.84,0.00,10.76,0.00
CT_ID0830,S000648,#The_Relentless,DPA,11,PENDUAL,22,120.18,115.84,112.80,0.00,31.09,0.00
CT_ID0831,S000649,AFRO KNUCKLE,DPA,11,PENDUAL,22,100.94,104.69,126.75,0.00,42.01,0.00
CT_ID0832,S000650,Beat Radiance,DPA,10,PENDUAL,22,118.75,124.48,102.33,0.00,31.08,0.00
CT_ID0833,S000651,Beyond The Earth,DPA,11,PENDUAL,22,106.28,106.54,104.65,70.14,40.60,0.00
CT_ID0834,S000652,Blaze it UP!,DPA,11,PENDUAL,22,122.80,124.53,111.62,31.21,26.95,0.00
CT_ID0835,S000653,BLUE MIRAGE,DPA,11,PENDUAL,22,124.79,103.74,101.16,0.00,87.78,0.00
CT_ID0836,S000654,Broken Sword,DPA,12,PENDUAL,22,151.50,148.16,120.94,0.00,2.90,0.00
CT_ID0837,S000655,Chain of pain,DPA,11,PENDUAL,22,102.34,98.48,105.82,0.00,11.67,0.00
CT_ID0838,S000656,CHRONO DIVER -NORNIR-,DPA,11,PENDUAL,22,125.72,116.58,106.97,0.00,9.37,0.00
CT_ID0839,S000657,Chrono Diver -PENDULUMs-,DPH,11,PENDUAL,22,110.42,83.03,105.81,0.00,8.03,0.00
CT_ID0840,S000657,Chrono Diver -PENDULUMs-,DPA,12,PENDUAL,22,176.93,167.31,154.16,0.00,10.91,0.00
CT_ID0841,S000658,Chronos,DPA,11,PENDUAL,22,114.56,115.71,113.97,120.31,43.09,0.00
CT_ID0842,S000659,cinder,DPA,12,PENDUAL,22,138.54,143.69,130.23,68.70,6.34,0.00
CT_ID0843,S000660,COLOSSEUM,DPA,10,PENDUAL,22,103.92,107.83,102.33,0.00,21.49,0.00
CT_ID0844,S000661,Cosmic Cat,DPA,10,PENDUAL,22,87.53,91.59,91.42,0.00,15.30,0.00
CT_ID0845,S000662,Despair of ELFERIA,DPH,10,PENDUAL,22,0.00,0.00,0.00,0.00,0.00,0.00
CT_ID0846,S000662,Despair of ELFERIA,DPA,12,PENDUAL,22,166.58,186.71,133.72,0.00,2.24,0.00
CT_ID0847,S000663,Discloze,DPA,11,PENDUAL,22,114.11,118.68,101.16,0.00,52.83,80.97
CT_ID0848,S000664,EBONY & IVORY,DPA,12,PENDUAL,22,151.03,143.54,138.37,0.00,21.08,0.00
CT_ID0849,S000665,entelecheia,DPH,10,PENDUAL,22,95.96,73.26,92.85,28.28,0.00,0.00
CT_ID0850,S000665,entelecheia,DPA,12,PENDUAL,22,158.92,144.46,146.52,90.57,0.00,0.00
CT_ID0851,S000666,Erosion Mark,DPA,11,PENDUAL,22,100.26,101.77,90.00,0.00,42.08,0.00
CT_ID0852,S000667,fallen leaves -IIDX edition-,DPA,12,PENDUAL,22,161.87,135.02,144.20,116.68,8.35,0.00
CT_ID0853,S000668,FANTASTIC THREE,DPH,10,PENDUAL,22,88.95,62.62,95.71,15.00,56.97,0.00
CT_ID0854,S000668,FANTASTIC THREE,DPA,12,PENDUAL,22,143.50,137.25,127.89,0.00,110.51,0.00
CT_ID0855,S000669,Flashes,DPA,12,PENDUAL,22,174.20,151.35,141.87,0.00,16.26,0.00
CT_ID0856,S000670,Gravigazer,DPA,12,PENDUAL,22,132.83,109.71,119.76,0.00,42.96,0.00
CT_ID0857,S000671,GUILTY,DPA,11,PENDUAL,22,0.00,0.00,0.00,0.00,0.00,0.00
CT_ID0858,S000672,HELL SCAPER -Last Escape Remix-,DPA,11,PENDUAL,22,97.41,121.62,130.24,0.00,64.47,0.00
CT_ID0859,S000673,Hello Happiness,DPA,11,PENDUAL,22,104.85,81.48,102.32,0.00,104.07,0.00
CT_ID0860,S000674,illuminate,DPA,11,PENDUAL,22,98.14,63.02,85.71,1.03,67.07,0.00
CT_ID0861,S000675,IMPLANTATION,DPA,11,PENDUAL,22,118.21,85.19,98.57,0.00,0.74,0.00
CT_ID0862,S000676,In The Breeze,DPA,10,PENDUAL,22,90.27,83.37,85.72,0.00,8.75,35.95
CT_ID0863,S000677,Invitation from Mr.C,DPA,12,PENDUAL,22,122.78,121.50,131.39,87.00,107.36,0.00
CT_ID0864,S000678,IXION,DPA,11,PENDUAL,22,91.43,85.05,94.29,0.00,26.32,0.00
CT_ID0865,S000679,Line 4 Ruin,DPA,11,PENDUAL,22,107.51,108.20,90.01,0.00,26.63,0.00
CT_ID0866,S000680,Monopole.,DPA,11,PENDUAL,22,111.22,90.25,98.58,40.60,44.11,0.00
CT_ID0867,S000681,NEO GENERATOR SEVEN,DPH,10,PENDUAL,22,88.52,93.50,104.66,0.00,29.12,0.00
CT_ID0868,S000681,NEO GENERATOR SEVEN,DPA,11,PENDUAL,22,120.27,121.94,127.91,0.00,80.95,0.00
CT_ID0869,S000682,Night sky,DPA,12,PENDUAL,22,129.85,122.11,132.56,91.90,39.46,0.00
CT_ID0870,S000683,No Tears,DPA,10,PENDUAL,22,94.93,104.58,92.86,0.00,16.23,0.00
CT_ID0871,S000684,PENDUAL TALISMAN,DPA,10,PENDUAL,22,97.72,116.02,101.16,8.70,8.66,12.43
CT_ID0872,S000685,Rave*it!! Rave*it!!,DPA,12,PENDUAL,22,126.52,140.25,129.06,186.98,100.11,0.00
CT_ID0873,S000686,Realize Maze,DPA,11,PENDUAL,22,115.54,125.39,102.33,0.00,31.07,0.00
CT_ID0874,S000687,Reflux,DPA,12,PENDUAL,22,135.22,128.93,132.56,135.06,59.32,0.00
CT_ID0875,S000688,Sakura Mirage,DPA,10,PENDUAL,22,100.73,87.29,102.32,20.68,50.47,0.00
CT_ID0876,S000689,SAMSARA,DPA,10,PENDUAL,22,0.00,0.00,0.00,0.00,0.00,0.00
CT_ID0877,S000690,Say YEEEAHH,DPH,10,PENDUAL,22,95.56,109.28,94.28,0.00,15.13,0.00
CT_ID0878,S000690,Say YEEEAHH,DPA,12,PENDUAL,22,136.47,165.31,162.51,0.00,13.96,0.00
CT_ID0879,S000691,Scarlet Moon,DPA,11,PENDUAL,22,125.54,105.05,116.27,55.51,34.73,0.00
CT_ID0880,S000692,Scars of FAUNA,DPA,11,PENDUAL,22,113.24,117.08,108.14,178.69,8.23,0.00
CT_ID0881,S000693,Shooting Fireball,DPH,10,PENDUAL,22,85.56,62.87,92.85,0.00,10.52,0.00
CT_ID0882,S000693,Shooting Fireball,DPA,12,PENDUAL,22,138.80,127.25,130.24,0.00,10.51,0.00
CT_ID0883,S000694,Sounds Of Summer,DPA,12,PENDUAL,22,133.16,143.65,127.90,18.87,6.74,0.00
CT_ID0884,S000695,SpaceLand☆TOYBOX,DPA,12,PENDUAL,22,140.07,121.87,119.75,0.00,7.40,0.00
CT_ID0885,S000696,Sweet Radar,DPA,10,PENDUAL,22,86.00,90.29,74.28,0.00,8.94,0.00
CT_ID0886,S000697,Symmetry,DPA,11,PENDUAL,22,132.73,131.82,122.10,0.00,3.48,0.00
CT_ID0887,S000698,TA・DA ☆ YO・SHI,DPA,10,PENDUAL,22,89.50,66.98,77.14,32.41,50.52,0.00
CT_ID0888,S000699,The Least 100sec,DPA,12,PENDUAL,22,130.28,113.85,116.27,0.00,50.44,86.15
CT_ID0889,S000700,TIEFSEE,DPA,12,PENDUAL,22,135.64,112.88,120.94,0.00,3.94,0.00
CT_ID0890,S000701,TOXIC VIBRATION,DPH,10,PENDUAL,22,105.40,82.25,85.71,0.00,15.33,0.00
CT_ID0891,S000701,TOXIC VIBRATION,DPA,12,PENDUAL,22,167.03,154.87,147.69,0.00,30.66,0.00
CT_ID0892,S000702,Vulkan,DPA,11,PENDUAL,22,134.20,124.84,110.46,0.00,7.93,0.00
CT_ID0893,S000703,We're so Happy (P*Light Remix) IIDX ver.,DPH,10,PENDUAL,22,95.39,84.66,91.42,0.00,33.74,0.00
CT_ID0894,S000703,We're so Happy (P*Light Remix) IIDX ver.,DPA,12,PENDUAL,22,138.24,131.43,122.09,0.00,78.74,0.00
CT_ID0895,S000704,Ｘ↑Ｘ↓,DPA,12,PENDUAL,22,123.76,137.17,125.58,0.00,37.42,0.00
CT_ID0896,S000705,ZZ,DPH,10,PENDUAL,22,88.55,43.72,82.85,32.93,7.74,0.00
CT_ID0897,S000705,ZZ,DPA,12,PENDUAL,22,144.84,127.95,138.37,0.00,9.03,0.00
CT_ID0898,S000706,それは花火のような恋,DPH,10,PENDUAL,22,94.80,62.98,78.58,0.00,68.13,0.00
CT_ID0899,S000706,それは花火のような恋,DPA,12,PENDUAL,22,146.90,141.96,112.81,0.00,77.06,0.00
CT_ID0900,S000707,ドッキン☆サマーあばんちゅーる,DPA,11,PENDUAL,22,113.09,134.04,108.13,0.00,40.32,0.00
CT_ID0901,S000708,とろぴかる倶楽部,DPA,11,PENDUAL,22,97.12,110.71,110.46,0.00,134.71,0.00
CT_ID0902,S000709,パ→ピ→プ→Yeah!,DPA,11,PENDUAL,22,120.81,122.31,118.61,117.77,21.16,0.00
CT_ID0903,S000710,ぷろぐれっしぶ時空少女！うらしまたろ子ちゃん！,DPA,10,PENDUAL,22,99.04,95.21,92.85,0.00,38.47,0.00
CT_ID0904,S000711,ベィスドロップ・フリークス,DPA,11,PENDUAL,22,101.80,102.38,98.58,6.03,70.62,0.00
CT_ID0905,S000712,もっと！モット！ときめき feat. 松下,DPA,11,PENDUAL,22,92.91,26.12,87.15,0.00,58.33,0.00
CT_ID0906,S000713,リリーゼと炎龍レーヴァテイン,DPH,10,PENDUAL,22,112.40,91.68,123.26,33.10,32.22,0.00
CT_ID0907,S000713,リリーゼと炎龍レーヴァテイン,DPA,12,PENDUAL,22,167.58,147.88,124.42,107.60,7.88,0.00
CT_ID0908,S000714,夏色DIARY - L.E.D.-G STYLE MIX -,DPH,10,PENDUAL,22,94.94,48.15,87.14,36.37,37.28,0.00
CT_ID0909,S000714,夏色DIARY - L.E.D.-G STYLE MIX -,DPA,12,PENDUAL,22,115.79,86.66,113.95,69.61,50.32,0.00
CT_ID0910,S000715,鬼天,DPH,10,PENDUAL,22,80.41,42.51,82.85,78.36,10.57,0.00
CT_ID0911,S000715,鬼天,DPA,12,PENDUAL,22,123.81,113.17,116.29,117.52,10.57,0.00
CT_ID0912,S000716,共鳴遊戯の華,DPH,10,PENDUAL,22,106.43,108.39,104.65,14.31,16.95,0.00
CT_ID0913,S000716,共鳴遊戯の華,DPA,12,PENDUAL,22,159.35,131.94,127.91,128.81,21.48,0.00
CT_ID0914,S000717,紅牡丹,DPA,11,PENDUAL,22,117.71,107.84,116.27,0.00,70.02,0.00
CT_ID0915,S000718,時空トラベローグ,DPA,11,PENDUAL,22,98.47,56.19,100.00,0.00,11.14,0.00
CT_ID0916,S000719,取り残された美術(Arranged:HiZuMi),DPA,10,PENDUAL,22,104.74,108.69,91.43,0.00,52.31,0.00
CT_ID0917,S000720,十六夜セツナ,DPA,10,PENDUAL,22,96.62,102.80,88.57,28.01,23.82,0.00
CT_ID0918,S000721,少年は空を辿る,DPH,10,PENDUAL,22,83.20,51.63,82.85,25.94,44.70,0.00
CT_ID0919,S000721,少年は空を辿る,DPA,12,PENDUAL,22,147.18,144.74,145.35,53.01,27.72,0.00
CT_ID0920,S000722,千年ノ理,DPA,12,PENDUAL,22,135.62,154.37,130.23,0.00,24.73,0.00
CT_ID0921,S000723,打打打打打打打打打打,DPA,11,PENDUAL,22,119.00,122.97,156.25,13.27,27.67,0.00
CT_ID0922,S000724,超青少年ノ為ノ超多幸ナ超古典的超舞曲,DPA,12,PENDUAL,22,130.45,124.09,111.63,0.00,8.72,0.00
CT_ID0923,S000725,表裏一体！？怪盗いいんちょの悩み,DPH,10,PENDUAL,22,101.68,104.59,91.41,0.00,137.59,0.00
CT_ID0924,S000725,表裏一体！？怪盗いいんちょの悩み,DPA,12,PENDUAL,22,167.00,183.01,154.17,0.00,155.67,0.00
CT_ID0925,S000726,妖隠し -あやかしかくし-,DPA,11,PENDUAL,22,104.61,108.26,90.01,0.00,23.61,0.00
CT_ID0926,S000729,199024club -Re:BounceKiller-,DPH,10,copula,23,65.22,40.52,0.00,0.00,154.59,0.00
CT_ID0927,S000729,199024club -Re:BounceKiller-,DPA,12,copula,23,92.50,89.00,98.57,0.00,176.31,0.00
CT_ID0928,S000730,Acid Pumper,DPA,11,copula,23,98.50,65.36,110.46,113.01,70.11,0.00
CT_ID0929,S000731,Angelic Jelly,DPA,11,copula,23,116.59,106.36,128.15,0.00,54.16,0.00
CT_ID0930,S000732,AO-1,DPH,10,copula,23,0.00,0.00,0.00,0.00,0.00,0.00
CT_ID0931,S000732,AO-1,DPA,12,copula,23,133.55,131.40,156.25,65.00,75.57,0.00
CT_ID0932,S000733,Arcana,DPA,10,copula,23,97.66,73.02,94.28,74.82,11.14,0.00
CT_ID0933,S000734,Aublia,DPA,11,copula,23,96.78,83.72,102.32,59.65,31.34,0.00
CT_ID0934,S000735,Battle Train -IIDX Edition-,DPA,12,copula,23,150.75,125.34,113.95,0.00,13.60,0.00
CT_ID0935,S000736,Blue Spring Express,DPH,10,copula,23,84.62,40.11,84.28,0.00,56.46,0.00
CT_ID0936,S000736,Blue Spring Express,DPA,12,copula,23,135.18,118.14,132.57,0.00,53.98,0.00
CT_ID0937,S000737,Central Station,DPA,10,copula,23,103.43,99.31,92.86,0.00,59.72,0.00
CT_ID0938,S000738,chaos eater -IIDX edition-,DPA,12,copula,23,120.92,125.80,115.11,0.00,38.36,0.00
CT_ID0939,S000739,CODE:1 [revision1.0.1],DPA,12,copula,23,139.38,136.87,147.67,0.00,21.88,0.00
CT_ID0940,S000740,Daily Lunch Special,DPA,11,copula,23,123.12,129.49,110.48,141.96,20.16,0.00
CT_ID0941,S000741,Damage Per Second,DPA,10,copula,23,88.09,95.59,87.14,23.44,33.46,0.00
CT_ID0942,S000742,Derelict Star feat. Ryu*,DPH,10,copula,23,80.19,90.10,85.71,5.77,37.00,0.00
CT_ID0943,S000742,Derelict Star feat. Ryu*,DPA,11,copula,23,109.33,138.40,110.46,35.01,32.30,0.00
CT_ID0944,S000743,Devil's Gear,DPH,10,copula,23,87.14,79.92,98.57,0.00,27.27,0.00
CT_ID0945,S000743,Devil's Gear,DPA,12,copula,23,134.86,139.66,125.60,0.00,36.73,0.00
CT_ID0946,S000744,DIAMOND CROSSING,DPH,10,copula,23,88.25,72.54,81.42,158.90,20.75,0.00
CT_ID0947,S000744,DIAMOND CROSSING,DPA,12,copula,23,153.90,130.37,131.39,200.00,19.40,0.00
CT_ID0948,S000745,do the thing feat. Kanae Asaba,DPA,10,copula,23,99.50,103.24,90.00,0.00,50.22,0.00
CT_ID0949,S000746,Donkey Donk,DPA,11,copula,23,90.85,77.53,88.57,171.19,39.18,0.00
CT_ID0950,S000747,Dynamite,DPH,10,copula,23,0.00,0.00,0.00,0.00,0.00,0.00
CT_ID0951,S000747,Dynamite,DPA,12,copula,23,161.65,192.22,140.69,103.70,151.68,0.00
CT_ID0952,S000748,Everlasting Last,DPA,10,copula,23,97.73,84.80,88.57,0.00,12.91,0.00
CT_ID0953,S000749,GENERATE feat.綾倉盟,DPA,10,copula,23,94.33,100.94,87.15,0.00,7.94,0.00
CT_ID0954,S000750,Go Faraway,DPA,11,copula,23,105.39,118.29,101.16,0.00,15.47,0.00
CT_ID0955,S000751,GOBBLE,DPA,11,copula,23,97.98,77.56,127.92,0.00,22.23,0.00
CT_ID0956,S000751,GOBBLE,DPH,12,copula,23,97.97,77.55,127.91,0.00,26.19,0.00
CT_ID0957,S000752,Godspeed,DPH,10,copula,23,96.73,64.70,94.29,69.91,11.63,0.00
CT_ID0958,S000752,Godspeed,DPA,12,copula,23,150.46,135.72,131.40,105.06,17.44,0.00
CT_ID0959,S000753,Grand Chariot,DPH,10,copula,23,80.00,49.14,77.14,9.47,33.30,0.00
CT_ID0960,S000753,Grand Chariot,DPA,12,copula,23,146.01,144.07,136.05,25.25,30.99,0.00
CT_ID0961,S000754,Highcharge Divolt,DPH,10,copula,23,72.40,39.82,78.57,34.82,26.17,0.00
CT_ID0962,S000754,Highcharge Divolt,DPA,12,copula,23,120.86,112.11,120.93,74.56,34.28,0.00
CT_ID0963,S000755,Inner Spirit,DPA,11,copula,23,120.58,113.39,110.46,0.00,78.06,0.00
CT_ID0964,S000756,Konzert V,DPH,10,copula,23,88.36,37.65,98.58,0.00,9.85,0.00
CT_ID0965,S000756,Konzert V,DPA,11,copula,23,122.56,110.62,108.14,0.00,28.41,0.00
CT_ID0966,S000757,La dolce primavera,DPA,11,copula,23,112.02,122.27,100.00,16.03,10.27,0.00
CT_ID0967,S000758,M4K3 1T B0UNC3,DPH,10,copula,23,83.98,68.85,77.15,36.21,31.71,0.00
CT_ID0968,S000758,M4K3 1T B0UNC3,DPA,12,copula,23,121.08,125.44,137.21,59.96,61.67,0.00
CT_ID0969,S000759,Musik LoverZ,DPA,10,copula,23,92.55,69.30,94.28,0.00,51.78,0.00
CT_ID0970,S000760,NANAIRO,DPA,10,copula,23,105.49,110.68,105.82,0.00,44.29,0.00
CT_ID0971,S000761,Nightmare before oversleep,DPH,10,copula,23,77.51,53.07,87.14,0.00,9.44,0.00
CT_ID0972,S000761,Nightmare before oversleep,DPA,12,copula,23,126.64,133.35,132.56,0.00,5.30,0.00
CT_ID0973,S000762,NINJA IS DEAD IIDX ver.,DPA,12,copula,23,126.06,121.46,125.59,0.00,30.34,55.64
CT_ID0974,S000763,NO LIMIT -オレ達に限界は無い-,DPA,10,copula,23,81.63,91.00,98.58,0.00,130.36,0.00
CT_ID0975,S000764,Nowhere,DPA,11,copula,23,94.77,85.82,97.15,0.00,24.41,0.00
CT_ID0976,S000765,NZM,DPH,10,copula,23,83.57,40.45,82.84,106.48,15.74,0.00
CT_ID0977,S000765,NZM,DPA,12,copula,23,141.43,128.84,127.90,187.36,15.74,0.00
CT_ID0978,S000766,On the FM,DPA,11,copula,23,115.63,116.01,101.16,11.02,110.71,0.00
CT_ID0979,S000767,Outbreak,DPA,11,copula,23,118.12,145.18,112.80,0.00,28.17,0.00
CT_ID0980,S000768,POSSESSION,DPH,10,copula,23,103.09,107.26,106.98,18.10,3.93,130.77
CT_ID0981,S000768,POSSESSION,DPA,12,copula,23,153.28,168.12,139.53,28.86,7.20,159.06
CT_ID0982,S000769,refrain,DPH,10,copula,23,89.93,48.92,85.71,0.00,1.83,0.00
CT_ID0983,S000769,refrain,DPA,12,copula,23,155.10,130.62,126.75,0.00,1.83,0.00
CT_ID0984,S000770,Rock It,DPA,11,copula,23,126.43,79.62,109.30,0.00,16.17,0.00
CT_ID0985,S000771,Routing,DPA,11,copula,23,104.61,110.00,97.16,0.00,53.73,0.00
CT_ID0986,S000772,Sephirot,DPA,10,copula,23,89.54,65.29,84.29,0.00,12.03,0.00
CT_ID0987,S000773,Set U Free feat. Kanae Asaba,DPA,11,copula,23,115.42,101.11,108.14,0.00,5.35,0.00
CT_ID0988,S000774,SHELTER OF THE MIND,DPA,11,copula,23,107.05,105.05,98.58,0.00,20.31,0.00
CT_ID0989,S000775,STARLiGHT,DPA,11,copula,23,110.76,122.50,113.96,0.00,90.77,0.00
CT_ID0990,S000776,STARLIGHT DANCEHALL,DPA,11,copula,23,122.00,131.21,112.80,0.00,55.19,0.00
CT_ID0991,S000777,StrayedCatz,DPA,12,copula,23,105.95,102.55,115.12,0.00,17.69,0.00
CT_ID0992,S000778,Super Duper Racers,DPA,10,copula,23,95.04,92.24,104.65,0.00,45.30,0.00
CT_ID0993,S000779,SURVIVOR,DPA,10,copula,23,86.89,109.95,87.14,0.00,19.33,0.00
CT_ID0994,S000780,Tori-no-kimochi,DPA,11,copula,23,73.59,68.44,104.66,0.00,10.08,0.00
CT_ID0995,S000781,Triple Counter,DPH,10,copula,23,88.24,91.81,88.58,36.36,48.35,0.00
CT_ID0996,S000781,Triple Counter,DPA,12,copula,23,149.61,179.62,138.38,70.75,46.70,0.00
CT_ID0997,S000782,Uh-Oh,DPA,10,copula,23,90.58,90.95,94.29,0.00,138.96,0.00
CT_ID0998,S000783,Violet Pulse,DPA,10,copula,23,103.37,73.23,94.29,0.00,2.31,0.00
CT_ID0999,S000784,Violet Rose,DPH,10,copula,23,93.18,67.70,85.72,0.00,20.04,0.00
CT_ID1000,S000784,Violet Rose,DPA,11,copula,23,121.22,117.11,102.33,0.00,15.51,0.00
CT_ID1001,S000785,Welcome,DPA,11,copula,23,100.36,110.73,103.48,0.00,56.77,0.00
CT_ID1002,S000786,X,DPH,10,copula,23,108.86,79.34,98.57,0.00,8.78,0.00
CT_ID1003,S000786,X,DPA,12,copula,23,168.49,153.67,134.89,0.00,10.53,0.00
CT_ID1004,S000787,ZEPHYRANTHES,DPA,11,copula,23,124.26,91.75,109.30,0.00,30.92,0.00
CT_ID1005,S000788,オルタネイトβ,DPA,10,copula,23,103.28,118.00,88.57,0.00,14.96,0.00
CT_ID1006,S000789,か・し・ま・し☆PUMP UP！,DPA,11,copula,23,114.97,111.47,108.14,0.00,67.37,0.00
CT_ID1007,S000790,ギョギョっと人魚 爆婚ブライダル,DPA,10,copula,23,93.26,110.23,112.80,0.00,58.92,0.00
CT_ID1008,S000791,シュッパツシンコウ・シサカンコ,DPA,10,copula,23,99.54,112.34,94.29,0.00,7.04,0.00
CT_ID1009,S000792,セロトニン,DPA,11,copula,23,98.81,81.96,95.71,25.25,38.75,0.00
CT_ID1010,S000793,めいさいアイドル☆あいむちゃん♪,DPH,10,copula,23,96.38,68.48,81.42,0.00,12.62,0.00
CT_ID1011,S000793,めいさいアイドル☆あいむちゃん♪,DPA,12,copula,23,143.54,140.51,133.72,0.00,10.90,0.00
CT_ID1012,S000794,駅猫のワルツ,DPH,10,copula,23,99.30,39.32,103.49,0.00,35.37,0.00
CT_ID1013,S000794,駅猫のワルツ,DPA,12,copula,23,143.22,106.83,143.02,0.00,30.87,0.00
CT_ID1014,S000795,紫陽花 -AZISAI-,DPH,10,copula,23,84.16,57.35,80.00,7.84,35.78,0.00
CT_ID1015,S000795,紫陽花 -AZISAI-,DPA,12,copula,23,113.10,108.04,110.46,44.40,55.91,0.00
CT_ID1016,S000796,灼熱 Pt.2 Long Train Running,DPH,11,copula,23,80.65,59.21,74.28,3.70,190.07,0.00
CT_ID1017,S000796,灼熱 Pt.2 Long Train Running,DPA,12,copula,23,136.92,139.57,119.77,6.37,200.00,0.00
CT_ID1018,S000797,少女アリスと箱庭幻想コンチェルト,DPA,11,copula,23,101.71,61.24,97.15,135.70,0.00,0.00
CT_ID1019,S000798,真 地獄超特急 -HELL or HELL-,DPH,11,copula,23,88.27,71.55,78.58,134.73,110.02,0.00
CT_ID1020,S000798,真 地獄超特急 -HELL or HELL-,DPA,12,copula,23,134.51,134.65,125.58,181.26,143.22,0.00
CT_ID1021,S000799,星屑ディスタンシア,DPA,10,copula,23,80.12,71.19,74.28,0.00,23.80,0.00
CT_ID1022,S000800,朝焼けから始まるボクらの小さな旅,DPA,11,copula,23,112.11,119.53,146.52,1.29,23.62,60.31
CT_ID1023,S000801,追想快晴テーマパーク,DPH,10,copula,23,87.66,71.77,78.57,0.00,24.05,0.00
CT_ID1024,S000801,追想快晴テーマパーク,DPA,11,copula,23,125.19,120.29,109.30,0.00,14.07,0.00
CT_ID1025,S000802,明鏡止水,DPA,11,copula,23,102.77,102.98,98.57,123.61,10.18,74.39
CT_ID1026,S000803,量子の海のリントヴルム,DPH,10,copula,23,83.27,26.97,71.42,12.93,8.55,0.00
CT_ID1027,S000803,量子の海のリントヴルム,DPA,11,copula,23,125.65,98.87,102.33,58.02,10.52,0.00
CT_ID1028,S000804,麗 ～うらら～,DPH,10,copula,23,79.08,45.05,74.28,0.00,18.69,0.00
CT_ID1029,S000804,麗 ～うらら～,DPA,11,copula,23,107.44,95.05,100.00,0.00,25.69,0.00
CT_ID1030,S000806,!Viva!,DPA,11,SINOBUZ,24,103.78,113.38,95.71,20.94,13.40,0.00
CT_ID1031,S000807,(This Is Not) The Angels,DPA,11,SINOBUZ,24,106.36,104.68,88.57,0.00,27.20,170.45
CT_ID1032,S000808,#MAGiCVLGiRL_TRVP_B3VTZ,DPA,11,SINOBUZ,24,118.35,130.82,109.30,0.00,23.30,0.00
CT_ID1033,S000809,Amazing Mirage,DPA,11,SINOBUZ,24,112.99,109.83,115.12,11.63,58.55,0.00
CT_ID1034,S000810,AO-∞,DPA,10,SINOBUZ,24,0.00,0.00,0.00,0.00,0.00,0.00
CT_ID1035,S000811,Apocalypse,DPA,12,SINOBUZ,24,140.38,141.17,119.77,20.77,43.29,0.00
CT_ID1036,S000812,Around The Galaxy,DPH,10,SINOBUZ,24,94.43,99.64,97.15,0.00,17.06,0.00
CT_ID1037,S000812,Around The Galaxy,DPA,11,SINOBUZ,24,132.28,136.68,113.95,0.00,16.05,0.00
CT_ID1038,S000813,AsiaN distractive,DPA,11,SINOBUZ,24,107.11,124.79,110.47,0.00,13.18,43.93
CT_ID1039,S000814,BabeL ～Grand Story～,DPH,10,SINOBUZ,24,84.64,73.55,78.57,29.39,18.65,0.00
CT_ID1040,S000814,BabeL ～Grand Story～,DPA,12,SINOBUZ,24,119.76,126.33,115.12,55.43,36.12,0.00
CT_ID1041,S000815,Be A Star,DPA,11,SINOBUZ,24,0.00,0.00,0.00,0.00,0.00,0.00
CT_ID1042,S000816,Beat Juggling Mix,DPA,11,SINOBUZ,24,94.40,93.23,120.93,0.00,145.05,113.55
CT_ID1043,S000817,Believe in you,DPA,10,SINOBUZ,24,96.45,109.92,105.82,20.43,12.60,0.00
CT_ID1044,S000818,Beyond The Seven,DPA,11,SINOBUZ,24,110.38,114.54,109.31,0.00,8.83,0.00
CT_ID1045,S000819,BREAK OVER,DPA,11,SINOBUZ,24,87.39,89.82,92.85,0.00,56.05,16.25
CT_ID1046,S000820,Breakin' Chain,DPA,11,SINOBUZ,24,97.78,101.88,91.43,6.72,56.19,0.00
CT_ID1047,S000821,BroGamer,DPA,11,SINOBUZ,24,117.29,132.59,111.64,0.00,134.09,0.00
CT_ID1048,S000822,Caterpillar,DPH,10,SINOBUZ,24,82.81,63.14,84.29,0.00,142.18,0.00
CT_ID1049,S000822,Caterpillar,DPA,12,SINOBUZ,24,132.08,131.98,115.11,0.00,148.93,0.00
CT_ID1050,S000823,crew,DPA,11,SINOBUZ,24,0.00,0.00,0.00,0.00,0.00,0.00
CT_ID1051,S000824,Cyber True Color,DPA,11,SINOBUZ,24,93.69,82.06,97.15,0.00,36.05,0.00
CT_ID1052,S000825,DORNWALD ～Junge～,DPH,10,SINOBUZ,24,91.52,31.33,82.85,0.00,13.26,0.00
CT_ID1053,S000825,DORNWALD ～Junge～,DPA,12,SINOBUZ,24,140.78,110.09,119.77,0.00,6.63,0.00
CT_ID1054,S000826,ECHIDNA,DPH,10,SINOBUZ,24,86.57,50.56,90.01,111.16,16.00,0.00
CT_ID1055,S000826,ECHIDNA,DPA,12,SINOBUZ,24,147.34,130.53,143.03,177.29,33.22,0.00
CT_ID1056,S000827,Egret and Willow,DPA,11,SINOBUZ,24,94.37,112.31,85.72,0.00,58.33,0.00
CT_ID1057,S000828,FUZIN RIZIN,DPA,12,SINOBUZ,24,151.51,156.27,120.93,0.00,24.14,0.00
CT_ID1058,S000829,Go Ahead!!,DPH,10,SINOBUZ,24,61.61,39.56,81.42,23.79,34.10,0.00
CT_ID1059,S000829,Go Ahead!!,DPA,12,SINOBUZ,24,109.51,111.96,160.41,70.86,51.43,0.00
CT_ID1060,S000830,GuNGNiR,DPH,10,SINOBUZ,24,103.67,44.19,97.15,6.20,42.25,0.00
CT_ID1061,S000830,GuNGNiR,DPA,12,SINOBUZ,24,161.87,131.64,147.67,22.58,34.66,0.00
CT_ID1062,S000831,HADES,DPA,12,SINOBUZ,24,122.27,122.06,126.74,0.00,43.82,0.00
CT_ID1063,S000832,HAPPY★RUSH,DPA,11,SINOBUZ,24,115.43,116.10,115.12,21.12,73.22,0.00
CT_ID1064,S000833,Honey Trap,DPA,11,SINOBUZ,24,100.56,102.29,92.85,0.00,72.60,0.00
CT_ID1065,S000834,INVISIBLE STRIX,DPH,10,SINOBUZ,24,81.32,73.41,85.72,0.00,68.18,0.00
CT_ID1066,S000834,INVISIBLE STRIX,DPA,11,SINOBUZ,24,104.19,102.25,101.16,0.00,68.17,0.00
CT_ID1067,S000835,Lost wing at.0,DPA,11,SINOBUZ,24,100.16,82.63,94.29,58.87,10.90,0.00
CT_ID1068,S000836,Macuilxochitl,DPH,10,SINOBUZ,24,90.53,64.90,95.71,0.00,10.32,0.00
CT_ID1069,S000836,Macuilxochitl,DPA,11,SINOBUZ,24,135.67,120.02,113.95,0.00,9.03,0.00
CT_ID1070,S000837,Magical,DPA,10,SINOBUZ,24,77.05,48.19,74.29,0.00,22.27,0.00
CT_ID1071,S000838,Mare Nectaris,DPH,10,SINOBUZ,24,82.74,60.98,92.86,0.51,12.50,0.00
CT_ID1072,S000838,Mare Nectaris,DPA,12,SINOBUZ,24,144.22,93.61,170.85,0.77,17.04,0.00
CT_ID1073,S000839,Modular Technology,DPH,10,SINOBUZ,24,84.42,32.55,75.72,0.00,47.69,0.00
CT_ID1074,S000839,Modular Technology,DPA,11,SINOBUZ,24,119.17,83.40,105.81,0.00,87.66,0.00
CT_ID1075,S000840,Music is The Answer,DPA,10,SINOBUZ,24,90.77,75.47,90.01,0.00,50.79,0.00
CT_ID1076,S000841,nostos,DPA,11,SINOBUZ,24,93.29,105.36,123.26,0.00,2.61,152.23
CT_ID1077,S000842,OOO,DPA,10,SINOBUZ,24,87.39,85.64,85.72,0.00,6.84,0.00
CT_ID1078,S000843,OTENAMI Hurricane,DPH,10,SINOBUZ,24,89.74,79.46,81.43,0.00,57.08,0.00
CT_ID1079,S000843,OTENAMI Hurricane,DPA,12,SINOBUZ,24,139.58,130.24,131.40,0.00,95.33,0.00
CT_ID1080,S000844,PAPAYAPA BASS,DPA,11,SINOBUZ,24,106.23,109.33,94.29,0.00,23.12,0.00
CT_ID1081,S000845,Piano Samurai,DPA,10,SINOBUZ,24,95.74,109.37,109.31,0.00,55.71,0.00
CT_ID1082,S000846,Quakes,DPH,10,SINOBUZ,24,88.68,65.74,95.71,2.57,44.50,0.00
CT_ID1083,S000846,Quakes,DPA,12,SINOBUZ,24,135.57,119.46,130.24,48.89,57.48,0.00
CT_ID1084,S000847,RAIN,DPH,10,SINOBUZ,24,87.00,38.63,87.14,39.05,3.11,0.00
CT_ID1085,S000847,RAIN,DPA,12,SINOBUZ,24,148.99,127.83,133.72,52.67,3.72,0.00
CT_ID1086,S000848,Rave Cannon,DPA,12,SINOBUZ,24,122.74,117.56,119.76,63.45,76.54,0.00
CT_ID1087,S000849,Remedy feat. Kanae Asaba,DPA,10,SINOBUZ,24,90.45,80.01,78.57,0.00,17.33,0.00
CT_ID1088,S000850,ROTTERDAM SHOGUN,DPA,11,SINOBUZ,24,119.15,116.48,101.16,80.43,69.82,0.00
CT_ID1089,S000851,SAMURAI-Scramble,DPA,11,SINOBUZ,24,96.98,110.06,97.15,0.00,177.24,0.00
CT_ID1090,S000852,Sarutobi Champion is 拙者,DPA,11,SINOBUZ,24,129.09,122.49,146.52,0.00,62.71,54.56
CT_ID1091,S000853,SAY BAY,DPA,11,SINOBUZ,24,115.78,109.90,118.61,47.75,105.28,0.00
CT_ID1092,S000854,SEQUENCE CAT,DPH,10,SINOBUZ,24,101.96,84.18,94.29,0.00,16.46,0.00
CT_ID1093,S000854,SEQUENCE CAT,DPA,12,SINOBUZ,24,154.13,154.94,127.92,0.00,12.48,0.00
CT_ID1094,S000855,shuriken,DPA,11,SINOBUZ,24,104.72,103.58,94.29,61.72,17.04,0.00
CT_ID1095,S000856,SINOBUZ Fantasy,DPA,10,SINOBUZ,24,91.81,102.39,97.14,0.00,61.07,0.00
CT_ID1096,S000857,Sky High,DPH,10,SINOBUZ,24,93.38,77.61,90.01,0.00,6.40,0.00
CT_ID1097,S000857,Sky High,DPA,12,SINOBUZ,24,152.45,151.51,137.20,0.00,6.40,0.00
CT_ID1098,S000858,Snakey Kung-fu,DPH,10,SINOBUZ,24,83.49,51.15,78.58,99.13,18.79,0.00
CT_ID1099,S000858,Snakey Kung-fu,DPA,12,SINOBUZ,24,135.21,127.00,118.60,143.18,14.37,0.00
CT_ID1100,S000859,Steel Edge,DPA,11,SINOBUZ,24,108.82,115.66,101.17,110.30,23.15,0.00
CT_ID1101,S000860,Summerlights(IIDX Edition),DPA,12,SINOBUZ,24,133.04,133.21,137.19,78.96,33.13,0.00
CT_ID1102,S000861,Super Rush,DPA,12,SINOBUZ,24,132.08,150.71,146.51,53.09,71.80,0.00
CT_ID1103,S000862,Surf on the Light,DPA,10,SINOBUZ,24,93.55,107.39,88.57,5.34,35.39,101.32
CT_ID1104,S000863,The Commanders,DPA,11,SINOBUZ,24,98.77,114.06,97.14,0.00,29.18,0.00
CT_ID1105,S000864,TOGAKUSHI,DPH,10,SINOBUZ,24,74.46,34.59,71.42,110.33,12.61,0.00
CT_ID1106,S000864,TOGAKUSHI,DPA,12,SINOBUZ,24,108.19,93.59,113.95,163.40,15.02,0.00
CT_ID1107,S000865,Umbral,DPA,10,SINOBUZ,24,81.52,78.85,78.58,0.00,22.29,0.00
CT_ID1108,S000866,Venom,DPH,10,SINOBUZ,24,84.20,59.52,78.58,0.00,34.49,0.00
CT_ID1109,S000866,Venom,DPA,11,SINOBUZ,24,110.87,112.09,94.28,0.00,52.03,0.00
CT_ID1110,S000867,Vermilion,DPA,10,SINOBUZ,24,106.29,69.58,100.00,0.00,21.64,0.00
CT_ID1111,S000868,Warrior,DPA,10,SINOBUZ,24,96.38,114.06,94.28,14.39,32.61,0.00
CT_ID1112,S000869,XINOBIKILL,DPA,11,SINOBUZ,24,121.52,107.87,106.97,108.47,14.87,0.00
CT_ID1113,S000870,yamabiko (SINOBUZ Edition),DPA,11,SINOBUZ,24,99.77,109.55,101.16,3.43,21.11,0.00
CT_ID1114,S000871,Yellow Sketch(RX-Ver.S.P.L.),DPA,11,SINOBUZ,24,121.88,101.42,104.65,19.22,13.96,0.00
CT_ID1115,S000872,イザナミノナゲキ,DPA,12,SINOBUZ,24,143.79,144.19,134.89,80.97,17.30,0.00
CT_ID1116,S000873,〆,DPH,10,SINOBUZ,24,90.16,86.65,78.57,0.51,20.13,0.00
CT_ID1117,S000873,〆,DPA,12,SINOBUZ,24,147.29,158.76,130.23,5.94,67.08,0.00
CT_ID1118,S000874,ディッシュウォッシャー◎彡おいわちゃん,DPA,11,SINOBUZ,24,110.20,118.07,106.98,0.00,47.34,0.00
CT_ID1119,S000875,焔極OVERKILL,DPH,10,SINOBUZ,24,97.78,80.18,101.17,0.00,77.14,0.00
CT_ID1120,S000875,焔極OVERKILL,DPA,12,SINOBUZ,24,157.77,148.88,147.68,0.00,109.03,0.00
CT_ID1121,S000876,火影,DPA,12,SINOBUZ,24,118.87,108.38,115.12,0.00,160.93,0.00
CT_ID1122,S000877,禍根,DPA,11,SINOBUZ,24,100.19,59.05,100.00,0.00,15.26,0.00
CT_ID1123,S000878,九尾狐夜行,DPA,12,SINOBUZ,24,133.19,135.14,115.11,0.00,5.12,0.00
CT_ID1124,S000879,月雪に舞う華のように,DPA,10,SINOBUZ,24,72.93,79.26,71.43,41.04,5.65,6.25
CT_ID1125,S000880,次葉 -turn the page-,DPA,10,SINOBUZ,24,94.95,83.84,98.58,10.86,24.98,0.00
CT_ID1126,S000881,刃図羅,DPH,10,SINOBUZ,24,79.99,62.22,74.29,0.00,19.64,0.00
CT_ID1127,S000881,刃図羅,DPA,12,SINOBUZ,24,132.75,132.76,125.59,0.00,24.56,0.00
CT_ID1128,S000882,津軽雪,DPH,10,SINOBUZ,24,86.46,58.24,92.85,8.69,19.83,0.00
CT_ID1129,S000882,津軽雪,DPA,12,SINOBUZ,24,158.87,150.94,131.40,18.62,25.35,0.00
CT_ID1130,S000883,冬椿 ft. Kanae Asaba,DPA,10,SINOBUZ,24,0.00,0.00,0.00,0.00,0.00,0.00
CT_ID1131,S000884,童話回廊,DPA,12,SINOBUZ,24,128.79,117.32,116.27,0.00,17.96,0.00
CT_ID1132,S000885,忍恋花,DPA,11,SINOBUZ,24,122.19,115.81,144.19,0.00,31.85,0.00
CT_ID1133,S000886,恋はどう？モロ◎波動OK☆方程式!!,DPA,10,SINOBUZ,24,86.42,73.58,75.71,0.00,41.84,0.00
CT_ID1134,S000887,鴉,DPH,10,SINOBUZ,24,92.49,100.03,90.00,0.00,23.71,0.00
CT_ID1135,S000887,鴉,DPA,11,SINOBUZ,24,110.58,119.38,110.47,0.00,25.53,0.00
CT_ID1136,S000889,255,DPA,12,CANNON BALLERS,25,140.40,133.21,134.88,0.00,90.17,0.00
CT_ID1137,S000890,1001 -ESCAPE-,DPA,10,CANNON BALLERS,25,101.19,113.59,97.15,0.00,53.54,0.00
CT_ID1138,S000891,AA -rebuild-,DPH,10,CANNON BALLERS,25,95.51,46.02,91.42,0.00,1.19,0.00
CT_ID1139,S000891,AA -rebuild-,DPA,12,CANNON BALLERS,25,142.02,123.95,130.25,0.00,3.56,0.00
CT_ID1140,S000892,Abraxas,DPA,11,CANNON BALLERS,25,98.10,71.92,100.00,33.70,94.15,0.00
CT_ID1141,S000893,ACCELERATE,DPA,10,CANNON BALLERS,25,100.51,106.05,94.29,0.00,38.79,0.00
CT_ID1142,S000894,Amor De Verao,DPA,11,CANNON BALLERS,25,97.34,87.79,125.59,0.00,51.56,0.00
CT_ID1143,S000895,ANAGMA,DPA,10,CANNON BALLERS,25,100.99,100.17,90.01,0.00,25.99,0.00
CT_ID1144,S000896,ANCHOR,DPH,10,CANNON BALLERS,25,97.82,75.29,88.57,35.34,41.36,0.00
CT_ID1145,S000896,ANCHOR,DPA,12,CANNON BALLERS,25,143.18,142.78,127.90,78.42,32.74,0.00
CT_ID1146,S000897,Antigravity,DPA,12,CANNON BALLERS,25,123.41,104.51,104.65,65.17,70.10,0.00
CT_ID1147,S000898,Arca,DPA,12,CANNON BALLERS,25,122.00,114.29,113.96,0.00,19.05,0.00
CT_ID1148,S000899,Around the Future,DPA,11,CANNON BALLERS,25,103.53,76.00,106.97,0.00,61.00,0.00
CT_ID1149,S000900,Back Spin Sweeper,DPA,11,CANNON BALLERS,25,94.13,70.00,100.00,56.56,65.57,0.00
CT_ID1150,S000901,Battleground,DPA,11,CANNON BALLERS,25,101.48,104.10,91.42,0.00,61.23,0.00
CT_ID1151,S000902,Be a Hero!,DPA,11,CANNON BALLERS,25,123.52,112.60,116.28,0.00,45.35,0.00
CT_ID1152,S000903,Best of Me,DPA,10,CANNON BALLERS,25,87.35,75.73,97.14,6.03,13.90,0.00
CT_ID1153,S000904,Boomy and The Boost,DPA,12,CANNON BALLERS,25,139.24,148.25,134.88,33.27,59.18,0.00
CT_ID1154,S000905,Break Stasis,DPA,10,CANNON BALLERS,25,103.72,102.49,101.17,4.74,38.40,0.00
CT_ID1155,S000906,ChaserXX,DPA,11,CANNON BALLERS,25,107.62,85.40,91.42,0.00,22.61,0.00
CT_ID1156,S000907,Chemical Cookie,DPA,11,CANNON BALLERS,25,98.09,96.49,97.14,0.00,54.26,0.00
CT_ID1157,S000908,City Never Sleeps (IIDX Edition),DPA,11,CANNON BALLERS,25,104.65,110.52,109.30,66.56,6.19,0.00
CT_ID1158,S000909,DEADHEAT,DPH,10,CANNON BALLERS,25,87.83,61.18,75.71,0.00,72.89,0.00
CT_ID1159,S000909,DEADHEAT,DPA,12,CANNON BALLERS,25,145.41,139.82,129.07,0.00,102.98,0.00
CT_ID1160,S000910,DEATH†ZIGOQ ～怒りの高速爆走野郎～,DPH,10,CANNON BALLERS,25,105.69,77.71,90.01,4.12,38.49,0.00
CT_ID1161,S000910,DEATH†ZIGOQ ～怒りの高速爆走野郎～,DPA,12,CANNON BALLERS,25,171.46,158.90,147.67,12.60,47.80,0.00
CT_ID1162,S000911,DropZ-Line-,DPH,10,CANNON BALLERS,25,0.00,0.00,0.00,0.00,0.00,0.00
CT_ID1163,S000911,DropZ-Line-,DPA,12,CANNON BALLERS,25,141.40,128.11,127.90,6.20,73.31,143.40
CT_ID1164,S000912,Eine Haube ～聖地の果てにあるもの～,DPA,12,CANNON BALLERS,25,119.03,108.32,123.26,0.00,4.56,0.00
CT_ID1165,S000913,EMERALDAS,DPH,11,CANNON BALLERS,25,108.54,103.31,125.58,66.56,75.85,102.28
CT_ID1166,S000913,EMERALDAS,DPA,12,CANNON BALLERS,25,149.47,149.29,146.53,109.74,82.07,112.02
CT_ID1167,S000914,encounter,DPA,12,CANNON BALLERS,25,134.05,118.44,125.58,0.00,16.73,0.00
CT_ID1168,S000915,Exhaust Hype,DPA,11,CANNON BALLERS,25,108.26,111.09,98.57,0.00,69.07,0.00
CT_ID1169,S000916,Expanded !!,DPA,10,CANNON BALLERS,25,100.32,110.28,85.72,0.00,30.85,0.00
CT_ID1170,S000917,Fervidex,DPA,11,CANNON BALLERS,25,104.99,116.12,108.13,0.00,5.57,0.00
CT_ID1171,S000918,FREEDOM,DPA,11,CANNON BALLERS,25,113.24,127.66,106.98,0.00,61.59,0.00
CT_ID1172,S000919,From Time To Time,DPH,10,CANNON BALLERS,25,74.50,64.04,72.85,0.00,2.25,0.00
CT_ID1173,S000919,From Time To Time,DPA,11,CANNON BALLERS,25,98.02,74.40,90.02,0.00,2.24,0.00
CT_ID1174,S000920,FUTURE is Dead,DPA,11,CANNON BALLERS,25,87.75,74.50,98.58,0.00,42.86,147.91
CT_ID1175,S000921,HAT TRICK,DPA,10,CANNON BALLERS,25,101.84,112.97,100.00,19.31,67.82,0.00
CT_ID1176,S000922,Hella Deep,DPA,10,CANNON BALLERS,25,75.18,82.98,85.71,9.66,131.01,22.72
CT_ID1177,S000923,HYPE THE CORE,DPH,10,CANNON BALLERS,25,88.93,63.78,88.58,0.00,41.68,0.00
CT_ID1178,S000923,HYPE THE CORE,DPA,12,CANNON BALLERS,25,162.45,179.99,145.35,0.00,41.05,0.00
CT_ID1179,S000924,I Love You,DPA,11,CANNON BALLERS,25,108.27,86.30,105.81,3.36,37.80,0.00
CT_ID1180,S000925,Illusionary Waterlily,DPH,10,CANNON BALLERS,25,95.77,71.37,94.29,12.15,40.07,0.00
CT_ID1181,S000925,Illusionary Waterlily,DPA,12,CANNON BALLERS,25,137.46,125.51,126.74,17.84,41.81,0.00
CT_ID1182,S000926,Initiation,DPH,10,CANNON BALLERS,25,102.12,98.73,98.58,45.43,3.38,0.00
CT_ID1183,S000926,Initiation,DPA,12,CANNON BALLERS,25,156.57,166.22,144.20,120.70,3.38,0.00
CT_ID1184,S000927,"Life Is A Game ft.DD""ナカタ""Metal",DPH,10,CANNON BALLERS,25,90.41,66.50,91.41,0.00,15.50,0.00
CT_ID1185,S000927,"Life Is A Game ft.DD""ナカタ""Metal",DPA,12,CANNON BALLERS,25,130.10,130.19,131.39,0.00,21.26,0.00
CT_ID1186,S000928,LUV DRIVE,DPA,10,CANNON BALLERS,25,87.46,82.74,94.29,31.37,33.57,0.00
CT_ID1187,S000929,MAXIVCORD,DPA,11,CANNON BALLERS,25,113.81,95.33,104.65,78.53,6.44,0.00
CT_ID1188,S000930,n'pa pa BBQ,DPA,11,CANNON BALLERS,25,116.19,114.65,112.80,8.96,18.70,0.00
CT_ID1189,S000931,NITROUS CANNON,DPH,10,CANNON BALLERS,25,78.86,35.31,78.58,3.44,56.13,0.00
CT_ID1190,S000931,NITROUS CANNON,DPA,12,CANNON BALLERS,25,140.11,127.26,123.26,12.41,95.04,0.00
CT_ID1191,S000932,No Limit 2 dAnce feat. 大山愛未,DPA,11,CANNON BALLERS,25,91.15,81.79,92.86,0.00,101.00,0.00
CT_ID1192,S000933,Nothing but Theory,DPA,11,CANNON BALLERS,25,108.88,103.59,98.58,0.00,25.97,0.00
CT_ID1193,S000934,O/D*20,DPH,10,CANNON BALLERS,25,84.15,66.50,88.58,3.44,11.72,0.00
CT_ID1194,S000934,O/D*20,DPA,11,CANNON BALLERS,25,103.66,107.51,113.96,3.44,24.69,0.00
CT_ID1195,S000935,Only for now,DPA,10,CANNON BALLERS,25,89.19,98.67,74.28,0.00,16.45,0.00
CT_ID1196,S000936,Papilio ulysses,DPH,10,CANNON BALLERS,25,83.79,32.16,81.42,0.00,126.58,0.00
CT_ID1197,S000936,Papilio ulysses,DPA,12,CANNON BALLERS,25,114.36,71.31,115.12,90.23,146.28,0.00
CT_ID1198,S000937,Persephone,DPH,10,CANNON BALLERS,25,89.77,87.31,85.71,0.00,28.60,0.00
CT_ID1199,S000937,Persephone,DPA,12,CANNON BALLERS,25,124.60,127.31,125.58,0.00,47.88,0.00
CT_ID1200,S000938,Rampage,DPH,10,CANNON BALLERS,25,87.40,100.84,100.00,1.12,59.07,0.00
CT_ID1201,S000938,Rampage,DPA,12,CANNON BALLERS,25,139.85,180.17,133.72,3.10,57.00,0.00
CT_ID1202,S000939,Raspberry Railgun,DPH,10,CANNON BALLERS,25,88.46,65.43,88.58,0.00,25.25,0.00
CT_ID1203,S000939,Raspberry Railgun,DPA,12,CANNON BALLERS,25,142.05,140.62,119.77,0.00,23.40,0.00
CT_ID1204,S000940,REVOLVER,DPA,11,CANNON BALLERS,25,125.02,105.43,110.48,0.00,20.11,0.00
CT_ID1205,S000941,Slipstream,DPA,12,CANNON BALLERS,25,127.78,120.14,120.94,47.15,68.54,0.00
CT_ID1206,S000942,SPEED DEMON,DPA,11,CANNON BALLERS,25,100.94,91.50,103.49,47.41,102.45,0.00
CT_ID1207,S000943,STARLIGHT JUNCTION,DPA,10,CANNON BALLERS,25,95.84,91.85,85.72,0.00,26.45,0.00
CT_ID1208,S000944,Static State,DPA,10,CANNON BALLERS,25,94.47,79.53,105.82,46.82,42.84,0.00
CT_ID1209,S000945,Temple of Anubis,DPA,11,CANNON BALLERS,25,97.32,101.72,100.00,25.63,75.44,0.00
CT_ID1210,S000946,THE CANNONBALLER,DPH,10,CANNON BALLERS,25,93.12,59.93,92.86,0.00,25.56,0.00
CT_ID1211,S000946,THE CANNONBALLER,DPA,11,CANNON BALLERS,25,130.73,126.86,118.60,0.00,39.40,0.00
CT_ID1212,S000947,The Chase,DPH,10,CANNON BALLERS,25,58.24,32.00,0.00,15.60,167.17,0.00
CT_ID1213,S000947,The Chase,DPA,12,CANNON BALLERS,25,90.24,91.10,104.66,21.29,179.01,0.00
CT_ID1214,S000948,UMMU,DPH,10,CANNON BALLERS,25,88.71,43.46,82.85,21.72,36.25,0.00
CT_ID1215,S000948,UMMU,DPA,11,CANNON BALLERS,25,128.10,111.31,113.95,63.70,59.05,0.00
CT_ID1216,S000949,Usual Days-remix,DPH,10,CANNON BALLERS,25,95.51,65.92,80.00,0.00,12.99,0.00
CT_ID1217,S000949,Usual Days-remix,DPA,12,CANNON BALLERS,25,123.66,113.22,116.29,0.00,23.50,0.00
CT_ID1218,S000950,Xperanza,DPH,10,CANNON BALLERS,25,87.90,85.75,87.14,13.44,40.06,0.00
CT_ID1219,S000950,Xperanza,DPA,12,CANNON BALLERS,25,132.06,135.86,122.10,22.57,94.43,0.00
CT_ID1220,S000951,うさ☆かめ 大戦争！,DPA,11,CANNON BALLERS,25,103.84,101.52,90.00,0.00,72.30,0.00
CT_ID1221,S000952,エディブルフラワーの独白,DPA,10,CANNON BALLERS,25,93.04,103.16,112.80,0.00,15.30,0.00
CT_ID1222,S000953,シムルグの目醒め,DPH,10,CANNON BALLERS,25,98.93,68.67,98.58,0.00,6.25,0.00
CT_ID1223,S000953,シムルグの目醒め,DPA,12,CANNON BALLERS,25,140.42,128.51,144.20,0.00,3.97,0.00
CT_ID1224,S000954,バ→ビ→ブ→Bomb!,DPA,11,CANNON BALLERS,25,104.72,100.31,103.49,24.56,80.82,0.00
CT_ID1225,S000955,ハイ*ビスカス ft. Kanae Asaba,DPA,10,CANNON BALLERS,25,99.96,79.60,94.29,0.00,10.82,0.00
CT_ID1226,S000956,バスルーム ロマンス,DPA,10,CANNON BALLERS,25,96.47,80.72,87.14,0.00,23.79,0.00
CT_ID1227,S000957,パラドキシカル・タイムリープトライアル(Short Ver.),DPA,11,CANNON BALLERS,25,120.92,119.05,112.79,0.00,28.27,0.00
CT_ID1228,S000958,ラストセンチュリーメランコリック,DPA,11,CANNON BALLERS,25,82.70,68.06,94.28,129.90,56.15,0.00
CT_ID1229,S000959,共犯ヘヴンズコード,DPA,10,CANNON BALLERS,25,95.34,105.04,91.42,0.00,46.55,0.00
CT_ID1230,S000960,純真可憐デザイア,DPA,10,CANNON BALLERS,25,86.27,81.53,80.00,0.00,46.75,0.00
CT_ID1231,S000961,神謳 -RESONANCE-,DPH,10,CANNON BALLERS,25,100.30,88.19,85.72,0.00,12.08,0.00
CT_ID1232,S000961,神謳 -RESONANCE-,DPA,12,CANNON BALLERS,25,154.20,156.17,126.75,0.00,25.27,0.00
CT_ID1233,S000962,草原の王女-軌跡を辿って-,DPA,10,CANNON BALLERS,25,97.89,106.65,84.29,0.00,10.96,0.00
CT_ID1234,S000963,東京神話,DPA,12,CANNON BALLERS,25,127.91,115.65,139.54,0.00,51.62,0.00
CT_ID1235,S000964,命の標本,DPA,11,CANNON BALLERS,25,100.54,108.50,112.79,0.00,18.74,0.00
CT_ID1236,S000966,& Intelligence,DPA,11,Rootage,26,127.69,105.58,110.47,35.77,110.60,0.00
CT_ID1237,S000967,50th Memorial Songs -Beginning Story-,DPA,11,Rootage,26,112.30,116.10,104.65,102.00,30.55,0.00
CT_ID1238,S000968,50th Memorial Songs -Flagship medley-,DPA,10,Rootage,26,98.26,110.94,94.28,0.00,44.51,56.02
CT_ID1239,S000969,50th Memorial Songs -The BEMANI History-,DPA,11,Rootage,26,105.11,104.10,111.63,5.00,24.76,0.00
CT_ID1240,S000970,50th Memorial Songs -二人の時 ～under the cherry blossoms～-,DPA,10,Rootage,26,0.00,0.00,0.00,0.00,0.00,0.00
CT_ID1241,S000971,Afterimage d'automne,DPA,12,Rootage,26,124.94,116.81,127.91,140.02,7.70,0.00
CT_ID1242,S000972,BLACK JACKAL,DPA,10,Rootage,26,93.68,78.88,98.57,26.98,71.55,0.00
CT_ID1243,S000973,BLOSSOM,DPA,10,Rootage,26,100.38,80.06,90.00,24.92,23.22,0.00
CT_ID1244,S000974,Carmina,DPH,10,Rootage,26,97.14,44.24,94.27,74.39,13.60,0.00
CT_ID1245,S000974,Carmina,DPA,12,Rootage,26,155.14,137.63,144.18,133.80,23.80,0.00
CT_ID1246,S000975,Carry Me Away,DPA,12,Rootage,26,124.47,118.12,116.28,1.20,62.61,0.00
CT_ID1247,S000976,Catch Our Fire!,DPH,10,Rootage,26,94.01,64.48,88.58,0.00,33.81,0.00
CT_ID1248,S000976,Catch Our Fire!,DPA,12,Rootage,26,150.10,143.77,127.91,0.00,37.89,0.00
CT_ID1249,S000977,CODE:0,DPH,10,Rootage,26,83.83,41.26,92.85,0.00,61.35,0.00
CT_ID1250,S000977,CODE:0,DPA,11,Rootage,26,106.96,92.57,101.16,0.00,102.54,0.00
CT_ID1251,S000978,CoMAAAAAAA,DPH,10,Rootage,26,92.22,92.25,78.57,0.00,36.30,0.00
CT_ID1252,S000978,CoMAAAAAAA,DPA,10,Rootage,26,104.67,109.50,95.71,0.00,34.52,0.00
CT_ID1253,S000979,COSMIC CYBER,DPA,11,Rootage,26,117.89,91.72,106.98,0.00,53.22,0.00
CT_ID1254,S000980,Cranberry City ft. Luschel,DPA,10,Rootage,26,100.53,90.25,82.86,70.34,21.71,0.00
CT_ID1255,S000981,dAuntl3ss,DPH,10,Rootage,26,90.60,61.22,92.86,0.00,1.16,0.00
CT_ID1256,S000981,dAuntl3ss,DPA,12,Rootage,26,140.14,123.94,129.07,0.00,9.88,0.00
CT_ID1257,S000982,Dr. Chemical & Killing Machine,DPA,12,Rootage,26,159.38,144.97,146.51,0.00,12.71,0.00
CT_ID1258,S000983,Drastic Dramatic,DPH,10,Rootage,26,103.00,72.18,84.29,0.00,11.58,0.00
CT_ID1259,S000983,Drastic Dramatic,DPA,12,Rootage,26,144.24,127.58,116.28,0.00,10.36,0.00
CT_ID1260,S000984,DRUNK MONKY,DPA,11,Rootage,26,129.40,107.70,104.66,0.00,28.47,0.00
CT_ID1261,S000985,Ember Lights,DPA,11,Rootage,26,105.47,105.23,103.49,158.57,8.44,0.00
CT_ID1262,S000986,EVANESCENT,DPH,10,Rootage,26,92.06,39.01,80.00,3.62,36.11,102.56
CT_ID1263,S000986,EVANESCENT,DPA,12,Rootage,26,144.41,119.17,116.28,83.44,30.87,122.12
CT_ID1264,S000987,Garuda,DPA,11,Rootage,26,125.32,115.29,103.49,7.15,44.11,0.00
CT_ID1265,S000988,Geirskogul,DPA,10,Rootage,26,85.32,86.80,100.00,48.87,42.93,0.00
CT_ID1266,S000989,GENE,DPA,12,Rootage,26,139.50,133.15,118.61,0.00,3.09,0.00
CT_ID1267,S000990,GIGA THRASH,DPA,12,Rootage,26,118.40,114.50,116.27,15.34,23.26,0.00
CT_ID1268,S000991,Glory,DPA,10,Rootage,26,91.55,84.66,87.15,0.00,47.15,0.00
CT_ID1269,S000992,GO OVER WITH GLARE -ROOTAGE 26-,DPH,10,Rootage,26,87.39,82.68,87.15,18.62,39.67,0.00
CT_ID1270,S000992,GO OVER WITH GLARE -ROOTAGE 26-,DPA,12,Rootage,26,138.39,149.20,127.91,45.25,17.24,0.00
CT_ID1271,S000993,HARD BRAIN,DPA,12,Rootage,26,144.09,129.60,125.60,66.82,23.35,0.00
CT_ID1272,S000994,HEISEI,DPH,10,Rootage,26,80.66,79.12,87.14,50.09,2.90,0.00
CT_ID1273,S000994,HEISEI,DPA,11,Rootage,26,0.00,0.00,0.00,0.00,0.00,0.00
CT_ID1274,S000995,IDC feat.REVERBEE (Mo'Cuts Ver),DPH,10,Rootage,26,63.44,45.42,61.42,1.37,152.61,0.00
CT_ID1275,S000995,IDC feat.REVERBEE (Mo'Cuts Ver),DPA,11,Rootage,26,82.82,86.10,80.00,1.72,162.39,0.00
CT_ID1276,S000996,IDOL syndrome.,DPA,10,Rootage,26,87.54,87.20,84.28,60.25,31.33,0.00
CT_ID1277,S000997,KILL EACH OTHER,DPH,10,Rootage,26,91.01,51.08,85.71,0.00,35.75,0.00
CT_ID1278,S000997,KILL EACH OTHER,DPA,12,Rootage,26,139.27,131.89,116.28,0.00,56.35,0.00
CT_ID1279,S000998,L.F.O,DPA,12,Rootage,26,131.40,120.75,133.73,2.50,34.76,0.00
CT_ID1280,S000999,LADYBIRD,DPA,11,Rootage,26,0.00,0.00,0.00,0.00,0.00,0.00
CT_ID1281,S001000,Let me be your cure,DPA,10,Rootage,26,100.16,95.14,91.43,0.00,16.48,0.00
CT_ID1282,S001001,Lethal Weapon,DPA,12,Rootage,26,134.80,123.98,122.11,2.31,33.54,113.28
CT_ID1283,S001002,Level One,DPH,10,Rootage,26,86.57,77.52,77.15,39.65,156.82,0.00
CT_ID1284,S001002,Level One,DPA,12,Rootage,26,142.67,134.60,132.55,75.00,181.01,0.00
CT_ID1285,S001003,Lift Us High,DPA,10,Rootage,26,94.06,74.92,82.86,0.00,54.68,0.00
CT_ID1286,S001004,LOST TECHNOLOGIE,DPA,12,Rootage,26,141.46,119.93,134.88,1.28,67.99,0.00
CT_ID1287,S001005,Macho Monky,DPH,10,Rootage,26,86.42,73.34,103.48,1.55,119.63,0.00
CT_ID1288,S001005,Macho Monky,DPA,12,Rootage,26,120.35,124.38,117.44,1.55,122.34,0.00
CT_ID1289,S001006,Necroxis Girl,DPA,12,Rootage,26,123.11,113.21,127.90,25.25,60.32,0.00
CT_ID1290,S001007,"Next Tales 2 Oath (IIDX 20th Anniv ""Ring"" Theme)",DPA,11,Rootage,26,0.00,0.00,0.00,0.00,0.00,0.00
CT_ID1291,S001008,Night! Night! Night!,DPA,12,Rootage,26,118.16,109.02,106.97,0.00,55.19,0.00
CT_ID1292,S001009,ONIGOROSHI,DPH,10,Rootage,26,88.26,65.24,87.14,38.87,66.33,0.00
CT_ID1293,S001009,ONIGOROSHI,DPA,12,Rootage,26,120.62,112.93,110.46,71.81,90.61,0.00
CT_ID1294,S001010,Painful Fate,DPH,10,Rootage,26,83.04,58.00,84.28,71.38,2.76,0.00
CT_ID1295,S001010,Painful Fate,DPA,12,Rootage,26,126.25,119.30,124.42,132.64,6.65,0.00
CT_ID1296,S001011,Playing With Fire,DPA,11,Rootage,26,102.01,91.94,103.48,44.56,57.82,0.00
CT_ID1297,S001012,R∞tAge,DPA,11,Rootage,26,107.21,118.17,100.00,0.00,51.73,0.00
CT_ID1298,S001013,Red. by Jack Trance,DPH,10,Rootage,26,89.34,87.48,84.28,2.06,178.85,0.00
CT_ID1299,S001013,Red. by Jack Trance,DPA,12,Rootage,26,128.68,131.08,122.10,2.05,192.01,0.00
CT_ID1300,S001014,REPLAY,DPA,11,Rootage,26,110.77,109.66,97.15,0.00,6.52,0.00
CT_ID1301,S001015,ROCK女 feat. 大山愛未， Ken,DPA,11,Rootage,26,115.65,90.10,102.32,93.62,20.24,0.00
CT_ID1302,S001016,ruin of opals,DPH,10,Rootage,26,80.90,34.78,0.00,53.36,16.03,166.26
CT_ID1303,S001016,ruin of opals,DPA,12,Rootage,26,129.35,102.32,125.57,82.24,19.59,184.81
CT_ID1304,S001017,SPEED ROCKER,DPA,10,Rootage,26,103.07,69.01,109.30,35.08,17.62,0.00
CT_ID1305,S001018,Technicolour Dreams,DPA,10,Rootage,26,108.69,117.33,92.86,0.00,23.30,0.00
CT_ID1306,S001019,The Best of Both Worlds,DPA,10,Rootage,26,95.92,63.37,97.15,87.15,18.23,0.00
CT_ID1307,S001020,THE DAY OF JUBILATIONS,DPH,10,Rootage,26,102.01,91.29,87.14,76.63,39.00,0.00
CT_ID1308,S001020,THE DAY OF JUBILATIONS,DPA,12,Rootage,26,160.04,147.40,127.91,121.86,42.10,0.00
CT_ID1309,S001021,The Rebellion of Sequencer,DPH,10,Rootage,26,90.75,49.95,92.85,2.06,47.92,0.00
CT_ID1310,S001021,The Rebellion of Sequencer,DPA,12,Rootage,26,143.59,126.50,132.55,16.29,17.48,0.00
CT_ID1311,S001022,toy boxer,DPA,10,Rootage,26,103.01,97.32,94.28,0.00,14.63,0.00
CT_ID1312,S001023,ToyCube Pf.(RX-Ver.S.P.L.),DPA,11,Rootage,26,108.72,127.97,101.17,0.00,20.19,44.95
CT_ID1313,S001024,Trill auf G,DPH,10,Rootage,26,83.08,44.60,74.28,0.00,8.15,0.00
CT_ID1314,S001024,Trill auf G,DPA,12,Rootage,26,127.37,122.51,127.91,0.00,11.64,0.00
CT_ID1315,S001025,Unbelief,DPH,10,Rootage,26,83.18,50.13,104.65,76.63,6.22,0.00
CT_ID1316,S001025,Unbelief,DPA,12,Rootage,26,131.96,120.78,125.59,167.60,7.91,0.00
CT_ID1317,S001026,UNDERWORLD HOLOGRAPHY,DPA,11,Rootage,26,124.10,120.41,106.98,0.00,19.47,0.00
CT_ID1318,S001027,Urban Constellations,DPA,11,Rootage,26,102.35,100.54,103.49,117.01,33.74,0.00
CT_ID1319,S001028,Visterhv,DPH,10,Rootage,26,90.62,64.81,84.29,65.17,16.84,0.00
CT_ID1320,S001028,Visterhv,DPA,12,Rootage,26,140.90,131.68,136.05,133.99,16.83,0.00
CT_ID1321,S001029,voltississimo,DPH,10,Rootage,26,94.34,73.02,88.57,62.75,27.51,0.00
CT_ID1322,S001029,voltississimo,DPA,12,Rootage,26,152.35,155.25,170.83,49.74,47.70,0.00
CT_ID1323,S001030,Wing of Hearts,DPA,11,Rootage,26,106.66,124.55,102.33,17.24,51.90,0.00
CT_ID1324,S001031,Wolf 1061,DPA,11,Rootage,26,115.93,103.94,122.10,118.84,4.52,0.00
CT_ID1325,S001032,Wonderland,DPA,11,Rootage,26,110.76,106.72,100.00,0.00,53.58,0.00
CT_ID1326,S001033,X-DEN,DPH,11,Rootage,26,116.97,96.35,123.26,12.15,56.63,0.00
CT_ID1327,S001033,X-DEN,DPA,12,Rootage,26,177.83,165.08,182.23,18.18,77.43,0.00
CT_ID1328,S001034,XENON II ～TOMOYUKIの野望～,DPA,11,Rootage,26,126.00,100.06,103.49,76.29,31.94,0.00
CT_ID1329,S001035,Xlo,DPH,10,Rootage,26,102.97,54.40,88.57,0.00,49.22,0.00
CT_ID1330,S001035,Xlo,DPA,12,Rootage,26,155.22,122.70,122.10,0.00,84.37,0.00
CT_ID1331,S001036,Yum Yum Jelly,DPA,11,Rootage,26,106.35,94.88,103.48,81.21,39.54,0.00
CT_ID1332,S001037,ZENDEGI DANCE,DPA,11,Rootage,26,110.83,110.14,102.32,0.00,14.88,0.00
CT_ID1333,S001038,おーまい！らぶりー！すうぃーてぃ！だーりん！,DPA,11,Rootage,26,116.49,100.54,100.00,0.00,31.40,0.00
CT_ID1334,S001039,お菓子の王国,DPH,10,Rootage,26,0.00,0.00,0.00,0.00,0.00,0.00
CT_ID1335,S001039,お菓子の王国,DPA,12,Rootage,26,162.73,148.85,138.38,0.00,17.74,0.00
CT_ID1336,S001040,グラナダの風,DPA,10,Rootage,26,89.22,61.79,90.00,0.00,18.84,0.00
CT_ID1337,S001041,ハードベース・フェスタ,DPA,11,Rootage,26,113.11,113.64,109.30,0.00,56.89,0.00
CT_ID1338,S001042,ミッドナイト☆WAR,DPA,11,Rootage,26,111.16,106.20,123.25,84.74,26.97,0.00
CT_ID1339,S001043,夏の匂い。キミの残像。 ft. Kanae Asaba,DPA,10,Rootage,26,100.51,122.22,95.71,0.00,21.04,0.00
CT_ID1340,S001044,花冠 feat.Aikapin,DPA,11,Rootage,26,104.88,104.51,111.63,0.00,159.63,57.30
CT_ID1341,S001045,金野火織の金色提言,DPH,10,Rootage,26,95.13,90.47,94.28,13.36,61.81,0.00
CT_ID1342,S001045,金野火織の金色提言,DPA,12,Rootage,26,135.46,139.06,130.24,49.49,57.66,0.00
CT_ID1343,S001046,最小三倍完全数,DPH,10,Rootage,26,80.03,50.06,95.71,1.37,15.71,0.00
CT_ID1344,S001046,最小三倍完全数,DPA,12,Rootage,26,125.60,122.66,132.55,1.36,55.64,0.00
CT_ID1345,S001047,泰東ノ翠霞,DPA,12,Rootage,26,95.98,105.85,120.93,0.00,45.28,0.00
CT_ID1346,S001048,爆ゼニ☆がってんワーカー,DPA,11,Rootage,26,104.22,102.95,102.33,0.00,20.89,0.00
CT_ID1347,S001049,抱きしめてモナムール,DPH,10,Rootage,26,87.04,59.11,77.14,7.05,49.08,0.00
CT_ID1348,S001049,抱きしめてモナムール,DPA,12,Rootage,26,155.44,157.56,123.25,12.75,51.74,0.00
CT_ID1349,S001050,龍王の霊廟(Mausoleum Of The Primal Dragon),DPH,10,Rootage,26,80.44,35.63,74.29,27.75,0.00,0.00
CT_ID1350,S001050,龍王の霊廟(Mausoleum Of The Primal Dragon),DPA,11,Rootage,26,121.00,104.05,97.13,33.96,0.00,0.00
CT_ID1351,S001053,27th style,DPA,11,HEROIC VERSE,27,98.10,90.84,95.72,0.00,120.81,0.00
CT_ID1352,S001054,Advent Infamous,DPA,11,HEROIC VERSE,27,113.60,106.23,122.10,100.14,98.69,0.00
CT_ID1353,S001055,AKASHIC BREAK,DPH,10,HEROIC VERSE,27,95.71,78.21,88.58,0.00,64.04,0.00
CT_ID1354,S001055,AKASHIC BREAK,DPA,12,HEROIC VERSE,27,145.44,150.25,122.10,4.99,35.04,0.00
CT_ID1355,S001056,Artist,DPH,10,HEROIC VERSE,27,100.96,40.42,102.32,18.53,20.36,0.00
CT_ID1356,S001056,Artist,DPA,12,HEROIC VERSE,27,157.86,129.08,131.40,47.78,16.75,0.00
CT_ID1357,S001057,Backyard Stars,DPA,11,HEROIC VERSE,27,97.37,65.75,100.00,0.00,13.61,0.00
CT_ID1358,S001058,BEAT PRISONER,DPA,12,HEROIC VERSE,27,146.86,141.42,164.58,179.99,90.41,0.00
CT_ID1359,S001059,beatAffection,DPA,10,HEROIC VERSE,27,87.65,75.67,75.71,36.12,15.85,0.00
CT_ID1360,S001060,Beautiful Harmony (IIDX Mix),DPA,11,HEROIC VERSE,27,92.76,92.83,126.75,0.00,18.46,0.00
CT_ID1361,S001061,Bow shock!!,DPA,11,HEROIC VERSE,27,121.10,116.12,112.79,0.00,9.59,0.00
CT_ID1362,S001062,Calvados Queen,DPA,10,HEROIC VERSE,27,94.52,106.70,90.00,5.43,24.27,0.00
CT_ID1363,S001063,Change Yourself,DPA,11,HEROIC VERSE,27,101.68,86.67,105.81,35.43,42.53,0.00
CT_ID1364,S001064,Dans la nuit de l'eternite,DPH,10,HEROIC VERSE,27,86.15,80.16,88.58,0.00,28.93,0.00
CT_ID1365,S001064,Dans la nuit de l'eternite,DPA,12,HEROIC VERSE,27,142.94,150.96,118.60,0.00,19.85,0.00
CT_ID1366,S001065,Do What You Want,DPA,10,HEROIC VERSE,27,100.83,101.54,104.66,83.28,51.06,0.00
CT_ID1367,S001066,Double Dribble,DPH,10,HEROIC VERSE,27,0.00,0.00,0.00,0.00,0.00,0.00
CT_ID1368,S001066,Double Dribble,DPA,12,HEROIC VERSE,27,147.83,174.92,123.26,0.00,49.19,0.00
CT_ID1369,S001067,EROICA,DPH,10,HEROIC VERSE,27,95.99,71.77,110.46,112.59,15.27,0.00
CT_ID1370,S001067,EROICA,DPA,12,HEROIC VERSE,27,194.01,162.74,198.90,138.10,20.56,0.00
CT_ID1371,S001068,Everlasting Message,DPH,11,HEROIC VERSE,27,91.08,61.19,112.80,50.19,42.98,0.00
CT_ID1372,S001068,Everlasting Message,DPA,12,HEROIC VERSE,27,142.82,128.23,141.86,156.56,72.42,0.00
CT_ID1373,S001069,Fly Above (Vicissitude Remix),DPA,10,HEROIC VERSE,27,102.03,106.71,97.15,0.00,17.04,0.00
CT_ID1374,S001070,Forgetting Machine,DPA,10,HEROIC VERSE,27,77.30,34.59,97.15,62.51,18.07,0.00
CT_ID1375,S001071,Friction[!]Function,DPA,12,HEROIC VERSE,27,120.68,112.42,120.94,22.50,105.18,0.00
CT_ID1376,S001072,GHOST,DPA,11,HEROIC VERSE,27,110.71,104.48,110.47,0.00,58.69,88.44
CT_ID1377,S001073,GIGA VIOLATE,DPA,11,HEROIC VERSE,27,116.81,114.03,118.61,26.03,51.36,0.00
CT_ID1378,S001074,Hold My Hand,DPA,10,HEROIC VERSE,27,98.72,111.68,95.72,0.00,38.29,0.00
CT_ID1379,S001075,If,DPA,10,HEROIC VERSE,27,85.71,70.84,88.58,38.62,16.42,0.00
CT_ID1380,S001076,Inferno of Fomalhaut,DPA,12,HEROIC VERSE,27,135.86,116.73,146.52,102.83,107.28,0.00
CT_ID1381,S001077,Infinity Mirror,DPA,10,HEROIC VERSE,27,97.79,84.33,88.57,117.26,1.66,0.00
CT_ID1382,S001078,Into The Madness,DPA,11,HEROIC VERSE,27,104.42,101.67,106.97,22.93,57.65,0.00
CT_ID1383,S001079,LASER CRUSTER (IGNITE REMIX),DPA,12,HEROIC VERSE,27,131.44,117.12,116.28,13.01,97.89,0.00
CT_ID1384,S001080,Level 2,DPH,10,HEROIC VERSE,27,72.82,40.39,75.71,10.43,140.44,0.00
CT_ID1385,S001080,Level 2,DPA,12,HEROIC VERSE,27,122.30,119.92,130.23,32.75,158.53,0.00
CT_ID1386,S001081,LIGHTNING STRIKES,DPA,12,HEROIC VERSE,27,149.07,136.51,125.58,34.39,32.87,0.00
CT_ID1387,S001082,Like+it!,DPA,11,HEROIC VERSE,27,104.29,81.63,98.57,0.00,69.33,0.00
CT_ID1388,S001083,Lords Of The Roundtable,DPH,10,HEROIC VERSE,27,65.28,45.80,74.29,9.74,166.68,0.00
CT_ID1389,S001083,Lords Of The Roundtable,DPA,12,HEROIC VERSE,27,115.64,120.31,124.41,83.36,193.12,0.00
CT_ID1390,S001084,Lost Souls,DPA,11,HEROIC VERSE,27,113.47,84.39,101.17,0.00,34.08,0.00
CT_ID1391,S001085,Matt Silver,DPA,12,HEROIC VERSE,27,134.29,114.37,130.22,0.00,34.76,0.00
CT_ID1392,S001086,Megalara Garuda,DPH,10,HEROIC VERSE,27,82.61,57.89,92.85,52.15,5.95,0.00
CT_ID1393,S001086,Megalara Garuda,DPA,12,HEROIC VERSE,27,121.25,117.38,122.10,87.13,9.51,0.00
CT_ID1394,S001087,Moving on,DPA,11,HEROIC VERSE,27,118.53,104.04,108.13,0.00,26.02,0.00
CT_ID1395,S001088,Nasty Techniques,DPA,11,HEROIC VERSE,27,96.91,93.94,108.14,65.87,20.64,0.00
CT_ID1396,S001089,ORCA,DPH,10,HEROIC VERSE,27,98.32,71.63,92.85,1.03,35.48,0.00
CT_ID1397,S001089,ORCA,DPA,12,HEROIC VERSE,27,144.12,137.03,132.56,2.67,57.95,0.00
CT_ID1398,S001090,OUTER PLANETS,DPA,10,HEROIC VERSE,27,87.21,72.47,84.29,142.37,28.16,0.00
CT_ID1399,S001091,Override,DPA,11,HEROIC VERSE,27,114.38,104.05,100.00,0.00,50.91,0.00
CT_ID1400,S001092,PHASE SHIFT MANEUVER,DPA,11,HEROIC VERSE,27,110.17,103.48,102.32,22.50,19.40,0.00
CT_ID1401,S001093,Primitive Vibes,DPA,12,HEROIC VERSE,27,123.28,119.42,103.48,5.43,109.85,0.00
CT_ID1402,S001094,Queen Kaguya,DPA,11,HEROIC VERSE,27,104.42,89.21,103.49,58.71,25.68,0.00
CT_ID1403,S001095,Rainstorm,DPA,10,HEROIC VERSE,27,88.80,72.70,91.43,0.00,24.88,0.00
CT_ID1404,S001096,Rave Patroller,DPH,10,HEROIC VERSE,27,98.24,93.53,92.85,0.00,27.17,0.00
CT_ID1405,S001096,Rave Patroller,DPA,12,HEROIC VERSE,27,128.13,127.37,112.79,0.00,28.30,0.00
CT_ID1406,S001097,rough percussionythm,DPA,11,HEROIC VERSE,27,98.53,85.89,81.42,81.55,150.29,0.00
CT_ID1407,S001098,S!ck (Nhato Remix),DPA,11,HEROIC VERSE,27,106.69,97.10,108.14,75.17,33.12,0.00
CT_ID1408,S001099,SCREW // owo // SCREW,DPA,12,HEROIC VERSE,27,124.50,123.45,118.60,5.60,149.31,0.00
CT_ID1409,S001100,Shiva,DPA,11,HEROIC VERSE,27,90.57,57.56,92.86,26.37,52.40,0.00
CT_ID1410,S001101,Silly Love,DPA,10,HEROIC VERSE,27,0.00,0.00,0.00,0.00,0.00,0.00
CT_ID1411,S001102,Ska-sh All Neurons!!,DPA,10,HEROIC VERSE,27,87.90,80.79,81.42,7.06,29.22,0.00
CT_ID1412,S001103,Smashing Wedge,DPH,10,HEROIC VERSE,27,101.34,94.65,103.48,0.76,62.21,0.00
CT_ID1413,S001103,Smashing Wedge,DPA,12,HEROIC VERSE,27,160.14,158.47,168.76,6.29,79.39,0.00
CT_ID1414,S001104,Sparkle Smilin',DPA,11,HEROIC VERSE,27,100.48,93.53,85.72,57.94,26.31,0.00
CT_ID1415,S001105,STOIC HYPOTHESIS,DPA,11,HEROIC VERSE,27,109.73,91.52,98.57,0.00,44.52,0.00
CT_ID1416,S001106,Sugar Drippin',DPA,10,HEROIC VERSE,27,91.14,83.33,91.43,0.00,25.18,0.00
CT_ID1417,S001107,T-REX vs Velociraptor (In the Far east euphoria),DPA,12,HEROIC VERSE,27,0.00,0.00,0.00,0.00,0.00,0.00
CT_ID1418,S001108,take me higher,DPA,10,HEROIC VERSE,27,80.29,67.41,82.85,22.93,39.17,0.00
CT_ID1419,S001109,TECHNO Style Essentials,DPA,12,HEROIC VERSE,27,128.37,124.53,130.23,89.06,58.39,0.00
CT_ID1420,S001110,THE BRAVE MUST DIE,DPH,10,HEROIC VERSE,27,91.93,46.46,85.72,29.91,22.60,0.00
CT_ID1421,S001110,THE BRAVE MUST DIE,DPA,12,HEROIC VERSE,27,157.72,163.24,143.02,80.82,28.14,0.00
CT_ID1422,S001111,THE F∀UST,DPH,10,HEROIC VERSE,27,88.46,31.84,88.58,53.19,14.94,0.00
CT_ID1423,S001111,THE F∀UST,DPA,12,HEROIC VERSE,27,143.95,132.12,139.53,97.07,13.79,0.00
CT_ID1424,S001112,The Sky of Sadness,DPA,11,HEROIC VERSE,27,111.08,110.66,106.97,0.00,3.80,0.00
CT_ID1425,S001113,Theory,DPA,11,HEROIC VERSE,27,99.26,85.27,98.58,0.00,155.66,160.63
CT_ID1426,S001114,TRIUMPH,DPA,12,HEROIC VERSE,27,138.48,140.29,125.59,122.05,118.55,0.00
CT_ID1427,S001115,UNITE THE HEART,DPH,10,HEROIC VERSE,27,91.49,79.14,74.28,0.00,18.35,0.00
CT_ID1428,S001115,UNITE THE HEART,DPA,11,HEROIC VERSE,27,119.40,117.75,111.62,0.00,29.68,0.00
CT_ID1429,S001116,VALKYRIAS -英雄誕生-,DPA,11,HEROIC VERSE,27,111.87,124.32,100.00,38.96,14.11,0.00
CT_ID1430,S001117,VIBRΛ,DPA,10,HEROIC VERSE,27,81.76,83.32,100.00,40.17,55.33,0.00
CT_ID1431,S001118,Vinculum stellarum,DPH,10,HEROIC VERSE,27,82.02,64.01,82.85,0.00,17.40,0.00
CT_ID1432,S001118,Vinculum stellarum,DPA,12,HEROIC VERSE,27,132.42,134.25,123.26,20.86,13.81,0.00
CT_ID1433,S001119,Virus Funk,DPA,10,HEROIC VERSE,27,79.65,72.32,88.57,87.67,53.35,0.00
CT_ID1434,S001120,Volcanic Dragon,DPA,11,HEROIC VERSE,27,107.92,121.99,103.49,13.71,71.33,0.00
CT_ID1435,S001121,Voo Doo Bamboleo,DPA,10,HEROIC VERSE,27,102.43,114.92,98.58,0.00,63.67,0.00
CT_ID1436,S001122,Ypsilon,DPA,11,HEROIC VERSE,27,112.11,91.11,95.71,0.00,27.80,0.00
CT_ID1437,S001123,がっつり陰キャ!? 怪盗いいんちょの億劫^^;,DPH,10,HEROIC VERSE,27,112.47,100.26,90.00,0.00,32.32,0.00
CT_ID1438,S001123,がっつり陰キャ!? 怪盗いいんちょの億劫^^;,DPA,12,HEROIC VERSE,27,179.43,164.70,138.38,0.00,19.15,0.00
CT_ID1439,S001124,シャムシールの舞,DPA,11,HEROIC VERSE,27,107.69,127.44,106.97,0.00,25.17,101.77
CT_ID1440,S001125,セピアの軌跡 ft. 天宮みや(少女フラクタル),DPA,10,HEROIC VERSE,27,93.27,101.36,92.85,32.56,9.06,0.00
CT_ID1441,S001126,バッドエンド・シンドローム,DPA,11,HEROIC VERSE,27,115.84,136.26,139.54,0.00,13.23,0.00
CT_ID1442,S001127,ピアノ協奏曲第1番”蠍火” (BlackY Remix),DPH,10,HEROIC VERSE,27,0.00,0.00,0.00,0.00,0.00,0.00
CT_ID1443,S001127,ピアノ協奏曲第1番”蠍火” (BlackY Remix),DPA,12,HEROIC VERSE,27,141.09,147.49,148.82,97.06,6.95,0.00
CT_ID1444,S001128,ラブキラ☆スプラッシュ,DPA,10,HEROIC VERSE,27,86.43,90.56,74.29,0.00,54.28,0.00
CT_ID1445,S001129,ランカーキラーガール,DPA,11,HEROIC VERSE,27,111.37,112.06,98.58,12.58,16.84,0.00
CT_ID1446,S001130,華麗なる大犬円舞曲,DPH,10,HEROIC VERSE,27,0.00,0.00,0.00,0.00,0.00,0.00
CT_ID1447,S001130,華麗なる大犬円舞曲,DPA,12,HEROIC VERSE,27,139.55,134.02,126.75,0.00,32.40,135.10
CT_ID1448,S001131,開きたまえ！Next stAge！,DPH,10,HEROIC VERSE,27,80.13,73.41,75.72,0.00,80.13,0.00
CT_ID1449,S001131,開きたまえ！Next stAge！,DPA,11,HEROIC VERSE,27,114.03,126.80,106.98,0.00,99.59,0.00
CT_ID1450,S001132,狂水一華,DPA,11,HEROIC VERSE,27,106.66,82.21,87.14,0.00,43.18,0.00
CT_ID1451,S001133,灼熱Beach Side Bunny (Masayoshi Iimori Remix),DPA,10,HEROIC VERSE,27,77.73,70.24,97.14,4.91,166.92,0.00
CT_ID1452,S001134,深淵に捧ぐレクイエム,DPA,12,HEROIC VERSE,27,119.45,109.21,120.93,178.68,4.23,0.00
CT_ID1453,S001135,魅惑のYUMMYスイーツ,DPA,12,HEROIC VERSE,27,139.99,131.16,134.87,126.06,64.29,0.00
CT_ID1454,S001136,眠りの国のステラ,DPA,11,HEROIC VERSE,27,110.13,101.00,103.49,74.06,24.36,0.00
CT_ID1455,S001137,錬成人間トリコロイダー,DPA,11,HEROIC VERSE,27,123.68,139.38,126.74,0.00,27.67,0.00
CT_ID1456,S001138,曼荼羅恋々,DPA,11,HEROIC VERSE,27,104.70,100.42,85.71,7.15,50.84,0.00
CT_ID1457,S001140,-65℃,DPH,10,BISTROVER,28,86.45,42.53,85.72,45.08,12.23,0.00
CT_ID1458,S001140,-65℃,DPA,12,BISTROVER,28,145.04,134.26,137.20,84.31,15.15,0.00
CT_ID1459,S001141,∀,DPH,10,BISTROVER,28,90.43,60.05,85.71,4.39,24.07,0.00
CT_ID1460,S001141,∀,DPA,12,BISTROVER,28,154.71,147.79,137.21,23.87,32.51,0.00
CT_ID1461,S001142,ABSOLUTE (kors k Remix),DPA,11,BISTROVER,28,97.87,88.79,102.33,154.54,29.34,0.00
CT_ID1462,S001143,Ah Hah Yeah,DPA,11,BISTROVER,28,97.28,103.82,110.46,0.00,75.04,106.96
CT_ID1463,S001144,AMRITA -不滅ノ花-,DPA,11,BISTROVER,28,103.75,91.69,90.00,23.79,22.03,0.00
CT_ID1464,S001145,apo:llioth,DPA,11,BISTROVER,28,110.46,113.45,112.79,0.00,100.37,0.00
CT_ID1465,S001146,As You Want,DPA,10,BISTROVER,28,85.66,62.20,104.66,55.35,14.96,0.00
CT_ID1466,S001147,ASIAN VIRTUAL REALITIES (MELTING TOGETHER IN DAZZLING DARKNESS),DPA,12,BISTROVER,28,140.43,106.83,116.27,98.44,78.88,0.00
CT_ID1467,S001148,BIGソムタム,DPH,10,BISTROVER,28,81.70,65.78,78.58,56.98,66.78,0.00
CT_ID1468,S001148,BIGソムタム,DPA,12,BISTROVER,28,136.57,146.21,119.76,161.37,80.84,0.00
CT_ID1469,S001149,BLACK or WHITE?,DPH,10,BISTROVER,28,98.72,50.93,102.32,48.70,18.74,0.00
CT_ID1470,S001149,BLACK or WHITE?,DPA,12,BISTROVER,28,157.31,139.56,132.55,85.93,31.04,0.00
CT_ID1471,S001150,Burning Flame,DPA,11,BISTROVER,28,117.39,107.75,104.65,0.00,63.10,0.00
CT_ID1472,S001151,Chewingood!!!,DPA,10,BISTROVER,28,105.82,107.75,100.00,0.00,31.27,0.00
CT_ID1473,S001152,COSMIC RAY,DPH,10,BISTROVER,28,104.52,40.10,82.85,74.13,64.95,0.00
CT_ID1474,S001152,COSMIC RAY,DPA,12,BISTROVER,28,138.28,88.67,125.58,81.63,78.77,0.00
CT_ID1475,S001153,Crazy Jackpot,DPA,11,BISTROVER,28,117.96,97.77,94.29,0.00,74.98,0.00
CT_ID1476,S001154,Danza Aestas,DPA,11,BISTROVER,28,122.88,105.38,112.81,0.00,18.61,0.00
CT_ID1477,S001155,Dawn Saga,DPA,12,BISTROVER,28,111.29,97.70,113.95,102.96,22.25,0.00
CT_ID1478,S001156,DENIM,DPH,10,BISTROVER,28,98.24,53.23,81.42,0.00,32.79,0.00
CT_ID1479,S001156,DENIM,DPA,11,BISTROVER,28,0.00,0.00,0.00,0.00,0.00,0.00
CT_ID1480,S001157,DUAL STRIKER,DPH,10,BISTROVER,28,98.06,69.74,81.42,20.60,25.24,0.00
CT_ID1481,S001157,DUAL STRIKER,DPA,12,BISTROVER,28,152.88,146.89,129.06,39.74,26.95,0.00
CT_ID1482,S001158,Empire of Fury,DPH,10,BISTROVER,28,88.04,66.65,78.57,0.00,36.06,0.00
CT_ID1483,S001158,Empire of Fury,DPA,12,BISTROVER,28,132.26,127.23,120.94,0.00,41.48,0.00
CT_ID1484,S001159,Euphoric Lagoon,DPA,10,BISTROVER,28,101.54,103.42,100.00,0.00,16.12,0.00
CT_ID1485,S001160,Explorer feat. ぷにぷに電機,DPA,10,BISTROVER,28,78.49,59.52,75.71,0.00,21.55,0.00
CT_ID1486,S001161,Farewell to Marrakech,DPA,11,BISTROVER,28,96.78,53.90,104.66,0.00,8.42,0.00
CT_ID1487,S001162,Fire Beat,DPH,10,BISTROVER,28,75.81,17.89,67.14,1.29,38.09,39.57
CT_ID1488,S001162,Fire Beat,DPA,12,BISTROVER,28,118.10,103.27,106.97,1.81,38.08,59.69
CT_ID1489,S001163,Frisk And Squeak,DPA,10,BISTROVER,28,0.00,0.00,0.00,0.00,0.00,0.00
CT_ID1490,S001164,GIGA RAID,DPA,11,BISTROVER,28,107.52,116.22,103.50,35.00,25.26,0.00
CT_ID1491,S001165,Globe Glitter,DPA,11,BISTROVER,28,109.79,92.77,100.00,0.00,37.90,0.00
CT_ID1492,S001166,Here We Are,DPA,10,BISTROVER,28,91.44,110.26,94.28,37.58,54.29,0.00
CT_ID1493,S001167,HIGH VOLTAGE,DPA,10,BISTROVER,28,91.28,84.63,106.97,76.98,43.27,0.00
CT_ID1494,S001168,Ignis†Irae,DPH,10,BISTROVER,28,91.67,43.03,77.15,89.06,35.20,0.00
CT_ID1495,S001168,Ignis†Irae,DPA,12,BISTROVER,28,149.91,120.22,133.73,175.05,74.85,0.00
CT_ID1496,S001169,IIDX RED Ending (Ryu☆Remix),DPA,10,BISTROVER,28,84.38,77.91,103.48,102.65,12.91,0.00
CT_ID1497,S001170,innocent revolver,DPH,10,BISTROVER,28,94.85,63.57,78.57,0.00,32.02,0.00
CT_ID1498,S001170,innocent revolver,DPA,12,BISTROVER,28,153.52,139.99,117.44,0.00,32.60,0.00
CT_ID1499,S001171,Jungle Eater,DPA,11,BISTROVER,28,122.18,123.24,109.31,0.00,95.55,0.00
CT_ID1500,S001172,LAST DAY,DPA,11,BISTROVER,28,123.94,113.82,109.30,0.00,28.39,0.00
CT_ID1501,S001173,Level 3,DPH,10,BISTROVER,28,93.21,57.21,87.14,2.32,155.62,0.00
CT_ID1502,S001173,Level 3,DPA,12,BISTROVER,28,148.89,134.92,136.06,10.68,178.77,0.00
CT_ID1503,S001174,LOCUS OF THE TRAVEL,DPH,10,BISTROVER,28,100.31,72.42,91.42,82.94,132.58,0.00
CT_ID1504,S001174,LOCUS OF THE TRAVEL,DPA,12,BISTROVER,28,153.30,133.61,125.60,176.05,143.06,0.00
CT_ID1505,S001175,Lovely Howdy Cowboy!!,DPA,11,BISTROVER,28,111.70,109.11,106.97,35.86,74.63,0.00
CT_ID1506,S001176,MA・TSU・RI,DPA,11,BISTROVER,28,103.37,96.97,88.58,6.55,69.54,0.00
CT_ID1507,S001177,MEGAERA,DPH,10,BISTROVER,28,83.71,49.69,109.30,0.00,39.70,0.00
CT_ID1508,S001177,MEGAERA,DPA,12,BISTROVER,28,143.97,146.24,200.00,17.41,47.29,0.00
CT_ID1509,S001178,Midnight Drive,DPA,10,BISTROVER,28,76.74,51.97,67.14,0.00,149.20,68.78
CT_ID1510,S001179,MOVE! (We Keep It Movin'),DPA,10,BISTROVER,28,86.58,80.49,81.42,33.45,42.85,0.00
CT_ID1511,S001180,Neo Heritage,DPA,11,BISTROVER,28,113.44,111.32,115.11,0.00,77.53,0.00
CT_ID1512,S001181,Ocean Blue feat. Luschel,DPA,10,BISTROVER,28,96.13,105.57,84.29,0.00,47.76,0.00
CT_ID1513,S001182,of the first magnitude,DPA,11,BISTROVER,28,115.95,110.92,105.81,158.70,11.12,0.00
CT_ID1514,S001183,OTOKOZAKA,DPA,12,BISTROVER,28,125.65,107.55,116.28,0.00,17.92,0.00
CT_ID1515,S001184,Overslept,DPA,11,BISTROVER,28,106.38,100.85,112.79,0.00,25.29,0.00
CT_ID1516,S001185,Para siempre,DPA,11,BISTROVER,28,105.89,106.77,102.32,41.04,72.74,0.00
CT_ID1517,S001186,Parvati,DPA,12,BISTROVER,28,114.58,95.62,111.62,0.00,42.64,0.00
CT_ID1518,S001187,POLKAMANIA,DPA,11,BISTROVER,28,118.76,104.42,108.13,9.65,105.55,0.00
CT_ID1519,S001188,Rejection Girl,DPA,11,BISTROVER,28,109.22,104.80,101.16,32.24,47.71,0.00
CT_ID1520,S001189,Ritual of Anubis,DPA,11,BISTROVER,28,120.15,120.43,109.31,0.00,103.65,0.00
CT_ID1521,S001190,Romanticが止まらない,DPA,11,BISTROVER,28,120.93,126.21,103.49,0.00,24.42,0.00
CT_ID1522,S001191,rommmo,DPA,11,BISTROVER,28,104.09,109.58,116.28,0.00,42.27,0.00
CT_ID1523,S001192,Rosa azuL,DPA,11,BISTROVER,28,122.26,105.33,105.81,0.00,53.96,0.00
CT_ID1524,S001193,Rowdy,DPA,11,BISTROVER,28,106.36,105.71,101.17,108.34,90.18,0.00
CT_ID1525,S001194,Rubrum Piano,DPA,12,BISTROVER,28,116.20,95.61,101.17,0.00,30.37,0.00
CT_ID1526,S001195,Sinus Iridum,DPH,11,BISTROVER,28,94.78,72.15,103.49,101.99,10.31,137.35
CT_ID1527,S001195,Sinus Iridum,DPA,12,BISTROVER,28,141.48,126.65,138.38,186.30,9.16,150.10
CT_ID1528,S001196,smooooch・∀・ (Snail's House Remix),DPA,10,BISTROVER,28,89.01,62.60,75.71,51.46,28.02,0.00
CT_ID1529,S001197,SOLID STATE SQUAD -RISEN RELIC REMIX-,DPH,10,BISTROVER,28,87.84,71.09,103.49,63.70,24.60,0.00
CT_ID1530,S001197,SOLID STATE SQUAD -RISEN RELIC REMIX-,DPA,12,BISTROVER,28,128.14,126.47,133.72,113.24,23.48,0.00
CT_ID1531,S001198,Sugarplum,DPA,10,BISTROVER,28,102.82,118.71,85.71,0.00,15.88,0.00
CT_ID1532,S001199,Swarm Of Scarabs,DPA,11,BISTROVER,28,107.09,101.98,104.65,31.60,75.96,0.00
CT_ID1533,S001200,Tell me what you wish feat.らっぷびと,DPA,11,BISTROVER,28,109.31,102.44,90.00,0.00,12.84,0.00
CT_ID1534,S001201,That Feeling,DPA,10,BISTROVER,28,77.32,41.57,88.58,46.55,36.90,0.00
CT_ID1535,S001202,THE PEERLESS UNDER HEAVEN,DPH,10,BISTROVER,28,81.74,36.15,80.01,0.00,115.45,0.00
CT_ID1536,S001202,THE PEERLESS UNDER HEAVEN,DPA,12,BISTROVER,28,144.33,122.74,122.09,0.00,162.73,0.00
CT_ID1537,S001203,The Wind of China Express(The 4th Mashup),DPA,10,BISTROVER,28,100.00,112.27,108.13,0.00,33.33,0.00
CT_ID1538,S001204,Tiempo Loco,DPH,10,BISTROVER,28,81.47,32.98,80.00,14.66,30.77,0.00
CT_ID1539,S001204,Tiempo Loco,DPA,12,BISTROVER,28,134.83,118.63,123.26,42.81,38.75,0.00
CT_ID1540,S001205,Viridian,DPH,10,BISTROVER,28,85.30,37.23,78.57,15.76,47.92,0.00
CT_ID1541,S001205,Viridian,DPA,12,BISTROVER,28,149.62,133.83,144.18,0.00,65.28,0.00
CT_ID1542,S001206,Vitrum,DPA,12,BISTROVER,28,134.14,107.32,108.14,73.72,24.34,0.00
CT_ID1543,S001207,WAKE UP NOW,DPA,10,BISTROVER,28,87.95,78.00,87.14,0.00,17.39,0.00
CT_ID1544,S001208,When I Met U,DPA,10,BISTROVER,28,89.49,77.24,81.42,0.00,16.74,0.00
CT_ID1545,S001209,Winner's Proof ft. KANASA from bless4,DPA,10,BISTROVER,28,88.14,71.51,85.72,61.63,44.49,0.00
CT_ID1546,S001210,X-ray binary,DPA,11,BISTROVER,28,113.12,104.22,102.33,0.00,15.28,0.00
CT_ID1547,S001211,Zenith,DPA,11,BISTROVER,28,89.58,66.18,105.81,152.45,18.98,0.00
CT_ID1548,S001212,ここからよろしく大作戦143,DPA,10,BISTROVER,28,96.21,100.57,84.28,0.00,18.80,0.00
CT_ID1549,S001213,スーパー戦湯ババンバーン,DPH,10,BISTROVER,28,77.65,45.50,78.57,0.00,24.73,0.00
CT_ID1550,S001213,スーパー戦湯ババンバーン,DPA,12,BISTROVER,28,129.95,125.13,113.95,0.00,60.71,0.00
CT_ID1551,S001214,ディスコルディア,DPH,10,BISTROVER,28,98.80,77.73,103.48,108.37,15.75,68.38
CT_ID1552,S001214,ディスコルディア,DPA,12,BISTROVER,28,168.07,148.99,176.11,186.17,12.83,102.45
CT_ID1553,S001215,バッド・スイーツ、バッド・ドリーム,DPA,12,BISTROVER,28,119.25,120.80,118.61,102.45,164.83,0.00
CT_ID1554,S001216,新宝島,DPA,10,BISTROVER,28,99.16,77.81,77.14,137.04,16.57,0.00
CT_ID1555,S001217,水鏡の異界,DPA,12,BISTROVER,28,136.67,108.37,115.11,139.16,109.84,0.00
CT_ID1556,S001218,水無月の雫 ft. 小林まな,DPA,11,BISTROVER,28,116.41,112.28,103.48,0.00,15.20,0.00
CT_ID1557,S001219,世界の果てに約束の凱歌を -ReUnion-,DPA,12,BISTROVER,28,149.69,153.11,144.20,101.86,16.02,0.00
CT_ID1558,S001220,二人ノ廃城幽踊宴,DPH,10,BISTROVER,28,96.00,74.60,84.28,0.00,46.92,126.20
CT_ID1559,S001220,二人ノ廃城幽踊宴,DPA,12,BISTROVER,28,153.19,127.84,124.41,0.00,45.76,152.77
CT_ID1560,S001221,伐折羅-vajra-,DPH,10,BISTROVER,28,85.65,36.10,78.57,0.00,19.53,0.00
CT_ID1561,S001221,伐折羅-vajra-,DPA,12,BISTROVER,28,147.54,130.22,139.53,0.00,30.18,0.00
CT_ID1562,S001222,魔法のかくれんぼ,DPA,12,BISTROVER,28,123.78,117.20,126.75,148.06,4.16,131.78
CT_ID1563,S001223,無意識のフィロソフィア,DPA,11,BISTROVER,28,121.62,111.53,109.31,0.00,18.39,0.00
CT_ID1564,S001224,霧幻メモリア,DPA,10,BISTROVER,28,96.33,109.55,120.93,60.69,18.60,0.00
CT_ID1565,S001225,乱膳の舞姫,DPA,11,BISTROVER,28,114.77,100.00,101.16,105.32,14.01,0.00
CT_ID1566,S001226,涙のテ・エストラーニョ・ムーチョ,DPA,11,BISTROVER,28,124.41,114.62,112.81,92.68,20.29,0.00
CT_ID1567,S001227,儚き恋の華,DPA,11,BISTROVER,28,125.17,120.61,101.16,0.00,65.70,0.00
CT_ID1568,S001228,閠槞彁の願い,DPH,10,BISTROVER,28,82.28,40.52,80.01,19.14,35.71,0.00
CT_ID1569,S001228,閠槞彁の願い,DPA,12,BISTROVER,28,131.72,128.38,147.67,80.36,30.51,0.00
CT_ID1570,S001229,《GRANDMASTER》,DPA,11,CastHour,29,121.66,89.68,115.11,45.25,40.47,0.00
CT_ID1571,S001230,10000 MILES AWAY,DPA,11,CastHour,29,117.24,122.49,110.46,139.22,89.82,0.00
CT_ID1572,S001231,2 Beasts Unchained,DPH,10,CastHour,29,96.50,75.88,91.42,20.43,44.11,0.00
CT_ID1573,S001231,2 Beasts Unchained,DPA,12,CastHour,29,144.92,122.82,127.90,70.17,138.17,0.00
CT_ID1574,S001232,ABSOLUTE EVIL,DPH,10,CastHour,29,91.93,89.08,113.96,73.37,45.78,0.00
CT_ID1575,S001232,ABSOLUTE EVIL,DPA,12,CastHour,29,141.68,142.41,144.19,131.21,58.96,0.00
CT_ID1576,S001233,Aftermath,DPH,10,CastHour,29,90.74,84.19,80.00,48.36,20.91,0.00
CT_ID1577,S001233,Aftermath,DPA,12,CastHour,29,129.40,132.14,130.23,152.54,33.78,0.00
CT_ID1578,S001234,ALTERNATOR,DPH,10,CastHour,29,102.28,104.31,90.01,39.57,75.56,0.00
CT_ID1579,S001234,ALTERNATOR,DPA,12,CastHour,29,155.61,162.94,136.04,67.76,110.00,0.00
CT_ID1580,S001235,AMICABLE,DPA,10,CastHour,29,100.89,113.71,95.72,0.00,49.46,0.00
CT_ID1581,S001236,ANEMONE,DPA,10,CastHour,29,96.36,105.43,81.42,20.94,9.74,0.00
CT_ID1582,S001237,Angel's Ladder,DPH,10,CastHour,29,96.37,55.41,94.28,0.00,42.14,0.00
CT_ID1583,S001237,Angel's Ladder,DPA,12,CastHour,29,139.51,121.82,127.91,0.00,34.74,0.00
CT_ID1584,S001238,Ariah,DPA,10,CastHour,29,83.04,82.78,72.86,0.00,11.64,0.00
CT_ID1585,S001239,Arkadia,DPA,12,CastHour,29,151.23,123.03,131.39,0.00,43.81,0.00
CT_ID1586,S001240,Banger Banger Banger Banger,DPA,11,CastHour,29,128.47,114.30,133.72,0.00,83.01,0.00
CT_ID1587,S001241,Binary Black Hole,DPH,10,CastHour,29,92.86,69.15,106.98,60.95,23.74,0.00
CT_ID1588,S001241,Binary Black Hole,DPA,12,CastHour,29,154.70,141.28,160.40,150.73,44.10,0.00
CT_ID1589,S001242,Brave Spirits,DPA,10,CastHour,29,100.08,92.12,89.99,65.51,24.40,0.00
CT_ID1590,S001243,DISPARATE,DPA,11,CastHour,29,115.38,108.49,105.81,0.00,53.70,0.00
CT_ID1591,S001244,Divine Heaven,DPA,11,CastHour,29,119.98,127.61,113.96,109.08,22.60,0.00
CT_ID1592,S001245,Don't believe the hype,DPH,10,CastHour,29,83.61,84.02,75.72,109.26,144.40,0.00
CT_ID1593,S001245,Don't believe the hype,DPA,12,CastHour,29,118.27,129.72,118.61,143.65,166.86,0.00
CT_ID1594,S001246,DREAM OF SPACE UFO ABDUCTION,DPA,11,CastHour,29,109.64,102.37,101.16,0.00,7.57,0.00
CT_ID1595,S001247,Emera,DPA,11,CastHour,29,113.95,118.17,122.10,17.15,80.52,0.00
CT_ID1596,S001248,EMOTiON TRiPPER,DPA,10,CastHour,29,92.75,100.91,87.15,33.62,28.73,0.00
CT_ID1597,S001249,Ergosphere,DPA,11,CastHour,29,120.52,105.22,104.64,119.30,9.92,0.00
CT_ID1598,S001250,Fegrix,DPH,10,CastHour,29,91.54,52.43,82.85,0.00,35.87,0.00
CT_ID1599,S001250,Fegrix,DPA,12,CastHour,29,142.07,120.71,132.55,0.00,68.86,0.00
CT_ID1600,S001251,FINALLY BLAZE,DPA,11,CastHour,29,96.65,69.74,88.57,29.79,55.62,0.00
CT_ID1601,S001252,Flying Castle,DPH,10,CastHour,29,86.48,46.80,81.42,33.62,44.26,0.00
CT_ID1602,S001252,Flying Castle,DPA,12,CastHour,29,146.08,134.47,130.23,46.56,72.07,0.00
CT_ID1603,S001253,Game Changers,DPA,11,CastHour,29,104.61,108.06,105.81,0.00,100.20,51.53
CT_ID1604,S001254,Get set， Go! feat.Kanae Asaba,DPA,10,CastHour,29,88.68,77.89,88.57,0.00,36.63,0.00
CT_ID1605,S001255,GiGaGaHell,DPH,10,CastHour,29,84.64,42.77,85.71,0.00,51.60,0.00
CT_ID1606,S001255,GiGaGaHell,DPA,12,CastHour,29,129.90,110.09,145.35,0.00,108.17,0.00
CT_ID1607,S001256,GRAVITON,DPH,10,CastHour,29,86.44,57.43,72.85,0.00,24.53,0.00
CT_ID1608,S001256,GRAVITON,DPA,12,CastHour,29,147.90,128.58,126.74,0.00,28.12,0.00
CT_ID1609,S001257,hard-wired,DPH,10,CastHour,29,92.29,83.54,89.99,0.00,64.79,0.00
CT_ID1610,S001257,hard-wired,DPA,12,CastHour,29,154.19,151.78,146.51,56.37,66.53,0.00
CT_ID1611,S001258,Harmonia,DPA,10,CastHour,29,102.09,87.39,82.85,0.00,30.10,0.00
CT_ID1612,S001259,Hat Surprise,DPA,11,CastHour,29,108.59,107.76,116.28,0.00,45.18,0.00
CT_ID1613,S001260,HEARTACHE,DPA,10,CastHour,29,84.67,88.98,82.85,6.03,109.09,0.00
CT_ID1614,S001261,kors k's How to make OTOGE CORE,DPA,11,CastHour,29,91.25,122.20,127.91,13.96,26.75,124.71
CT_ID1615,S001262,Lawes's Parotia,DPA,11,CastHour,29,107.87,105.97,106.98,0.00,31.86,0.00
CT_ID1616,S001263,LIVE DRIVING!! feat. 花たん,DPH,10,CastHour,29,101.60,112.82,88.58,0.00,44.67,0.00
CT_ID1617,S001263,LIVE DRIVING!! feat. 花たん,DPA,12,CastHour,29,153.68,175.17,123.26,0.00,52.02,0.00
CT_ID1618,S001264,N.O.,DPA,10,CastHour,29,84.97,46.38,84.28,54.55,18.08,0.00
CT_ID1619,S001265,n/a,DPH,10,CastHour,29,80.88,52.91,75.71,18.44,51.94,113.31
CT_ID1620,S001265,n/a,DPA,12,CastHour,29,155.88,149.81,172.92,61.13,65.51,165.09
CT_ID1621,S001266,No Day But Today!,DPA,10,CastHour,29,104.93,101.63,90.01,21.38,61.65,0.00
CT_ID1622,S001267,Nocturnal 2097,DPA,11,CastHour,29,119.22,110.43,112.80,128.94,7.68,0.00
CT_ID1623,S001268,Non Stop Rock,DPA,10,CastHour,29,77.47,67.39,103.48,31.62,120.46,0.00
CT_ID1624,S001269,One for All,DPA,12,CastHour,29,121.00,131.03,115.11,5.34,95.38,0.00
CT_ID1625,S001270,Onyx,DPA,11,CastHour,29,109.86,110.89,106.98,88.37,14.70,119.60
CT_ID1626,S001271,P.O.W.E.R.,DPA,10,CastHour,29,97.43,97.24,100.00,0.00,24.40,0.00
CT_ID1627,S001272,PIRATES BLADE,DPA,10,CastHour,29,85.44,100.02,81.42,0.00,13.26,0.00
CT_ID1628,S001273,PLASMA SOUL NIGHT feat. Nana Takahashi / 709sec.,DPH,10,CastHour,29,99.24,72.20,81.42,0.00,61.43,0.00
CT_ID1629,S001273,PLASMA SOUL NIGHT feat. Nana Takahashi / 709sec.,DPA,12,CastHour,29,174.30,178.10,124.42,0.00,97.49,0.00
CT_ID1630,S001274,Pout,DPA,11,CastHour,29,108.91,111.71,110.47,97.07,37.79,0.00
CT_ID1631,S001275,Prohibited Props,DPA,10,CastHour,29,98.05,83.60,94.29,0.00,75.38,0.00
CT_ID1632,S001276,Purple Perplex,DPH,10,CastHour,29,76.78,54.96,82.85,77.84,76.36,0.00
CT_ID1633,S001276,Purple Perplex,DPA,12,CastHour,29,119.45,115.82,117.45,117.51,142.42,0.00
CT_ID1634,S001277,Push on Beats!～音ゲの国のeX-ストリーマー～,DPA,12,CastHour,29,145.68,134.31,134.88,0.00,99.29,91.98
CT_ID1635,S001278,RAGE feat.H14 of LEONAIR,DPH,10,CastHour,29,90.20,97.05,78.58,5.17,144.00,0.00
CT_ID1636,S001278,RAGE feat.H14 of LEONAIR,DPA,12,CastHour,29,146.70,147.97,127.90,46.19,185.92,0.00
CT_ID1637,S001279,Silver Bullet,DPH,10,CastHour,29,83.53,31.68,77.14,0.00,11.69,175.80
CT_ID1638,S001279,Silver Bullet,DPA,12,CastHour,29,142.39,117.95,138.39,0.00,10.51,189.98
CT_ID1639,S001280,Smalt #28598F,DPH,10,CastHour,29,93.79,69.36,75.71,0.00,63.83,0.00
CT_ID1640,S001280,Smalt #28598F,DPA,12,CastHour,29,135.76,121.75,111.62,0.00,76.70,0.00
CT_ID1641,S001281,SOLID WYVERN,DPA,11,CastHour,29,111.78,93.53,90.01,0.00,33.59,0.00
CT_ID1642,S001282,Souhait bleu,DPA,11,CastHour,29,0.00,0.00,0.00,162.31,0.00,0.00
CT_ID1643,S001283,SPARK IN THE NIGHT,DPA,10,CastHour,29,85.32,58.67,84.29,12.41,47.61,0.00
CT_ID1644,S001284,Stepper,DPA,10,CastHour,29,97.49,86.43,80.00,6.72,26.04,0.00
CT_ID1645,S001285,Tail Lights,DPA,11,CastHour,29,120.82,119.51,117.44,0.00,7.73,0.00
CT_ID1646,S001286,TOMAHAWK,DPH,10,CastHour,29,103.33,105.40,102.32,6.72,105.13,0.00
CT_ID1647,S001286,TOMAHAWK,DPA,12,CastHour,29,145.93,152.02,129.06,31.27,144.83,0.00
CT_ID1648,S001287,Triple Cross,DPH,10,CastHour,29,94.87,73.90,82.85,75.68,20.23,0.00
CT_ID1649,S001287,Triple Cross,DPA,12,CastHour,29,137.08,130.72,124.41,147.01,22.02,0.00
CT_ID1650,S001288,Ventriloquist,DPA,11,CastHour,29,96.26,102.57,100.00,0.00,22.55,0.00
CT_ID1651,S001289,Victory Of Ravers,DPA,10,CastHour,29,99.16,103.66,95.72,14.48,102.74,0.00
CT_ID1652,S001290,WHA,DPH,10,CastHour,29,89.48,64.48,85.72,3.10,133.53,0.00
CT_ID1653,S001290,WHA,DPA,12,CastHour,29,155.64,133.96,138.37,7.75,168.75,0.00
CT_ID1654,S001291,Wonderful Escape,DPA,10,CastHour,29,81.46,62.10,85.71,0.00,18.70,0.00
CT_ID1655,S001292,Xyndrome,DPA,11,CastHour,29,119.97,130.59,116.28,51.89,88.54,0.00
CT_ID1656,S001293,アクマフカ,DPA,10,CastHour,29,98.48,89.93,80.00,67.06,25.59,0.00
CT_ID1657,S001294,ウツシミウツシ,DPA,11,CastHour,29,124.82,120.98,109.30,0.00,28.93,0.00
CT_ID1658,S001295,オールトの雲,DPA,11,CastHour,29,101.96,96.44,100.00,52.24,20.75,0.00
CT_ID1659,S001296,オドループ,DPA,10,CastHour,29,103.66,118.65,91.42,0.00,13.24,0.00
CT_ID1660,S001297,グッバイ宣言,DPA,11,CastHour,29,125.39,134.81,97.14,0.00,40.59,0.00
CT_ID1661,S001298,シル・ヴ・プレジデント,DPA,10,CastHour,29,94.84,87.38,81.42,0.00,33.40,0.00
CT_ID1662,S001299,ナイトフィクション,DPA,10,CastHour,29,92.79,86.61,87.14,0.00,20.79,0.00
CT_ID1663,S001300,ハイテックトキオ,DPA,11,CastHour,29,110.73,94.06,102.33,59.32,88.74,0.00
CT_ID1664,S001301,"ピアノ独奏無言歌 ""灰燼""",DPH,10,CastHour,29,86.97,39.34,90.00,0.00,0.00,179.06
CT_ID1665,S001301,"ピアノ独奏無言歌 ""灰燼""",DPA,12,CastHour,29,147.25,147.15,138.37,0.00,0.00,197.34
CT_ID1666,S001302,ミュージック・アワー,DPA,11,CastHour,29,120.40,131.57,103.48,0.51,61.96,0.00
CT_ID1667,S001303,めでてえ,DPA,10,CastHour,29,101.93,102.67,98.57,0.00,108.06,0.00
CT_ID1668,S001304,愛しくてラヴィンユー ft. マナ,DPA,10,CastHour,29,97.96,92.21,90.00,0.00,14.70,0.00
CT_ID1669,S001305,怪物,DPA,10,CastHour,29,97.16,106.88,87.15,0.00,23.26,0.00
CT_ID1670,S001306,逆月,DPH,10,CastHour,29,94.31,99.78,95.72,68.79,10.71,0.00
CT_ID1671,S001306,逆月,DPA,12,CastHour,29,150.02,157.61,137.22,97.75,20.83,0.00
CT_ID1672,S001307,月とミルク,DPA,11,CastHour,29,107.41,104.26,104.65,0.00,12.36,0.00
CT_ID1673,S001308,口カラ凸ゲキ,DPA,10,CastHour,29,101.16,70.89,87.14,32.93,79.16,0.00
CT_ID1674,S001309,青の洞窟,DPA,11,CastHour,29,114.48,89.94,104.66,0.00,20.61,0.00
CT_ID1675,S001310,雪上断火,DPH,10,CastHour,29,71.49,71.07,64.28,0.00,113.61,50.90
CT_ID1676,S001310,雪上断火,DPA,12,CastHour,29,107.92,118.77,103.49,0.00,171.34,61.65
CT_ID1677,S001311,天邪鬼,DPA,12,CastHour,29,143.46,141.90,147.68,6.03,38.35,0.00
CT_ID1678,S001312,烽火連天の刃,DPH,10,CastHour,29,94.45,77.41,90.01,124.90,32.89,0.00
CT_ID1679,S001312,烽火連天の刃,DPA,12,CastHour,29,139.63,122.34,111.62,173.06,52.50,0.00
CT_ID1680,S001313,禊,DPH,10,CastHour,29,91.24,53.07,88.56,53.27,23.50,0.00
CT_ID1681,S001313,禊,DPA,12,CastHour,29,126.62,111.13,109.31,106.35,39.39,0.00
CT_ID1682,S001314,[ ]DENTITY,DPH,10,RESIDENT,30,78.84,61.66,71.42,28.70,21.79,0.00
CT_ID1683,S001314,[ ]DENTITY,DPA,12,RESIDENT,30,152.71,131.91,126.74,92.41,18.44,0.00
CT_ID1684,S001315,《ORDERBREAKER》,DPA,11,RESIDENT,30,104.16,94.22,87.15,145.64,46.42,0.00
CT_ID1685,S001316,#CMFLG,DPH,10,RESIDENT,30,90.55,41.94,91.42,2.32,29.19,0.00
CT_ID1686,S001316,#CMFLG,DPA,12,RESIDENT,30,123.69,100.99,116.27,36.55,38.53,0.00
CT_ID1687,S001317,≡+≡,DPH,10,RESIDENT,30,82.16,84.34,78.58,0.00,18.35,0.00
CT_ID1688,S001317,≡+≡,DPA,11,RESIDENT,30,126.36,132.82,115.12,0.00,24.27,0.00
CT_ID1689,S001318,■□模様,DPA,10,RESIDENT,30,108.62,104.59,90.01,22.84,41.39,0.00
CT_ID1690,S001319,24h Endurance Race,DPH,10,RESIDENT,30,88.62,38.93,100.00,21.29,34.61,0.00
CT_ID1691,S001319,24h Endurance Race,DPA,12,RESIDENT,30,0.00,0.00,0.00,0.00,0.00,0.00
CT_ID1692,S001320,3V0,DPA,11,RESIDENT,30,119.00,120.36,124.41,30.67,77.50,0.00
CT_ID1693,S001321,7 Colors,DPA,10,RESIDENT,30,95.87,75.30,84.29,0.00,10.71,0.00
CT_ID1694,S001322,Always We Trust In You,DPA,12,RESIDENT,30,138.49,127.64,126.74,89.90,47.52,0.00
CT_ID1695,S001323,Ambush Ace,DPA,11,RESIDENT,30,0.00,0.00,0.00,0.00,0.00,0.00
CT_ID1696,S001324,AWA AWA,DPA,10,RESIDENT,30,92.25,90.94,97.15,62.76,12.74,51.55
CT_ID1697,S001325,B.O.D.Y.,DPH,10,RESIDENT,30,89.48,41.05,78.58,26.81,72.27,0.00
CT_ID1698,S001325,B.O.D.Y.,DPA,12,RESIDENT,30,140.88,118.42,113.96,71.80,80.36,0.00
CT_ID1699,S001326,Bad Encryption,DPH,10,RESIDENT,30,83.30,53.15,97.16,18.79,72.55,0.00
CT_ID1700,S001326,Bad Encryption,DPA,12,RESIDENT,30,136.09,131.43,170.82,18.79,99.81,0.00
CT_ID1701,S001327,Beyond Evolution,DPH,11,RESIDENT,30,102.21,71.25,117.45,72.07,31.70,0.00
CT_ID1702,S001327,Beyond Evolution,DPA,12,RESIDENT,30,163.46,143.84,172.91,154.16,72.30,0.00
CT_ID1703,S001328,BIGWAVERS,DPA,12,RESIDENT,30,135.41,138.42,129.06,90.23,43.71,0.00
CT_ID1704,S001329,C-C-C-N-N-N,DPA,11,RESIDENT,30,121.78,127.12,116.29,0.00,85.01,32.22
CT_ID1705,S001330,Caldwell 99,DPA,11,RESIDENT,30,0.00,0.00,0.00,0.00,0.00,0.00
CT_ID1706,S001331,Chaotoxin,DPA,12,RESIDENT,30,138.53,132.69,126.74,0.00,75.21,0.00
CT_ID1707,S001332,CODE -CRiMSON-,DPA,11,RESIDENT,30,0.00,0.00,0.00,0.00,0.00,0.00
CT_ID1708,S001333,CUE CUE RESCUE,DPA,10,RESIDENT,30,112.81,106.17,106.97,0.00,17.43,0.00
CT_ID1709,S001334,dica dica,DPH,10,RESIDENT,30,97.16,47.36,87.15,0.00,28.75,0.00
CT_ID1710,S001334,dica dica,DPA,12,RESIDENT,30,0.00,0.00,0.00,0.00,0.00,0.00
CT_ID1711,S001335,Dreaming Dream,DPA,10,RESIDENT,30,0.00,0.00,0.00,0.00,0.00,0.00
CT_ID1712,S001336,EXODUS SIGN,DPA,11,RESIDENT,30,101.19,93.64,103.48,11.19,67.78,0.00
CT_ID1713,S001337,Fading Stars,DPA,10,RESIDENT,30,101.52,100.54,94.27,0.00,29.74,0.00
CT_ID1714,S001338,FLARE -炎舞- ft.Nana Takahashi,DPA,10,RESIDENT,30,96.15,99.01,90.01,9.48,37.92,0.00
CT_ID1715,S001339,Get On Your Feet,DPA,11,RESIDENT,30,107.54,100.18,116.28,116.02,41.99,0.00
CT_ID1716,S001340,GET UP AGAIN,DPA,10,RESIDENT,30,103.00,103.16,92.86,77.76,26.16,0.00
CT_ID1717,S001341,glacia,DPH,10,RESIDENT,30,89.17,56.24,81.42,41.29,38.02,0.00
CT_ID1718,S001341,glacia,DPA,12,RESIDENT,30,124.56,114.53,112.79,116.33,59.49,0.00
CT_ID1719,S001342,Hat Surprise (Season 2),DPA,12,RESIDENT,30,141.16,131.80,122.11,0.00,70.62,0.00
CT_ID1720,S001343,I,DPH,10,RESIDENT,30,91.02,65.64,100.00,77.86,24.09,0.00
CT_ID1721,S001343,I,DPA,12,RESIDENT,30,151.56,136.50,137.21,133.37,19.37,0.00
CT_ID1722,S001344,KING,DPA,11,RESIDENT,30,116.17,127.23,106.97,0.00,50.49,0.00
CT_ID1723,S001345,kors k's How to make OTOGE CORE 「LONG」,DPH,10,RESIDENT,30,90.98,84.52,77.15,24.49,64.87,0.00
CT_ID1724,S001345,kors k's How to make OTOGE CORE 「LONG」,DPA,12,RESIDENT,30,140.28,142.57,130.23,62.06,98.69,0.00
CT_ID1725,S001346,LADS,DPA,10,RESIDENT,30,106.96,109.51,91.42,0.00,48.76,0.00
CT_ID1726,S001347,Level 4,DPH,10,RESIDENT,30,80.89,48.62,77.14,7.41,158.63,0.00
CT_ID1727,S001347,Level 4,DPA,12,RESIDENT,30,0.00,0.00,0.00,0.00,191.54,0.00
CT_ID1728,S001348,LOUDER ROLLING THUNDER,DPH,10,RESIDENT,30,0.00,0.00,0.00,0.00,0.00,0.00
CT_ID1729,S001348,LOUDER ROLLING THUNDER,DPA,12,RESIDENT,30,0.00,0.00,0.00,0.00,0.00,0.00
CT_ID1730,S001349,MAX 360,DPH,10,RESIDENT,30,94.83,60.80,92.86,0.00,28.41,41.02
CT_ID1731,S001349,MAX 360,DPA,12,RESIDENT,30,0.00,0.00,0.00,0.00,0.00,0.00
CT_ID1732,S001350,Meissa,DPA,12,RESIDENT,30,121.89,104.08,126.75,75.25,12.69,105.97
CT_ID1733,S001351,Next Level,DPA,10,RESIDENT,30,93.09,93.98,98.57,73.36,54.83,0.00
CT_ID1734,S001352,No Border,DPH,10,RESIDENT,30,80.76,53.32,74.29,0.00,9.48,0.00
CT_ID1735,S001352,No Border,DPA,12,RESIDENT,30,148.58,150.07,140.70,0.00,11.71,0.00
CT_ID1736,S001353,ONE AND ONLY,DPH,10,RESIDENT,30,76.50,38.94,74.29,0.00,71.45,0.00
CT_ID1737,S001353,ONE AND ONLY,DPA,12,RESIDENT,30,0.00,0.00,0.00,0.00,0.00,0.00
CT_ID1738,S001354,Ou Legends,DPH,10,RESIDENT,30,84.73,64.70,88.58,47.24,31.97,0.00
CT_ID1739,S001354,Ou Legends,DPA,12,RESIDENT,30,0.00,0.00,0.00,0.00,0.00,0.00
CT_ID1740,S001355,OVER VOLTAGE,DPA,11,RESIDENT,30,102.44,87.68,105.81,33.36,118.32,0.00
CT_ID1741,S001356,Peaktime Booster,DPH,10,RESIDENT,30,72.83,34.92,0.00,0.00,150.17,0.00
CT_ID1742,S001356,Peaktime Booster,DPA,12,RESIDENT,30,0.00,0.00,0.00,0.00,173.87,0.00
CT_ID1743,S001357,Perfect Plan,DPA,11,RESIDENT,30,95.69,86.94,92.86,113.33,19.60,0.00
CT_ID1744,S001358,Programmed Genom,DPA,11,RESIDENT,30,88.99,68.85,88.58,0.00,40.63,0.00
CT_ID1745,S001359,Red Soul,DPA,11,RESIDENT,30,116.57,112.91,97.14,0.00,118.24,0.00
CT_ID1746,S001360,Rewind Time,DPA,10,RESIDENT,30,96.51,94.56,81.42,0.00,54.29,0.00
CT_ID1747,S001361,RINNE,DPH,10,RESIDENT,30,90.37,95.31,74.28,0.00,61.29,0.00
CT_ID1748,S001361,RINNE,DPA,12,RESIDENT,30,137.71,145.04,119.77,0.00,68.17,0.00
CT_ID1749,S001362,Ruler or Loser,DPA,11,RESIDENT,30,108.59,103.72,100.00,28.53,18.45,0.00
CT_ID1750,S001363,Seraph,DPA,11,RESIDENT,30,99.92,106.48,109.31,15.50,16.24,0.00
CT_ID1751,S001364,Shadow World,DPA,11,RESIDENT,30,103.77,119.90,103.48,0.00,7.89,0.00
CT_ID1752,S001365,Shamshir,DPA,10,RESIDENT,30,91.13,69.71,82.86,11.47,153.12,0.00
CT_ID1753,S001366,Somnidiscotheque,DPH,10,RESIDENT,30,82.46,25.59,90.00,58.11,35.40,0.00
CT_ID1754,S001366,Somnidiscotheque,DPA,12,RESIDENT,30,0.00,0.00,0.00,0.00,0.00,0.00
CT_ID1755,S001367,STAR BEAT,DPA,10,RESIDENT,30,104.66,110.08,103.49,42.67,58.01,0.00
CT_ID1756,S001368,STRAIGHT TO THE STARS,DPA,11,RESIDENT,30,115.82,107.98,106.98,0.00,20.58,0.00
CT_ID1757,S001369,Stylus,DPH,10,RESIDENT,30,87.48,31.16,67.14,0.00,31.87,0.00
CT_ID1758,S001369,Stylus,DPA,12,RESIDENT,30,151.56,135.39,123.25,0.00,33.80,0.00
CT_ID1759,S001370,Summerblue,DPA,10,RESIDENT,30,95.89,83.71,87.14,16.02,12.32,0.00
CT_ID1760,S001371,Sunny Day Vibes,DPA,11,RESIDENT,30,102.22,106.65,98.58,150.22,21.30,0.00
CT_ID1761,S001372,Super Freak,DPA,12,RESIDENT,30,0.00,0.00,0.00,0.00,0.00,0.00
CT_ID1762,S001373,suspicions,DPH,10,RESIDENT,30,0.00,0.00,0.00,0.00,0.00,0.00
CT_ID1763,S001373,suspicions,DPA,12,RESIDENT,30,0.00,0.00,0.00,0.00,0.00,0.00
CT_ID1764,S001374,Swing My Wonderland,DPA,11,RESIDENT,30,0.00,0.00,0.00,0.00,0.00,0.00
CT_ID1765,S001375,TECHNOPHOBIA,DPA,12,RESIDENT,30,0.00,0.00,0.00,0.00,0.00,0.00
CT_ID1766,S001376,The Clown of 24stairs,DPH,10,RESIDENT,30,0.00,0.00,0.00,0.00,0.00,0.00
CT_ID1767,S001376,The Clown of 24stairs,DPA,12,RESIDENT,30,0.00,0.00,0.00,0.00,0.00,0.00
CT_ID1768,S001377,THE TIME MACHINE,DPA,11,RESIDENT,30,107.39,91.18,113.96,37.93,40.13,0.00
CT_ID1769,S001378,VOID,DPH,10,RESIDENT,30,81.08,47.57,81.43,47.97,83.26,157.44
CT_ID1770,S001378,VOID,DPA,12,RESIDENT,30,0.00,0.00,0.00,0.00,0.00,178.09
CT_ID1771,S001379,VOLAQUAS,DPH,10,RESIDENT,30,85.76,48.45,82.85,3.44,22.33,0.00
CT_ID1772,S001379,VOLAQUAS,DPA,12,RESIDENT,30,152.82,148.07,140.70,15.78,36.86,0.00
CT_ID1773,S001380,VOLCANIC BIGBEAT,DPA,11,RESIDENT,30,109.75,107.95,91.42,0.00,154.92,0.00
CT_ID1774,S001381,With You,DPA,11,RESIDENT,30,97.57,102.65,80.01,0.00,127.00,0.00
CT_ID1775,S001382,Xerulean,DPH,10,RESIDENT,30,87.54,54.03,101.17,58.10,81.05,0.00
CT_ID1776,S001382,Xerulean,DPA,12,RESIDENT,30,0.00,0.00,0.00,0.00,0.00,0.00
CT_ID1777,S001760,ZENITH,DPA,11,RESIDENT,30,0.00,0.00,0.00,0.00,0.00,0.00
CT_ID1778,S001384,あるビー！ feat.ころねぽち,DPA,11,RESIDENT,30,116.79,108.93,101.16,51.03,78.43,0.00
CT_ID1779,S001385,おとせサンダー,DPA,10,RESIDENT,30,109.12,111.18,95.72,0.00,36.28,0.00
CT_ID1780,S001386,きゅんです。,DPA,10,RESIDENT,30,107.14,116.29,98.57,0.00,28.40,0.00
CT_ID1781,S001387,サヨナラ・ヘヴン-Celtic Chip Dance Mix-,DPA,10,RESIDENT,30,105.06,109.45,94.29,72.06,19.46,0.00
CT_ID1782,S001388,ぞうしょく！？マイデンティティ,DPH,10,RESIDENT,30,95.26,48.84,77.15,3.62,15.18,0.00
CT_ID1783,S001388,ぞうしょく！？マイデンティティ,DPA,12,RESIDENT,30,0.00,0.00,0.00,0.00,0.00,0.00
CT_ID1784,S001389,チェイスチェイスジョーカーズのうた (オニスタイルリミックス),DPA,11,RESIDENT,30,0.00,0.00,0.00,0.00,0.00,0.00
CT_ID1785,S001390,ちょえちょえまぎか,DPH,10,RESIDENT,30,91.03,71.98,74.28,0.00,10.71,0.00
CT_ID1786,S001390,ちょえちょえまぎか,DPA,11,RESIDENT,30,122.00,114.13,103.49,0.00,20.83,0.00
CT_ID1787,S001391,パーフェクトイーター,DPA,11,RESIDENT,30,0.00,0.00,0.00,0.00,0.00,0.00
CT_ID1788,S001392,異心前進♪ぴょんぴょんぴょん,DPA,10,RESIDENT,30,101.75,100.46,85.71,33.62,32.73,0.00
CT_ID1789,S001393,雨のちパノラマセカイ,DPA,10,RESIDENT,30,88.35,108.29,81.42,0.00,31.78,0.00
CT_ID1790,S001394,栄冠のカンパネラ,DPH,10,RESIDENT,30,96.02,89.07,97.14,124.04,40.53,0.00
CT_ID1791,S001394,栄冠のカンパネラ,DPA,12,RESIDENT,30,166.75,146.86,138.37,200.00,15.12,0.00
CT_ID1792,S001395,楽園追放,DPA,10,RESIDENT,30,103.77,85.72,94.28,0.00,31.47,0.00
CT_ID1793,S001396,響花水月,DPA,11,RESIDENT,30,121.96,115.07,103.49,0.00,17.46,0.00
CT_ID1794,S001397,月と夢の跡 ft. マナ,DPA,10,RESIDENT,30,95.23,102.63,92.85,0.00,30.39,0.00
CT_ID1795,S001398,昏き甲鉄のヴェルガ,DPA,10,RESIDENT,30,94.14,107.89,92.86,0.00,19.34,0.00
CT_ID1796,S001399,罪過の聖堂,DPA,11,RESIDENT,30,83.98,100.00,106.98,21.20,2.29,200.00
CT_ID1797,S001400,少年リップルズ,DPA,11,RESIDENT,30,0.00,0.00,0.00,0.00,0.00,0.00
CT_ID1798,S001401,湘南ロンリーMIDNIGHT RAIN,DPA,10,RESIDENT,30,99.15,117.74,90.00,0.00,24.83,0.00
CT_ID1799,S001402,神っぽいな,DPA,10,RESIDENT,30,95.92,76.73,81.43,0.00,89.15,0.00
CT_ID1800,S001403,神のシナリオ,DPA,12,RESIDENT,30,0.00,0.00,0.00,186.77,0.00,0.00
CT_ID1801,S001404,輪廻の鴉,DPA,11,RESIDENT,30,110.20,107.77,105.82,0.00,13.41,0.00
CT_ID1802,S001405,恋愛＝精度×認識力,DPH,10,RESIDENT,30,90.50,95.04,95.71,23.10,34.93,171.19
CT_ID1803,S001405,恋愛＝精度×認識力,DPA,12,RESIDENT,30,0.00,0.00,0.00,0.00,0.00,181.16
CT_ID1804,S001406,惑星☆ロリポップ,DPA,11,RESIDENT,30,131.08,127.72,115.11,0.00,47.61,0.00
CT_ID1805,S001407,儚キ戀ノ幻想譚,DPH,10,RESIDENT,30,92.85,64.24,82.85,1.55,49.04,0.00
CT_ID1806,S001407,儚キ戀ノ幻想譚,DPA,12,RESIDENT,30,148.60,143.11,131.39,5.60,95.08,0.00
CT_ID1807,S001408,《PL|RAYER》,DPA,12,EPOLIS,31,0.00,0.00,0.00,0.00,0.00,0.00
CT_ID1808,S001409,20XX,DPA,11,EPOLIS,31,0.00,0.00,0.00,0.00,0.00,0.00
CT_ID1809,S001410,ACT0,DPH,10,EPOLIS,31,0.00,0.00,0.00,0.00,0.00,0.00
CT_ID1810,S001410,ACT0,DPA,12,EPOLIS,31,0.00,0.00,0.00,0.00,0.00,0.00
CT_ID1811,S001411,Aeterna,DPA,11,EPOLIS,31,0.00,109.84,0.00,0.00,0.00,0.00
CT_ID1812,S001412,Akatsuki,DPA,10,EPOLIS,31,0.00,0.00,0.00,0.00,0.00,0.00
CT_ID1813,S001413,Ambivalent Vermilia,DPH,10,EPOLIS,31,0.00,0.00,0.00,0.00,0.00,0.00
CT_ID1814,S001413,Ambivalent Vermilia,DPA,12,EPOLIS,31,164.43,0.00,0.00,0.00,0.00,0.00
CT_ID1815,S001414,Amethyst,DPA,11,EPOLIS,31,0.00,0.00,0.00,0.00,0.00,0.00
CT_ID1816,S001415,Bitter & Lucky,DPA,10,EPOLIS,31,0.00,0.00,0.00,0.00,0.00,0.00
CT_ID1817,S001416,BLAZING_LAZER,DPA,12,EPOLIS,31,0.00,0.00,0.00,0.00,0.00,0.00
CT_ID1818,S001417,CADENZA,DPH,10,EPOLIS,31,0.00,0.00,0.00,0.00,0.00,0.00
CT_ID1819,S001417,CADENZA,DPA,12,EPOLIS,31,0.00,0.00,0.00,0.00,0.00,0.00
CT_ID1820,S001418,Chemical Colours,DPA,11,EPOLIS,31,0.00,0.00,0.00,0.00,0.00,0.00
CT_ID1821,S001419,CODE:2,DPA,12,EPOLIS,31,0.00,0.00,0.00,0.00,0.00,0.00
CT_ID1822,S001420,COUNTING SHEEP ft. Kanae Asaba,DPA,10,EPOLIS,31,0.00,0.00,0.00,0.00,0.00,0.00
CT_ID1823,S001421,Cult Invitation,DPH,10,EPOLIS,31,0.00,0.00,0.00,0.00,0.00,0.00
CT_ID1824,S001421,Cult Invitation,DPA,12,EPOLIS,31,0.00,0.00,0.00,0.00,0.00,0.00
CT_ID1825,S001422,Dahlia,DPH,10,EPOLIS,31,0.00,0.00,0.00,0.00,0.00,0.00
CT_ID1826,S001422,Dahlia,DPA,12,EPOLIS,31,0.00,0.00,0.00,0.00,0.00,0.00
CT_ID1827,S001423,DAZZLE ATTACK,DPA,11,EPOLIS,31,0.00,0.00,0.00,0.00,0.00,0.00
CT_ID1828,S001424,Deep Sea Mystery,DPA,11,EPOLIS,31,0.00,0.00,0.00,153.00,0.00,0.00
CT_ID1829,S001425,Demon March,DPH,10,EPOLIS,31,0.00,0.00,0.00,0.00,0.00,0.00
CT_ID1830,S001425,Demon March,DPA,12,EPOLIS,31,0.00,0.00,0.00,0.00,0.00,0.00
CT_ID1831,S001426,Echoes of Sunfall,DPA,11,EPOLIS,31,114.98,0.00,0.00,0.00,0.00,0.00
CT_ID1832,S001427,frequent,DPH,10,EPOLIS,31,0.00,0.00,0.00,0.00,0.00,0.00
CT_ID1833,S001427,frequent,DPA,12,EPOLIS,31,0.00,0.00,0.00,0.00,0.00,0.00
CT_ID1834,S001428,GAME ON,DPH,10,EPOLIS,31,0.00,0.00,0.00,0.00,0.00,0.00
CT_ID1835,S001428,GAME ON,DPA,12,EPOLIS,31,0.00,0.00,0.00,0.00,0.00,0.00
CT_ID1836,S001429,Get Higher,DPA,11,EPOLIS,31,0.00,0.00,0.00,0.00,0.00,0.00
CT_ID1837,S001430,Get Wicked,DPA,10,EPOLIS,31,0.00,0.00,0.00,0.00,0.00,0.00
CT_ID1838,S001431,Ghost Pulse,DPA,12,EPOLIS,31,0.00,0.00,0.00,0.00,0.00,0.00
CT_ID1839,S001432,Glitch N Ride,DPH,10,EPOLIS,31,0.00,0.00,0.00,0.00,0.00,0.00
CT_ID1840,S001432,Glitch N Ride,DPA,12,EPOLIS,31,0.00,0.00,0.00,0.00,0.00,152.79
CT_ID1841,S001433,GloriosA,DPA,11,EPOLIS,31,0.00,0.00,111.62,0.00,0.00,0.00
CT_ID1842,S001434,GLORIOUS HAMMER,DPA,11,EPOLIS,31,0.00,0.00,0.00,0.00,0.00,0.00
CT_ID1843,S001435,Hard Breaker,DPA,10,EPOLIS,31,0.00,0.00,0.00,0.00,0.00,0.00
CT_ID1844,S001436,Hat Surprise (Season 3),DPH,10,EPOLIS,31,0.00,0.00,0.00,0.00,0.00,0.00
CT_ID1845,S001436,Hat Surprise (Season 3),DPA,11,EPOLIS,31,0.00,0.00,0.00,0.00,0.00,0.00
CT_ID1846,S001437,i-ii,DPA,11,EPOLIS,31,114.79,89.81,111.60,42.22,112.61,0.00
CT_ID1847,S001438,INHERITANCE,DPA,11,EPOLIS,31,0.00,0.00,0.00,0.00,0.00,0.00
CT_ID1848,S001439,Iris,DPA,10,EPOLIS,31,0.00,97.73,0.00,0.00,0.00,0.00
CT_ID1849,S001440,Jumper,DPA,10,EPOLIS,31,0.00,0.00,104.65,0.00,0.00,0.00
CT_ID1850,S001441,Just Gimme,DPA,11,EPOLIS,31,0.00,0.00,0.00,0.00,0.00,0.00
CT_ID1851,S001442,JUSTICE/GUILTY feat. Nana Takahashi & 709sec.,DPH,10,EPOLIS,31,0.00,0.00,0.00,0.00,0.00,0.00
CT_ID1852,S001442,JUSTICE/GUILTY feat. Nana Takahashi & 709sec.,DPA,12,EPOLIS,31,0.00,0.00,0.00,0.00,0.00,0.00
CT_ID1853,S001443,Level 5,DPH,10,EPOLIS,31,0.00,0.00,0.00,0.00,0.00,0.00
CT_ID1854,S001443,Level 5,DPA,12,EPOLIS,31,0.00,0.00,0.00,0.00,199.99,0.00
CT_ID1855,S001444,MAXIMUM CHEAT GIRL,DPH,10,EPOLIS,31,0.00,0.00,0.00,0.00,0.00,0.00
CT_ID1856,S001444,MAXIMUM CHEAT GIRL,DPA,12,EPOLIS,31,0.00,0.00,0.00,0.00,0.00,0.00
CT_ID1857,S001445,Million Dollar,DPH,10,EPOLIS,31,0.00,0.00,0.00,0.00,0.00,0.00
CT_ID1858,S001445,Million Dollar,DPA,12,EPOLIS,31,0.00,0.00,0.00,0.00,0.00,0.00
CT_ID1859,S001446,Monkey Business,DPA,11,EPOLIS,31,0.00,0.00,0.00,0.00,0.00,173.39
CT_ID1860,S001447,Mukade,DPA,11,EPOLIS,31,123.24,0.00,0.00,0.00,0.00,0.00
CT_ID1861,S001448,NEEDLESS MY LOVE FOR YOU,DPA,10,EPOLIS,31,0.00,0.00,0.00,0.00,0.00,0.00
CT_ID1862,S001449,Out of Control,DPH,10,EPOLIS,31,0.00,0.00,0.00,0.00,0.00,0.00
CT_ID1863,S001449,Out of Control,DPA,12,EPOLIS,31,0.00,0.00,0.00,0.00,0.00,0.00
CT_ID1864,S001450,out of disk space,DPA,11,EPOLIS,31,0.00,0.00,0.00,0.00,0.00,0.00
CT_ID1865,S001451,PILGRIM,DPA,11,EPOLIS,31,0.00,0.00,0.00,0.00,0.00,0.00
CT_ID1866,S001452,Psychedelic Intelligence,DPA,11,EPOLIS,31,0.00,0.00,0.00,0.00,0.00,0.00
CT_ID1867,S001453,Red Determination,DPA,11,EPOLIS,31,0.00,0.00,0.00,0.00,0.00,0.00
CT_ID1868,S001454,Resonant,DPH,10,EPOLIS,31,0.00,0.00,0.00,0.00,0.00,0.00
CT_ID1869,S001454,Resonant,DPA,12,EPOLIS,31,0.00,0.00,0.00,0.00,0.00,0.00
CT_ID1870,S001455,See You Again,DPA,11,EPOLIS,31,0.00,0.00,0.00,0.00,0.00,0.00
CT_ID1871,S001456,Seven Times Four,DPA,12,EPOLIS,31,0.00,0.00,0.00,0.00,0.00,0.00
CT_ID1872,S001457,Shapeshifter,DPA,11,EPOLIS,31,0.00,119.14,0.00,0.00,0.00,0.00
CT_ID1873,S001458,Sirius,DPA,12,EPOLIS,31,0.00,0.00,0.00,0.00,0.00,0.00
CT_ID1874,S001459,SOLAR ECLIPSE,DPH,10,EPOLIS,31,0.00,0.00,0.00,0.00,0.00,0.00
CT_ID1875,S001459,SOLAR ECLIPSE,DPA,12,EPOLIS,31,0.00,0.00,0.00,0.00,0.00,0.00
CT_ID1876,S001460,Speculation,DPA,11,EPOLIS,31,0.00,138.03,0.00,0.00,0.00,0.00
CT_ID1877,S001461,squall,DPA,11,EPOLIS,31,0.00,0.00,0.00,0.00,0.00,0.00
CT_ID1878,S001462,Stereo Beasts,DPH,10,EPOLIS,31,0.00,0.00,0.00,0.00,0.00,0.00
CT_ID1879,S001462,Stereo Beasts,DPA,12,EPOLIS,31,0.00,0.00,0.00,0.00,0.00,0.00
CT_ID1880,S001463,Submerge Serenade,DPA,11,EPOLIS,31,120.85,0.00,0.00,0.00,0.00,0.00
CT_ID1881,S001464,Sword of Vengeance,DPH,10,EPOLIS,31,0.00,0.00,0.00,0.00,0.00,0.00
CT_ID1882,S001464,Sword of Vengeance,DPA,12,EPOLIS,31,0.00,0.00,0.00,0.00,0.00,0.00
CT_ID1883,S001465,T.R.O.L.L.,DPA,12,EPOLIS,31,0.00,0.00,0.00,0.00,0.00,0.00
CT_ID1884,S001466,The Last Apocalypse,DPH,10,EPOLIS,31,0.00,0.00,0.00,0.00,0.00,0.00
CT_ID1885,S001466,The Last Apocalypse,DPA,12,EPOLIS,31,0.00,0.00,0.00,0.00,0.00,0.00
CT_ID1886,S001467,The Onlyonez,DPA,12,EPOLIS,31,119.08,119.46,116.27,94.05,72.92,0.00
CT_ID1887,S001468,This Is Club Musik feat. 大久保紅葉,DPA,11,EPOLIS,31,0.00,0.00,126.74,0.00,0.00,0.00
CT_ID1888,S001469,Time Distortion pt.2(IIDX Edit),DPA,11,EPOLIS,31,120.41,0.00,0.00,0.00,0.00,0.00
CT_ID1889,S001470,TITANIUM RIDERS,DPA,10,EPOLIS,31,0.00,0.00,94.28,0.00,0.00,0.00
CT_ID1890,S001471,TRIP THE DEEP,DPA,11,EPOLIS,31,0.00,0.00,0.00,0.00,0.00,0.00
CT_ID1891,S001472,Tripping Jumping,DPA,10,EPOLIS,31,0.00,0.00,0.00,0.00,157.41,0.00
CT_ID1892,S001473,Vermilion Carol,DPH,10,EPOLIS,31,0.00,0.00,0.00,0.00,0.00,0.00
CT_ID1893,S001473,Vermilion Carol,DPA,12,EPOLIS,31,0.00,0.00,0.00,0.00,0.00,0.00
CT_ID1894,S001474,Vulnerability,DPH,10,EPOLIS,31,0.00,0.00,0.00,0.00,0.00,0.00
CT_ID1895,S001474,Vulnerability,DPA,12,EPOLIS,31,0.00,0.00,0.00,0.00,0.00,0.00
CT_ID1896,S001475,WaterCube Pf.(RX-Ver.S.P.L.),DPA,10,EPOLIS,31,0.00,0.00,0.00,0.00,0.00,0.00
CT_ID1897,S001476,winkle 2 winkle,DPA,11,EPOLIS,31,0.00,0.00,0.00,0.00,0.00,0.00
CT_ID1898,S001477,Xb10r,DPH,10,EPOLIS,31,0.00,0.00,0.00,0.00,0.00,0.00
CT_ID1899,S001477,Xb10r,DPA,12,EPOLIS,31,0.00,0.00,0.00,0.00,0.00,0.00
CT_ID1900,S001478,ZEROIN ON THE LIGHT,DPA,10,EPOLIS,31,0.00,0.00,0.00,0.00,0.00,0.00
CT_ID1901,S001479,アイドル,DPA,10,EPOLIS,31,0.00,104.87,0.00,0.00,0.00,0.00
CT_ID1902,S001480,アタシ完全絶対正義ちゃん！,DPA,10,EPOLIS,31,0.00,0.00,0.00,0.00,0.00,0.00
CT_ID1903,S001481,シンデレラ,DPA,10,EPOLIS,31,0.00,0.00,0.00,43.79,0.00,0.00
CT_ID1904,S001482,デビルじゃないもん,DPA,10,EPOLIS,31,0.00,0.00,0.00,0.00,0.00,0.00
CT_ID1905,S001483,ないないルーティン,DPA,10,EPOLIS,31,0.00,0.00,0.00,0.00,0.00,0.00
CT_ID1906,S001484,フォニイ,DPA,11,EPOLIS,31,0.00,0.00,0.00,0.00,0.00,0.00
CT_ID1907,S001485,ポラリスノウタ,DPA,10,EPOLIS,31,0.00,0.00,0.00,0.00,0.00,0.00
CT_ID1908,S001486,マーシャル・マキシマイザー,DPA,11,EPOLIS,31,0.00,0.00,0.00,0.00,0.00,0.00
CT_ID1909,S001487,めうめうぺったんたん！！ (ZAQUVA Remix),DPA,11,EPOLIS,31,0.00,0.00,0.00,0.00,0.00,0.00
CT_ID1910,S001488,ラビットホール,DPA,11,EPOLIS,31,0.00,0.00,0.00,0.00,0.00,0.00
CT_ID1911,S001489,愛包ダンスホール,DPA,10,EPOLIS,31,0.00,0.00,0.00,0.00,0.00,0.00
CT_ID1912,S001490,夏風邪デスコ,DPA,10,EPOLIS,31,0.00,0.00,0.00,0.00,0.00,0.00
CT_ID1913,S001491,果たせぬ約束 ft. 小林マナ,DPA,11,EPOLIS,31,0.00,122.78,0.00,0.00,0.00,0.00
CT_ID1914,S001492,今宵、ロマンス横丁。,DPH,10,EPOLIS,31,0.00,0.00,0.00,0.00,0.00,0.00
CT_ID1915,S001492,今宵、ロマンス横丁。,DPA,12,EPOLIS,31,0.00,0.00,0.00,0.00,0.00,0.00
CT_ID1916,S001493,残像ニ繋ガレタ追憶ノHIDEAWAY,DPH,10,EPOLIS,31,0.00,0.00,0.00,0.00,0.00,0.00
CT_ID1917,S001493,残像ニ繋ガレタ追憶ノHIDEAWAY,DPA,12,EPOLIS,31,0.00,0.00,0.00,0.00,0.00,0.00
CT_ID1918,S001494,雫,DPA,11,EPOLIS,31,0.00,0.00,0.00,0.00,0.00,0.00
CT_ID1919,S001495,"灼熱Beach Side Bunny (かめりあ's ""Summertime D'n'B"" Remix)",DPH,10,EPOLIS,31,0.00,0.00,0.00,0.00,0.00,0.00
CT_ID1920,S001495,"灼熱Beach Side Bunny (かめりあ's ""Summertime D'n'B"" Remix)",DPA,12,EPOLIS,31,0.00,0.00,0.00,0.00,0.00,0.00
CT_ID1921,S001496,終焔のClaudia,DPH,10,EPOLIS,31,0.00,0.00,0.00,0.00,0.00,0.00
CT_ID1922,S001496,終焔のClaudia,DPA,12,EPOLIS,31,0.00,0.00,0.00,0.00,0.00,0.00
CT_ID1923,S001497,寝起きヤシの木,DPA,11,EPOLIS,31,0.00,118.00,0.00,0.00,0.00,0.00
CT_ID1924,S001498,神様、つれない。,DPA,10,EPOLIS,31,0.00,0.00,0.00,0.00,0.00,0.00
CT_ID1925,S001499,酔いどれ知らず,DPA,10,EPOLIS,31,0.00,0.00,0.00,0.00,0.00,0.00
CT_ID1926,S001500,電光,DPH,10,EPOLIS,31,0.00,0.00,0.00,0.00,0.00,0.00
CT_ID1927,S001500,電光,DPA,12,EPOLIS,31,0.00,0.00,0.00,0.00,0.00,0.00
CT_ID1928,S001501,電子になりたい,DPA,10,EPOLIS,31,0.00,0.00,0.00,0.00,0.00,0.00
CT_ID1929,S001502,電腦都市,DPH,10,EPOLIS,31,0.00,0.00,0.00,0.00,0.00,0.00
CT_ID1930,S001502,電腦都市,DPA,12,EPOLIS,31,0.00,0.00,0.00,0.00,0.00,0.00
CT_ID1931,S001503,閉塞的フレーション,DPA,10,EPOLIS,31,0.00,0.00,0.00,0.00,0.00,0.00
CT_ID1932,S001504,摩天楼,DPA,12,EPOLIS,31,0.00,0.00,0.00,0.00,0.00,0.00
CT_ID1933,S001505,未完成ノ蒸氣驅動乙女,DPH,10,EPOLIS,31,0.00,0.00,0.00,0.00,0.00,0.00
CT_ID1934,S001505,未完成ノ蒸氣驅動乙女,DPA,12,EPOLIS,31,0.00,0.00,0.00,0.00,0.00,0.00
CT_ID1935,S001506,夢縁,DPH,10,EPOLIS,31,0.00,0.00,0.00,0.00,0.00,0.00
CT_ID1936,S001506,夢縁,DPA,11,EPOLIS,31,118.47,0.00,0.00,0.00,0.00,0.00
CT_ID1937,S001507,勇者,DPA,11,EPOLIS,31,0.00,0.00,0.00,0.00,0.00,0.00
CT_ID1938,S001508,流桜ノ門,DPA,10,EPOLIS,31,0.00,0.00,0.00,90.60,0.00,0.00
CT_ID1939,S001509,惑星鉄道,DPH,11,EPOLIS,31,0.00,0.00,0.00,0.00,0.00,0.00
CT_ID1940,S001509,惑星鉄道,DPA,12,EPOLIS,31,0.00,0.00,0.00,0.00,0.00,178.96
CT_ID1941,S001512,1116,DPH,10,Pinky Crush,32,0.00,0.00,0.00,0.00,0.00,0.00
CT_ID1942,S001512,1116,DPA,12,Pinky Crush,32,0.00,0.00,0.00,0.00,0.00,0.00
CT_ID1943,S001513,ADAMANT,DPA,11,Pinky Crush,32,0.00,0.00,0.00,0.00,0.00,0.00
CT_ID1944,S001514,Aqvion,DPA,12,Pinky Crush,32,0.00,0.00,0.00,0.00,0.00,0.00
CT_ID1945,S001515,Arcanos,DPA,10,Pinky Crush,32,0.00,0.00,0.00,0.00,0.00,0.00
CT_ID1946,S001516,Bang-Boo Bumble,DPA,11,Pinky Crush,32,0.00,0.00,0.00,0.00,0.00,0.00
CT_ID1947,S001517,Bling-Bang-Bang-Born,DPA,10,Pinky Crush,32,0.00,0.00,0.00,0.00,0.00,0.00
CT_ID1948,S001518,Bring The Fire,DPA,12,Pinky Crush,32,0.00,0.00,0.00,0.00,0.00,0.00
CT_ID1949,S001519,Butterfly Twist,DPA,11,Pinky Crush,32,0.00,0.00,0.00,0.00,0.00,0.00
CT_ID1950,S001520,CHAOTIC SUNBIRD,DPA,11,Pinky Crush,32,0.00,0.00,0.00,0.00,0.00,0.00
CT_ID1951,S001521,Chasing After YOU ～夢の欠片～ ft. 小林マナ,DPA,10,Pinky Crush,32,0.00,0.00,0.00,0.00,0.00,0.00
CT_ID1952,S001522,Constellation,DPA,11,Pinky Crush,32,0.00,0.00,0.00,0.00,0.00,0.00
CT_ID1953,S001523,COSMIC V3LOCITY,DPH,10,Pinky Crush,32,0.00,0.00,0.00,0.00,0.00,0.00
CT_ID1954,S001523,COSMIC V3LOCITY,DPA,12,Pinky Crush,32,0.00,0.00,0.00,0.00,0.00,0.00
CT_ID1955,S001524,Cross Fire,DPH,10,Pinky Crush,32,0.00,0.00,0.00,0.00,0.00,0.00
CT_ID1956,S001524,Cross Fire,DPA,12,Pinky Crush,32,0.00,0.00,0.00,0.00,0.00,0.00
CT_ID1957,S001525,destination,DPH,10,Pinky Crush,32,0.00,0.00,0.00,0.00,0.00,0.00
CT_ID1958,S001525,destination,DPA,12,Pinky Crush,32,0.00,0.00,0.00,0.00,0.00,0.00
CT_ID1959,S001526,DIVINE JUDGEMENT,DPH,10,Pinky Crush,32,94.63,72.24,90.00,71.12,29.66,0.00
CT_ID1960,S001526,DIVINE JUDGEMENT,DPA,12,Pinky Crush,32,0.00,0.00,0.00,0.00,0.00,0.00
CT_ID1961,S001527,Drop Syndicate,DPA,12,Pinky Crush,32,0.00,0.00,0.00,0.00,0.00,0.00
CT_ID1962,S001528,Eleanor,DPA,10,Pinky Crush,32,98.04,105.14,88.57,38.62,19.26,0.00
CT_ID1963,S001529,ELYSIUM,DPA,11,Pinky Crush,32,0.00,0.00,0.00,0.00,0.00,0.00
CT_ID1964,S001530,everlastingeuphoria:,DPA,11,Pinky Crush,32,0.00,0.00,0.00,0.00,0.00,0.00
CT_ID1965,S001531,EX-MASSIVE FIGHTER,DPH,10,Pinky Crush,32,0.00,0.00,0.00,0.00,0.00,0.00
CT_ID1966,S001531,EX-MASSIVE FIGHTER,DPA,12,Pinky Crush,32,0.00,0.00,0.00,0.00,0.00,0.00
CT_ID1967,S001532,EYE OF THE HEAVEN,DPH,10,Pinky Crush,32,0.00,0.00,0.00,0.00,0.00,0.00
CT_ID1968,S001532,EYE OF THE HEAVEN,DPA,12,Pinky Crush,32,0.00,0.00,0.00,0.00,0.00,0.00
CT_ID1969,S001533,FERMI PARADOX,DPA,10,Pinky Crush,32,0.00,0.00,0.00,0.00,0.00,0.00
CT_ID1970,S001534,Fiery Stallion,DPA,11,Pinky Crush,32,0.00,0.00,0.00,0.00,0.00,0.00
CT_ID1971,S001535,Flamingo,DPH,10,Pinky Crush,32,0.00,0.00,0.00,0.00,0.00,0.00
CT_ID1972,S001535,Flamingo,DPA,12,Pinky Crush,32,0.00,0.00,0.00,0.00,0.00,0.00
CT_ID1973,S001536,FlyAway,DPH,10,Pinky Crush,32,0.00,0.00,0.00,0.00,0.00,0.00
CT_ID1974,S001536,FlyAway,DPA,12,Pinky Crush,32,0.00,0.00,0.00,0.00,0.00,0.00
CT_ID1975,S001537,Galaxy Collapse,DPA,10,Pinky Crush,32,0.00,0.00,0.00,0.00,0.00,0.00
CT_ID1976,S001538,get set mind,DPA,10,Pinky Crush,32,0.00,0.00,0.00,0.00,0.00,0.00
CT_ID1977,S001539,God Mind,DPH,10,Pinky Crush,32,0.00,0.00,0.00,0.00,0.00,0.00
CT_ID1978,S001539,God Mind,DPA,12,Pinky Crush,32,0.00,0.00,0.00,0.00,0.00,0.00
CT_ID1979,S001540,Good Looking,DPA,10,Pinky Crush,32,0.00,0.00,0.00,0.00,0.00,0.00
CT_ID1980,S001541,Here We Go Now,DPH,10,Pinky Crush,32,81.65,60.09,87.13,3.53,42.93,0.00
CT_ID1981,S001541,Here We Go Now,DPA,12,Pinky Crush,32,0.00,0.00,0.00,0.00,0.00,0.00
CT_ID1982,S001542,hora de verdad,DPH,10,Pinky Crush,32,0.00,0.00,0.00,0.00,0.00,0.00
CT_ID1983,S001542,hora de verdad,DPA,12,Pinky Crush,32,0.00,0.00,0.00,0.00,0.00,0.00
CT_ID1984,S001543,IN BETWEEN,DPA,11,Pinky Crush,32,0.00,0.00,0.00,0.00,0.00,0.00
CT_ID1985,S001544,KOTONOHA ft. Kotoha,DPA,10,Pinky Crush,32,84.93,87.58,77.14,0.00,16.29,0.00
CT_ID1986,S001545,Lightspeed,DPH,10,Pinky Crush,32,0.00,0.00,0.00,0.00,0.00,0.00
CT_ID1987,S001545,Lightspeed,DPA,12,Pinky Crush,32,0.00,0.00,0.00,0.00,0.00,0.00
CT_ID1988,S001546,lowercase lifetime,DPA,11,Pinky Crush,32,0.00,0.00,0.00,0.00,0.00,0.00
CT_ID1989,S001547,Lycoris,DPA,10,Pinky Crush,32,0.00,0.00,0.00,0.00,0.00,0.00
CT_ID1990,S001548,MARLIN,DPH,10,Pinky Crush,32,0.00,0.00,0.00,0.00,0.00,0.00
CT_ID1991,S001548,MARLIN,DPA,12,Pinky Crush,32,0.00,0.00,0.00,0.00,0.00,0.00
CT_ID1992,S001549,Mid-Corner (Magic Maker),DPH,10,Pinky Crush,32,0.00,0.00,0.00,0.00,0.00,0.00
CT_ID1993,S001549,Mid-Corner (Magic Maker),DPA,12,Pinky Crush,32,0.00,0.00,0.00,0.00,0.00,0.00
CT_ID1994,S001550,Mighty Cutie,DPA,10,Pinky Crush,32,0.00,0.00,0.00,0.00,0.00,0.00
CT_ID1995,S001551,MVP,DPA,11,Pinky Crush,32,0.00,0.00,0.00,0.00,0.00,0.00
CT_ID1996,S001552,NOIXIA,DPH,10,Pinky Crush,32,0.00,0.00,0.00,0.00,0.00,0.00
CT_ID1997,S001552,NOIXIA,DPA,12,Pinky Crush,32,0.00,0.00,0.00,179.84,0.00,0.00
CT_ID1998,S001553,ＰＡＳＴＥＬＩＳＭ,DPA,10,Pinky Crush,32,0.00,0.00,0.00,0.00,0.00,0.00
CT_ID1999,S001554,PERFECT HUMAN,DPA,10,Pinky Crush,32,0.00,0.00,0.00,0.00,0.00,0.00
CT_ID2000,S001555,Pinky Happy Crazy,DPH,10,Pinky Crush,32,0.00,0.00,0.00,0.00,0.00,0.00
CT_ID2001,S001555,Pinky Happy Crazy,DPA,12,Pinky Crush,32,0.00,0.00,0.00,0.00,0.00,0.00
CT_ID2002,S001556,PIT A PAT,DPA,10,Pinky Crush,32,0.00,0.00,0.00,0.00,0.00,0.00
CT_ID2003,S001557,Plazma,DPA,10,Pinky Crush,32,0.00,0.00,0.00,0.00,0.00,0.00
CT_ID2004,S001558,Plea Per Phase,DPA,11,Pinky Crush,32,0.00,0.00,0.00,0.00,0.00,0.00
CT_ID2005,S001559,PopなEDEN,DPA,11,Pinky Crush,32,0.00,0.00,0.00,0.00,0.00,0.00
CT_ID2006,S001560,Raspberry Potion (feat.あれたん & ぎゃるのしん☆),DPA,11,Pinky Crush,32,0.00,0.00,0.00,0.00,0.00,0.00
CT_ID2007,S001561,RAVE SYNDROME,DPA,11,Pinky Crush,32,0.00,0.00,0.00,0.00,0.00,0.00
CT_ID2008,S001562,Roar of Chronos,DPH,10,Pinky Crush,32,0.00,0.00,0.00,0.00,0.00,0.00
CT_ID2009,S001562,Roar of Chronos,DPA,12,Pinky Crush,32,0.00,0.00,0.00,0.00,0.00,0.00
CT_ID2010,S001563,Satellite Burst,DPH,10,Pinky Crush,32,94.82,71.30,90.00,10.16,19.09,0.00
CT_ID2011,S001563,Satellite Burst,DPA,12,Pinky Crush,32,0.00,0.00,0.00,0.00,0.00,0.00
CT_ID2012,S001564,Secret Rouge,DPA,10,Pinky Crush,32,0.00,0.00,0.00,0.00,0.00,0.00
CT_ID2013,S001565,Shirdal,DPA,10,Pinky Crush,32,0.00,0.00,0.00,0.00,0.00,0.00
CT_ID2014,S001566,Show Me All Your Love,DPA,11,Pinky Crush,32,0.00,0.00,0.00,0.00,0.00,0.00
CT_ID2015,S001567,SISYPHUS,DPH,10,Pinky Crush,32,0.00,0.00,0.00,0.00,0.00,0.00
CT_ID2016,S001567,SISYPHUS,DPA,12,Pinky Crush,32,0.00,0.00,0.00,0.00,0.00,0.00
CT_ID2017,S001568,Skratch Education Lv-1,DPH,10,Pinky Crush,32,0.00,0.00,0.00,0.00,0.00,0.00
CT_ID2018,S001568,Skratch Education Lv-1,DPA,12,Pinky Crush,32,0.00,0.00,0.00,0.00,0.00,0.00
CT_ID2019,S001569,Slumber☆Party,DPA,11,Pinky Crush,32,0.00,0.00,0.00,0.00,0.00,0.00
CT_ID2020,S001570,Space In Time,DPA,11,Pinky Crush,32,0.00,0.00,0.00,0.00,0.00,0.00
CT_ID2021,S001571,Stargazing Trip ～星 探す旅～ ft. 小林マナ,DPA,11,Pinky Crush,32,0.00,0.00,0.00,0.00,0.00,0.00
CT_ID2022,S001572,SUPER HEROINE!!,DPA,11,Pinky Crush,32,0.00,0.00,0.00,0.00,0.00,0.00
CT_ID2023,S001573,SμG@R RU$#,DPH,10,Pinky Crush,32,0.00,0.00,0.00,0.00,0.00,0.00
CT_ID2024,S001573,SμG@R RU$#,DPA,12,Pinky Crush,32,0.00,0.00,0.00,0.00,0.00,0.00
CT_ID2025,S001574,TECHNO RUMBLE,DPA,11,Pinky Crush,32,0.00,0.00,0.00,0.00,0.00,0.00
CT_ID2026,S001575,u gotta beat,DPH,10,Pinky Crush,32,0.00,0.00,0.00,0.00,0.00,0.00
CT_ID2027,S001575,u gotta beat,DPA,12,Pinky Crush,32,0.00,0.00,0.00,0.00,0.00,0.00
CT_ID2028,S001576,Uaigh Gealai,DPH,10,Pinky Crush,32,0.00,0.00,0.00,0.00,0.00,0.00
CT_ID2029,S001576,Uaigh Gealai,DPA,12,Pinky Crush,32,0.00,0.00,0.00,0.00,0.00,0.00
CT_ID2030,S001577,uen,DPH,10,Pinky Crush,32,0.00,0.00,0.00,0.00,0.00,0.00
CT_ID2031,S001577,uen,DPA,12,Pinky Crush,32,0.00,0.00,0.00,0.00,0.00,0.00
CT_ID2032,S001578,Vibing! Shake it!,DPA,10,Pinky Crush,32,0.00,0.00,0.00,0.00,0.00,0.00
CT_ID2033,S001579,Without Heaven,DPH,10,Pinky Crush,32,81.00,35.69,75.71,0.00,39.28,0.00
CT_ID2034,S001579,Without Heaven,DPA,12,Pinky Crush,32,0.00,0.00,0.00,0.00,0.00,0.00
CT_ID2035,S001580,XHRONOXAPSULΞ,DPH,10,Pinky Crush,32,0.00,0.00,0.00,0.00,0.00,0.00
CT_ID2036,S001580,XHRONOXAPSULΞ,DPA,12,Pinky Crush,32,0.00,0.00,0.00,0.00,0.00,0.00
CT_ID2037,S001581,アラビアン ハイパー ナイト,DPH,10,Pinky Crush,32,0.00,0.00,0.00,0.00,0.00,0.00
CT_ID2038,S001581,アラビアン ハイパー ナイト,DPA,12,Pinky Crush,32,0.00,0.00,0.00,0.00,0.00,0.00
CT_ID2039,S001582,エクスプロウル,DPA,10,Pinky Crush,32,0.00,0.00,0.00,0.00,0.00,0.00
CT_ID2040,S001583,えだまめカレークッキング,DPA,11,Pinky Crush,32,0.00,0.00,0.00,0.00,0.00,0.00
CT_ID2041,S001584,オッドラヴィ,DPA,10,Pinky Crush,32,0.00,0.00,0.00,0.00,0.00,0.00
CT_ID2042,S001585,オブソミート,DPA,10,Pinky Crush,32,0.00,0.00,0.00,0.00,0.00,0.00
CT_ID2043,S001586,キスキツネ,DPA,10,Pinky Crush,32,106.98,111.11,94.28,0.00,28.76,0.00
CT_ID2044,S001587,きみのせかい,DPA,11,Pinky Crush,32,0.00,0.00,0.00,0.00,0.00,0.00
CT_ID2045,S001588,ギャ・ギャ・ギャ・ギャラクシー！,DPA,10,Pinky Crush,32,0.00,0.00,0.00,0.00,0.00,0.00
CT_ID2046,S001589,きゅうくらりん,DPA,10,Pinky Crush,32,0.00,0.00,0.00,0.00,0.00,0.00
CT_ID2047,S001590,ゲシュタルト,DPA,10,Pinky Crush,32,0.00,0.00,0.00,0.00,0.00,0.00
CT_ID2048,S001591,スキッテイエェエエェ!!!!,DPH,10,Pinky Crush,32,0.00,0.00,0.00,0.00,0.00,0.00
CT_ID2049,S001591,スキッテイエェエエェ!!!!,DPA,12,Pinky Crush,32,0.00,0.00,0.00,0.00,0.00,0.00
CT_ID2050,S001592,スパークリング☆彡ハイパーチューン！！,DPH,10,Pinky Crush,32,0.00,0.00,0.00,0.00,0.00,0.00
CT_ID2051,S001592,スパークリング☆彡ハイパーチューン！！,DPA,12,Pinky Crush,32,0.00,0.00,0.00,0.00,0.00,0.00
CT_ID2052,S001593,ドーナツホール 2024,DPA,10,Pinky Crush,32,0.00,0.00,0.00,0.00,0.00,0.00
CT_ID2053,S001594,ドリムチウ,DPA,10,Pinky Crush,32,0.00,0.00,0.00,0.00,0.00,0.00
CT_ID2054,S001595,ハオ,DPA,11,Pinky Crush,32,0.00,0.00,0.00,0.00,0.00,0.00
CT_ID2055,S001596,ハルイロメロディー,DPA,10,Pinky Crush,32,0.00,0.00,0.00,0.00,0.00,0.00
CT_ID2056,S001597,ビビデバ,DPA,10,Pinky Crush,32,0.00,0.00,0.00,0.00,0.00,0.00
CT_ID2057,S001598,ファイナルレター,DPA,11,Pinky Crush,32,0.00,0.00,0.00,0.00,0.00,0.00
CT_ID2058,S001599,メズマライザー,DPA,11,Pinky Crush,32,0.00,0.00,0.00,0.00,0.00,0.00
CT_ID2059,S001600,我ら完全無敵のアイドル!!,DPA,10,Pinky Crush,32,0.00,0.00,0.00,0.00,0.00,0.00
CT_ID2060,S001601,覚悟せよ！エンタンメ～ン ～より身の切り売り自暴自棄版～,DPA,11,Pinky Crush,32,0.00,0.00,0.00,0.00,0.00,0.00
CT_ID2061,S001602,最強頂戴girl,DPA,10,Pinky Crush,32,0.00,0.00,0.00,0.00,0.00,0.00
CT_ID2062,S001603,灼熱 Lost Summer Dayz,DPH,10,Pinky Crush,32,0.00,0.00,0.00,0.00,163.63,0.00
CT_ID2063,S001603,灼熱 Lost Summer Dayz,DPA,12,Pinky Crush,32,0.00,0.00,0.00,0.00,170.06,0.00
CT_ID2064,S001604,朱と碧のランページ,DPA,10,Pinky Crush,32,0.00,0.00,0.00,0.00,0.00,0.00
CT_ID2065,S001605,消極的セツナイズム,DPA,10,Pinky Crush,32,0.00,0.00,0.00,0.00,0.00,0.00
CT_ID2066,S001606,進捗ダメダメです,DPA,10,Pinky Crush,32,0.00,0.00,0.00,0.00,0.00,0.00
CT_ID2067,S001607,弾幕信仰,DPA,10,Pinky Crush,32,0.00,0.00,0.00,0.00,0.00,0.00
CT_ID2068,S001608,断罪の一花,DPA,11,Pinky Crush,32,0.00,0.00,0.00,0.00,0.00,0.00
CT_ID2069,S001609,天使のカンタータ -Cantata of Angels-,DPH,10,Pinky Crush,32,0.00,0.00,0.00,0.00,0.00,0.00
CT_ID2070,S001609,天使のカンタータ -Cantata of Angels-,DPA,12,Pinky Crush,32,0.00,0.00,0.00,0.00,0.00,0.00
CT_ID2071,S001610,爆ぜりゃんせ,DPA,11,Pinky Crush,32,0.00,0.00,0.00,0.00,0.00,0.00
CT_ID2072,S001611,無双,DPA,11,Pinky Crush,32,0.00,0.00,0.00,0.00,0.00,0.00
CT_ID2073,S001613,⁽⁽ଘ( ˙꒳˙ )ଓ⁾⁾ beyond reason,DPH,10,Sparkle Shower,33,0.00,0.00,0.00,0.00,0.00,0.00
CT_ID2074,S001613,⁽⁽ଘ( ˙꒳˙ )ଓ⁾⁾ beyond reason,DPA,12,Sparkle Shower,33,0.00,0.00,0.00,0.00,0.00,0.00
CT_ID2075,S001614,[E],DPA,11,Sparkle Shower,33,0.00,0.00,0.00,0.00,0.00,0.00
CT_ID2076,S001615,2 Be Continued,DPA,12,Sparkle Shower,33,0.00,0.00,0.00,0.00,0.00,0.00
CT_ID2077,S001616,A Certified Rave Moment,DPA,11,Sparkle Shower,33,0.00,0.00,0.00,0.00,0.00,0.00
CT_ID2078,S001617,ACID VISION,DPA,11,Sparkle Shower,33,70.86,56.72,75.71,0.00,10.72,0.00
CT_ID2079,S001618,AGETEKE ONDO,DPA,10,Sparkle Shower,33,0.00,0.00,0.00,0.00,0.00,0.00
CT_ID2080,S001619,Amor∞Fati,DPH,10,Sparkle Shower,33,0.00,0.00,0.00,0.00,0.00,0.00
CT_ID2081,S001619,Amor∞Fati,DPA,12,Sparkle Shower,33,0.00,0.00,0.00,0.00,0.00,0.00
CT_ID2082,S001620,Any％,DPH,10,Sparkle Shower,33,0.00,0.00,0.00,0.00,0.00,0.00
CT_ID2083,S001620,Any％,DPA,12,Sparkle Shower,33,0.00,0.00,0.00,0.00,0.00,0.00
CT_ID2084,S001621,Astra Blaze,DPH,10,Sparkle Shower,33,0.00,0.00,0.00,0.00,0.00,0.00
CT_ID2085,S001621,Astra Blaze,DPA,12,Sparkle Shower,33,0.00,0.00,0.00,0.00,0.00,0.00
CT_ID2086,S001622,Bang Bang Dance,DPA,11,Sparkle Shower,33,0.00,0.00,0.00,0.00,0.00,0.00
CT_ID2087,S001623,BattleRoyal,DPA,11,Sparkle Shower,33,103.32,90.25,100.00,79.05,69.79,0.00
CT_ID2088,S001624,Begin,DPH,10,Sparkle Shower,33,0.00,0.00,0.00,0.00,0.00,0.00
CT_ID2089,S001624,Begin,DPA,12,Sparkle Shower,33,134.93,126.40,137.20,0.00,31.08,0.00
CT_ID2090,S001625,BitRacer,DPH,10,Sparkle Shower,33,0.00,0.00,0.00,0.00,0.00,0.00
CT_ID2091,S001625,BitRacer,DPA,12,Sparkle Shower,33,148.62,115.70,109.30,151.29,71.23,49.10
CT_ID2092,S001626,Bloom,DPA,10,Sparkle Shower,33,83.47,50.62,82.85,162.38,17.53,0.00
CT_ID2093,S001627,blue anthem,DPA,11,Sparkle Shower,33,0.00,0.00,0.00,0.00,0.00,0.00
CT_ID2094,S001628,Catch ya Getcha!,DPA,11,Sparkle Shower,33,0.00,0.00,0.00,0.00,0.00,0.00
CT_ID2095,S001629,chaplet -IIDX re:build-,DPH,10,Sparkle Shower,33,0.00,0.00,0.00,0.00,0.00,0.00
CT_ID2096,S001629,chaplet -IIDX re:build-,DPA,12,Sparkle Shower,33,0.00,0.00,0.00,0.00,0.00,0.00
CT_ID2097,S001630,COLOR BURST,DPA,10,Sparkle Shower,33,0.00,0.00,0.00,0.00,0.00,0.00
CT_ID2098,S001631,Countdown to Heaven or Hell,DPA,11,Sparkle Shower,33,0.00,0.00,0.00,0.00,0.00,0.00
CT_ID2099,S001632,D.K.N. ON,DPA,11,Sparkle Shower,33,0.00,0.00,0.00,0.00,0.00,0.00
CT_ID2100,S001633,Digitized Ocean,DPH,10,Sparkle Shower,33,0.00,0.00,0.00,0.00,0.00,0.00
CT_ID2101,S001633,Digitized Ocean,DPA,12,Sparkle Shower,33,0.00,0.00,0.00,0.00,0.00,0.00
CT_ID2102,S001634,Disco Killer Music Lover,DPA,12,Sparkle Shower,33,0.00,0.00,0.00,0.00,0.00,0.00
CT_ID2103,S001635,Dolphin Kick,DPH,10,Sparkle Shower,33,0.00,0.00,0.00,0.00,0.00,0.00
CT_ID2104,S001635,Dolphin Kick,DPA,12,Sparkle Shower,33,0.00,0.00,0.00,0.00,0.00,0.00
CT_ID2105,S001636,Dusk Endir,DPH,10,Sparkle Shower,33,0.00,0.00,0.00,0.00,0.00,0.00
CT_ID2106,S001636,Dusk Endir,DPA,12,Sparkle Shower,33,0.00,0.00,0.00,0.00,0.00,0.00
CT_ID2107,S001637,ESPRIT ONE,DPA,11,Sparkle Shower,33,0.00,0.00,0.00,0.00,0.00,0.00
CT_ID2109,S001638,Fashion Fruit,DPA,11,Sparkle Shower,33,0.00,0.00,0.00,0.00,0.00,0.00
CT_ID2110,S001639,fixer,DPH,10,Sparkle Shower,33,0.00,0.00,0.00,0.00,0.00,0.00
CT_ID2111,S001639,fixer,DPA,12,Sparkle Shower,33,0.00,0.00,0.00,0.00,0.00,0.00
CT_ID2112,S001640,FIZZY FIZZY POP,DPA,10,Sparkle Shower,33,0.00,0.00,0.00,0.00,0.00,0.00
CT_ID2113,S001641,FiZZλ_POT!0N,DPH,10,Sparkle Shower,33,0.00,0.00,0.00,0.00,0.00,0.00
CT_ID2114,S001641,FiZZλ_POT!0N,DPA,12,Sparkle Shower,33,0.00,0.00,0.00,0.00,0.00,0.00
CT_ID2115,S001642,From Human Blood,DPH,10,Sparkle Shower,33,0.00,0.00,0.00,0.00,0.00,0.00
CT_ID2116,S001642,From Human Blood,DPA,12,Sparkle Shower,33,0.00,0.00,0.00,0.00,0.00,0.00
CT_ID2117,S001643,Funky Quirky,DPA,11,Sparkle Shower,33,107.61,98.17,94.28,89.56,16.50,0.00
CT_ID2118,S001644,Get Into The Groove feat.WaMi,DPA,10,Sparkle Shower,33,0.00,0.00,0.00,0.00,0.00,0.00
CT_ID2119,S001645,Gimme a Big Beat(青龍 Remix),DPH,10,Sparkle Shower,33,0.00,0.00,0.00,0.00,0.00,0.00
CT_ID2120,S001645,Gimme a Big Beat(青龍 Remix),DPA,12,Sparkle Shower,33,0.00,0.00,0.00,0.00,0.00,0.00
CT_ID2121,S001646,GO!,DPA,11,Sparkle Shower,33,0.00,0.00,0.00,0.00,0.00,0.00
CT_ID2122,S001647,GOLD RUSH 2025,DPA,11,Sparkle Shower,33,0.00,0.00,0.00,0.00,0.00,0.00
CT_ID2123,S001648,Hallucination,DPA,11,Sparkle Shower,33,105.19,70.49,95.71,0.00,37.76,100.09
CT_ID2124,S001649,HEROES,DPH,10,Sparkle Shower,33,0.00,0.00,0.00,0.00,0.00,0.00
CT_ID2125,S001649,HEROES,DPA,12,Sparkle Shower,33,0.00,0.00,0.00,0.00,0.00,0.00
CT_ID2126,S001650,HyperTwist,DPH,10,Sparkle Shower,33,0.00,0.00,0.00,0.00,0.00,0.00
CT_ID2127,S001650,HyperTwist,DPA,12,Sparkle Shower,33,0.00,0.00,0.00,0.00,0.00,0.00
CT_ID2128,S001651,Ignited Night,DPA,11,Sparkle Shower,33,0.00,0.00,0.00,0.00,0.00,0.00
CT_ID2129,S001652,Iridescent Memories,DPH,10,Sparkle Shower,33,0.00,0.00,0.00,0.00,0.00,0.00
CT_ID2130,S001652,Iridescent Memories,DPA,12,Sparkle Shower,33,159.98,157.94,140.69,100.42,45.46,0.00
CT_ID2131,S001653,Kick The Rainbow,DPA,11,Sparkle Shower,33,0.00,0.00,0.00,0.00,0.00,0.00
CT_ID2132,S001654,King of Tribe,DPH,10,Sparkle Shower,33,0.00,0.00,0.00,0.00,0.00,0.00
CT_ID2133,S001654,King of Tribe,DPA,12,Sparkle Shower,33,0.00,0.00,0.00,0.00,0.00,0.00
CT_ID2134,S001655,kors k's Let's make an Image Song!,DPA,11,Sparkle Shower,33,104.87,108.70,97.14,74.94,67.92,0.00
CT_ID2135,S001656,Last Card,DPA,11,Sparkle Shower,33,0.00,0.00,0.00,0.00,0.00,0.00
CT_ID2136,S001657,Limelight,DPH,10,Sparkle Shower,33,0.00,0.00,0.00,0.00,0.00,0.00
CT_ID2137,S001657,Limelight,DPA,12,Sparkle Shower,33,0.00,0.00,0.00,0.00,0.00,0.00
CT_ID2138,S001658,Lisa-RICCIA,DPH,10,Sparkle Shower,33,0.00,0.00,0.00,0.00,0.00,0.00
CT_ID2139,S001658,Lisa-RICCIA,DPA,12,Sparkle Shower,33,0.00,0.00,0.00,0.00,0.00,0.00
CT_ID2140,S001659,Makin' It,DPH,10,Sparkle Shower,33,0.00,0.00,0.00,0.00,0.00,0.00
CT_ID2141,S001659,Makin' It,DPA,12,Sparkle Shower,33,0.00,0.00,0.00,0.00,0.00,0.00
CT_ID2142,S001660,Memoria Obscura,DPH,10,Sparkle Shower,33,0.00,0.00,0.00,0.00,0.00,0.00
CT_ID2143,S001660,Memoria Obscura,DPA,12,Sparkle Shower,33,0.00,0.00,0.00,0.00,0.00,0.00
CT_ID2144,S001661,Meteor☆Shower,DPA,11,Sparkle Shower,33,0.00,0.00,0.00,0.00,0.00,0.00
CT_ID2145,S001662,Mighty Beat Monsterz,DPH,10,Sparkle Shower,33,0.00,0.00,0.00,0.00,0.00,0.00
CT_ID2146,S001662,Mighty Beat Monsterz,DPA,12,Sparkle Shower,33,0.00,0.00,0.00,0.00,0.00,0.00
CT_ID2147,S001663,MOCHIMOCHI DREAMIN!!,DPA,11,Sparkle Shower,33,0.00,0.00,0.00,0.00,0.00,0.00
CT_ID2148,S001664,Nemophila,DPA,11,Sparkle Shower,33,115.68,101.01,98.57,53.62,16.28,0.00
CT_ID2149,S001665,Nyan Nyan University,DPA,10,Sparkle Shower,33,0.00,0.00,0.00,0.00,0.00,0.00
CT_ID2150,S001666,OMEGA,DPH,10,Sparkle Shower,33,0.00,0.00,0.00,0.00,0.00,0.00
CT_ID2151,S001666,OMEGA,DPA,12,Sparkle Shower,33,0.00,0.00,0.00,0.00,0.00,0.00
CT_ID2152,S001667,PALETTE,DPA,10,Sparkle Shower,33,0.00,0.00,0.00,0.00,0.00,0.00
CT_ID2153,S001668,PERFECT GREAT!!,DPH,10,Sparkle Shower,33,0.00,0.00,0.00,0.00,0.00,0.00
CT_ID2154,S001668,PERFECT GREAT!!,DPA,12,Sparkle Shower,33,164.45,141.93,129.06,0.00,29.32,0.00
CT_ID2155,S001669,pique,DPA,11,Sparkle Shower,33,108.67,86.02,112.79,11.03,32.83,0.00
CT_ID2156,S001670,RALLY '25,DPH,10,Sparkle Shower,33,0.00,0.00,0.00,0.00,0.00,0.00
CT_ID2157,S001670,RALLY '25,DPA,12,Sparkle Shower,33,0.00,0.00,0.00,0.00,0.00,0.00
CT_ID2158,S001671,Regina vespaE,DPH,10,Sparkle Shower,33,0.00,0.00,0.00,0.00,0.00,0.00
CT_ID2159,S001671,Regina vespaE,DPA,12,Sparkle Shower,33,0.00,0.00,0.00,0.00,0.00,0.00
CT_ID2160,S001672,RIZING-GAMERS.,DPH,10,Sparkle Shower,33,0.00,0.00,0.00,0.00,0.00,0.00
CT_ID2161,S001672,RIZING-GAMERS.,DPA,12,Sparkle Shower,33,0.00,0.00,0.00,0.00,0.00,0.00
CT_ID2162,S001673,RUINA,DPH,10,Sparkle Shower,33,0.00,0.00,0.00,0.00,0.00,0.00
CT_ID2163,S001673,RUINA,DPA,12,Sparkle Shower,33,144.39,105.28,141.86,101.80,66.46,0.00
CT_ID2164,S001674,Second Heaven(Mamonis Remix),DPA,11,Sparkle Shower,33,0.00,0.00,0.00,0.00,0.00,0.00
CT_ID2165,S001675,SHINING☆DANCE,DPA,10,Sparkle Shower,33,0.00,0.00,0.00,0.00,0.00,0.00
CT_ID2166,S001763,Shooting Star,DPA,10,Sparkle Shower,33,0.00,0.00,0.00,0.00,0.00,0.00
CT_ID2167,S001677,Show Time,DPA,10,Sparkle Shower,33,82.54,85.40,84.28,67.32,56.34,0.00
CT_ID2168,S001678,Skywalking,DPA,10,Sparkle Shower,33,90.73,90.79,87.14,0.51,52.98,0.00
CT_ID2169,S001679,Smintheus,DPH,10,Sparkle Shower,33,0.00,0.00,0.00,0.00,0.00,0.00
CT_ID2170,S001679,Smintheus,DPA,12,Sparkle Shower,33,153.28,121.05,160.41,87.23,47.35,42.49
CT_ID2171,S001680,SnapSkipSpark,DPA,11,Sparkle Shower,33,0.00,0.00,0.00,0.00,0.00,0.00
CT_ID2172,S001681,Space Battleship S4TO,DPH,10,Sparkle Shower,33,0.00,0.00,0.00,0.00,0.00,0.00
CT_ID2173,S001681,Space Battleship S4TO,DPA,12,Sparkle Shower,33,0.00,0.00,0.00,0.00,0.00,0.00
CT_ID2174,S001682,SPLASH!!!!!!!!!,DPA,10,Sparkle Shower,33,0.00,0.00,0.00,0.00,0.00,0.00
CT_ID2175,S001683,Substance,DPA,11,Sparkle Shower,33,0.00,0.00,0.00,0.00,0.00,0.00
CT_ID2176,S001684,super double play sessions,DPH,10,Sparkle Shower,33,0.00,0.00,0.00,0.00,0.00,0.00
CT_ID2177,S001684,super double play sessions,DPA,12,Sparkle Shower,33,0.00,0.00,0.00,0.00,0.00,0.00
CT_ID2178,S001685,THUNDERSTRIKE,DPH,10,Sparkle Shower,33,0.00,0.00,0.00,0.00,0.00,0.00
CT_ID2179,S001685,THUNDERSTRIKE,DPA,12,Sparkle Shower,33,0.00,0.00,0.00,0.00,0.00,0.00
CT_ID2180,S001686,TOKAKU=ALMiRAJ,DPA,11,Sparkle Shower,33,0.00,0.00,0.00,0.00,0.00,0.00
CT_ID2181,S001687,UNDO THE NIGHT,DPA,12,Sparkle Shower,33,139.86,139.68,119.76,0.00,134.85,0.00
CT_ID2182,S001688,Vitamin,DPA,11,Sparkle Shower,33,0.00,0.00,0.00,0.00,0.00,0.00
CT_ID2183,S001689,voice of echo.,DPA,11,Sparkle Shower,33,114.64,91.23,106.97,75.94,26.34,0.00
CT_ID2184,S001690,Watermelon Explosion,DPA,10,Sparkle Shower,33,92.48,82.33,94.28,10.86,74.99,0.00
CT_ID2185,S001691,Wizards!,DPA,10,Sparkle Shower,33,0.00,0.00,0.00,0.00,0.00,0.00
CT_ID2186,S001692,X-Plan,DPA,10,Sparkle Shower,33,99.98,103.99,87.14,45.94,17.17,0.00
CT_ID2187,S001693,オーバーライド,DPA,11,Sparkle Shower,33,0.00,0.00,0.00,0.00,0.00,0.00
CT_ID2188,S001694,かわいいだけじゃだめですか？,DPA,10,Sparkle Shower,33,0.00,0.00,0.00,0.00,0.00,0.00
CT_ID2189,S001695,キミとえがくキセキ,DPA,10,Sparkle Shower,33,0.00,0.00,0.00,0.00,0.00,0.00
CT_ID2190,S001696,クレッシェンド,DPA,12,Sparkle Shower,33,151.99,121.69,125.58,50.51,0.00,0.00
CT_ID2191,S001697,サタデーナイト☆ギャロップ,DPH,10,Sparkle Shower,33,0.00,0.00,0.00,0.00,0.00,0.00
CT_ID2192,S001697,サタデーナイト☆ギャロップ,DPA,12,Sparkle Shower,33,165.43,133.23,138.37,45.11,38.52,0.00
CT_ID2193,S001698,じぇりー じゅえる ジャングル,DPA,11,Sparkle Shower,33,0.00,0.00,0.00,0.00,0.00,0.00
CT_ID2194,S001699,それが、ボクの使命～レスキュー隊長 メンキュー～,DPA,10,Sparkle Shower,33,0.00,0.00,0.00,0.00,0.00,0.00
CT_ID2195,S001700,タンポポ,DPA,11,Sparkle Shower,33,136.06,139.97,104.65,0.00,37.62,0.00
CT_ID2196,S001701,デラむぅのでらっくす☆どり～むぅ,DPA,10,Sparkle Shower,33,0.00,0.00,0.00,0.00,0.00,0.00
CT_ID2197,S001702,でんぱ どりる わんにゃー☆三,DPA,11,Sparkle Shower,33,0.00,0.00,0.00,0.00,0.00,0.00
CT_ID2198,S001703,バブリン,DPA,10,Sparkle Shower,33,0.00,0.00,0.00,0.00,0.00,0.00
CT_ID2199,S001704,ビビッド ☆+*。キラキライム,DPA,12,Sparkle Shower,33,0.00,0.00,0.00,0.00,0.00,0.00
CT_ID2200,S001705,ベラ・ベ・カラベラ,DPA,11,Sparkle Shower,33,0.00,0.00,0.00,0.00,0.00,0.00
CT_ID2201,S001706,ベンガル vs. アムール Battle,DPH,10,Sparkle Shower,33,0.00,0.00,0.00,0.00,0.00,0.00
CT_ID2202,S001706,ベンガル vs. アムール Battle,DPA,12,Sparkle Shower,33,0.00,0.00,0.00,0.00,0.00,0.00
CT_ID2203,S001707,メテオラ-meteor-,DPA,11,Sparkle Shower,33,0.00,0.00,0.00,0.00,0.00,0.00
CT_ID2205,S001708,もんめためたもん,DPA,10,Sparkle Shower,33,0.00,0.00,0.00,0.00,0.00,0.00
CT_ID2206,S001709,ラブコメトキドキシリアス,DPH,10,Sparkle Shower,33,0.00,0.00,0.00,0.00,0.00,0.00
CT_ID2207,S001709,ラブコメトキドキシリアス,DPA,12,Sparkle Shower,33,148.13,136.88,136.04,3.53,41.20,0.00
CT_ID2208,S001710,レシピのリドル,DPA,10,Sparkle Shower,33,0.00,0.00,0.00,0.00,0.00,0.00
CT_ID2209,S001711,夏色のセレナーデ,DPA,10,Sparkle Shower,33,0.00,0.00,0.00,0.00,0.00,0.00
CT_ID2210,S001712,華麗なる！音戯探偵ひなビタ,DPA,11,Sparkle Shower,33,0.00,0.00,0.00,0.00,0.00,0.00
CT_ID2211,S001713,月下繚乱,DPA,11,Sparkle Shower,33,0.00,0.00,0.00,0.00,0.00,0.00
CT_ID2212,S001714,好吃来世deエレクトリック,DPA,10,Sparkle Shower,33,91.04,79.89,98.57,0.00,22.09,0.00
CT_ID2213,S001715,三日天下モンキー,DPA,11,Sparkle Shower,33,0.00,0.00,0.00,0.00,0.00,0.00
CT_ID2214,S001716,色を喪った街,DPH,10,Sparkle Shower,33,0.00,0.00,0.00,0.00,0.00,0.00
CT_ID2215,S001716,色を喪った街,DPA,12,Sparkle Shower,33,0.00,0.00,0.00,0.00,0.00,0.00
CT_ID2216,S001717,閃と雷管とロープ,DPA,11,Sparkle Shower,33,0.00,0.00,0.00,0.00,0.00,0.00
CT_ID2217,S001718,断罪のミメシス,DPH,10,Sparkle Shower,33,0.00,0.00,0.00,0.00,0.00,0.00
CT_ID2218,S001718,断罪のミメシス,DPA,12,Sparkle Shower,33,0.00,0.00,0.00,0.00,0.00,0.00
CT_ID2219,S001719,百恋ラブラスター,DPA,10,Sparkle Shower,33,0.00,0.00,0.00,0.00,0.00,0.00
CT_ID2220,S001720,不死身ごっこ,DPA,10,Sparkle Shower,33,0.00,0.00,0.00,0.00,0.00,0.00
CT_ID2221,S001721,夢色ワンダー,DPA,11,Sparkle Shower,33,0.00,0.00,0.00,0.00,0.00,0.00
CT_ID2222,S001722,恋愛観測,DPA,10,Sparkle Shower,33,98.40,109.88,90.00,0.00,41.35,0.00
CT_ID2223,S001723,煉獄コンフィチュール,DPA,11,Sparkle Shower,33,0.00,0.00,0.00,0.00,0.00,0.00
CT_ID2224,S001724,ιgniЯRuina,DPH,10,Sparkle Shower,33,0.00,0.00,0.00,0.00,0.00,0.00
CT_ID2225,S001724,ιgniЯRuina,DPA,12,Sparkle Shower,33,0.00,0.00,0.00,0.00,0.00,0.00
CT_ID2226,S001725,Τeλοs,DPA,11,Sparkle Shower,33,114.89,114.50,104.65,0.00,35.91,0.00
CT_ID2227,S000004,RUGGED ASH,DPL,12,1st&substream,1,143.79,107.14,133.74,0.00,23.69,0.00
CT_ID2228,S000010,ABSOLUTE,DPL,11,4th style,4,117.60,106.92,104.65,159.72,20.43,75.32
CT_ID2229,S000022,Clione,DPL,11,4th style,4,94.50,72.37,97.15,165.37,4.08,0.00
CT_ID2230,S000023,Hitch Hiker2,DPL,10,4th style,4,87.01,85.12,84.28,0.00,48.40,0.00
CT_ID2231,S000035,RIDE ON THE LIGHT (HI GREAT MIX),DPL,10,5th style,5,92.78,61.64,109.30,139.64,21.83,0.00
CT_ID2232,S000038,Buffalo,DPL,11,6th style,6,119.25,112.86,94.29,0.00,82.45,0.00
CT_ID2233,S000063,ZERO-ONE,DPL,11,7th style,7,0.00,0.00,0.00,0.00,0.00,0.00
CT_ID2234,S000071,LAB,DPL,12,8th style,8,138.32,127.29,120.93,0.00,33.16,0.00
CT_ID2235,S000082,LOVE IS ORANGE,DPL,11,8th style,8,114.77,116.90,102.32,0.00,8.18,0.00
CT_ID2236,S000099,one or eight,DPL,12,9th style,9,142.21,121.26,141.86,0.00,112.15,0.00
CT_ID2237,S000124,HIGH,DPL,11,10th style,10,0.00,144.67,0.00,0.00,0.00,0.00
CT_ID2238,S000133,Rise'n Beauty,DPL,12,10th style,10,155.56,156.14,123.25,43.18,5.71,0.00
CT_ID2239,S000160,AGEHA,DPL,11,IIDX RED,11,116.34,117.97,124.42,52.50,23.54,0.00
CT_ID2240,S000140,Be quiet,DPL,12,IIDX RED,11,134.19,138.54,131.39,6.37,136.92,0.00
CT_ID2241,S000152,RED ZONE,DPL,12,IIDX RED,11,135.55,123.27,112.80,1.55,50.43,0.00
CT_ID2242,S000156,spiral galaxy,DPL,12,IIDX RED,11,154.52,146.99,133.72,0.00,10.91,0.00
CT_ID2243,S000165,CaptivAte～浄化～,DPL,12,HAPPY SKY,12,0.00,0.00,0.00,0.00,0.00,0.00
CT_ID2244,S000166,Catch Me,DPL,11,HAPPY SKY,12,0.00,0.00,0.00,0.00,0.00,0.00
CT_ID2245,S000169,EDEN,DPL,11,HAPPY SKY,12,130.73,146.67,112.79,0.00,28.04,0.00
CT_ID2246,S000171,garden,DPL,12,HAPPY SKY,12,0.00,0.00,0.00,0.00,0.00,0.00
CT_ID2247,S000174,INAZUMA,DPL,12,HAPPY SKY,12,0.00,0.00,0.00,0.00,0.00,0.00
CT_ID2248,S000176,Little Little Princess,DPL,12,HAPPY SKY,12,159.10,178.28,144.18,0.00,15.38,39.59
CT_ID2249,S000192,Pink Rose,DPL,10,HAPPY SKY,12,0.00,0.00,0.00,0.00,0.00,0.00
CT_ID2250,S000178,POODLE,DPL,12,HAPPY SKY,12,144.51,153.17,120.93,92.37,20.67,0.00
CT_ID2251,S000179,rage against usual,DPL,12,HAPPY SKY,12,129.40,134.00,164.59,0.00,4.57,0.00
CT_ID2252,S000181,Scripted Connection⇒ A mix,DPL,12,HAPPY SKY,12,143.43,124.79,141.86,0.00,6.95,0.00
CT_ID2253,S000182,Scripted Connection⇒ H mix,DPL,12,HAPPY SKY,12,129.34,0.00,0.00,0.00,0.00,0.00
CT_ID2254,S000183,Scripted Connection⇒ N mix,DPL,11,HAPPY SKY,12,0.00,0.00,113.95,0.00,0.00,0.00
CT_ID2255,S000193,Twelfth Style,DPL,12,HAPPY SKY,12,135.99,143.12,183.35,0.00,54.34,0.00
CT_ID2256,S000200,CONTRACT,DPL,12,DistorteD,13,142.70,125.22,148.85,0.00,13.56,0.00
CT_ID2257,S000206,Ganymede,DPL,12,DistorteD,13,102.83,117.09,115.12,0.00,4.38,36.58
CT_ID2258,S000219,waxing and wanding,DPL,12,DistorteD,13,168.63,186.08,175.57,0.00,10.99,0.00
CT_ID2259,S000225,華蝶風雪,DPL,12,DistorteD,13,0.00,192.54,0.00,0.00,0.00,0.00
CT_ID2260,S000230,Candy Galy,DPL,12,GOLD,14,147.08,148.00,129.06,0.00,31.71,0.00
CT_ID2261,S000237,GRID KNIGHT,DPL,12,GOLD,14,141.49,169.62,123.25,0.00,10.64,0.00
CT_ID2262,S000239,KAMAITACHI,DPL,12,GOLD,14,163.76,152.96,175.55,0.00,80.35,0.00
CT_ID2263,S000250,TRANOID,DPL,12,GOLD,14,164.91,122.10,140.70,160.16,13.02,57.97
CT_ID2264,S000251,VANESSA,DPL,12,GOLD,14,170.08,152.87,148.83,0.00,82.99,0.00
CT_ID2265,S000255,零 - ZERO -,DPL,11,GOLD,14,111.84,118.26,104.65,113.75,47.74,0.00
CT_ID2266,S000257,"Anisakis -somatic mutation type""Forza""-",DPL,12,DJ TROOPERS,15,137.47,177.99,177.39,0.00,22.73,0.00
CT_ID2267,S000261,Blue Rain,DPL,12,DJ TROOPERS,15,138.44,136.37,139.53,0.00,3.66,0.00
CT_ID2268,S000264,Do it!! Do it!!,DPL,12,DJ TROOPERS,15,112.29,136.28,191.66,0.00,89.27,0.00
CT_ID2269,S000267,four pieces of heaven,DPL,12,DJ TROOPERS,15,0.00,0.00,0.00,0.00,0.00,0.00
CT_ID2270,S000268,ICARUS,DPL,12,DJ TROOPERS,15,148.23,169.23,184.44,0.00,15.76,190.12
CT_ID2271,S000276,NEW GENERATION -もう、お前しか見えない-,DPL,12,DJ TROOPERS,15,144.67,138.91,170.87,0.00,39.36,0.00
CT_ID2272,S000281,Ristaccia,DPL,11,DJ TROOPERS,15,90.09,96.17,103.49,0.00,30.15,0.00
CT_ID2273,S000286,STEEL NEEDLE,DPL,12,DJ TROOPERS,15,136.35,133.28,145.33,0.00,62.80,0.00
CT_ID2274,S000288,THE DEEP STRIKER,DPL,12,DJ TROOPERS,15,138.76,153.47,133.73,0.00,51.34,0.00
CT_ID2275,S000289,the trigger of innocence,DPL,12,DJ TROOPERS,15,149.01,189.73,118.60,0.00,0.53,0.00
CT_ID2276,S000290,Time to Air,DPL,12,DJ TROOPERS,15,154.14,178.51,150.00,0.00,112.56,0.00
CT_ID2277,S000293,Ubertreffen,DPL,12,DJ TROOPERS,15,157.07,123.50,127.91,0.00,13.03,0.00
CT_ID2278,S000298,Wanna Party?,DPL,12,DJ TROOPERS,15,124.59,147.90,123.26,0.00,11.08,0.00
CT_ID2279,S000295,華爛漫 -Flowers-,DPL,12,DJ TROOPERS,15,158.05,160.33,134.89,0.00,15.42,0.00
CT_ID2280,S000301,Arabian Rave Night,DPL,12,EMPRESS,16,158.57,148.75,148.84,0.00,18.58,0.00
CT_ID2281,S000302,B4U(BEMANI FOR YOU MIX),DPL,12,EMPRESS,16,154.42,158.44,124.42,0.00,48.89,0.00
CT_ID2282,S000303,Bahram Attack-猫叉Master Remix-,DPL,11,EMPRESS,16,122.86,147.29,119.76,0.00,32.34,0.00
CT_ID2283,S000304,BITTER CHOCOLATE STRIKER,DPL,12,EMPRESS,16,0.00,181.62,0.00,0.00,0.00,0.00
CT_ID2284,S000337,Flash Back 90's,DPL,10,EMPRESS,16,99.23,88.19,88.57,0.00,43.06,0.00
CT_ID2285,S000312,Kung-fu Empire,DPL,12,EMPRESS,16,146.43,165.51,118.60,0.00,23.11,0.00
CT_ID2286,S000313,Marie Antoinette,DPL,11,EMPRESS,16,113.73,128.94,122.10,0.00,28.59,91.20
CT_ID2287,S000338,Mind Mapping,DPL,11,EMPRESS,16,109.22,126.45,100.00,0.00,49.33,0.00
CT_ID2288,S000315,naughty girl@Queen's Palace,DPL,11,EMPRESS,16,106.14,111.79,97.14,0.00,154.62,0.00
CT_ID2289,S000339,neogenesis,DPL,11,EMPRESS,16,0.00,0.00,0.00,0.00,0.00,0.00
CT_ID2290,S000340,NΦ CRIME,DPL,11,EMPRESS,16,119.28,113.40,105.82,0.00,30.83,0.00
CT_ID2291,S000317,Punch Love 仮面,DPL,12,EMPRESS,16,0.00,0.00,0.00,0.00,0.00,0.00
CT_ID2292,S000318,Secrets,DPL,12,EMPRESS,16,0.00,0.00,0.00,0.00,0.00,0.00
CT_ID2293,S000319,smooooch・∀・,DPL,11,EMPRESS,16,0.00,125.72,0.00,0.00,0.00,0.00
CT_ID2294,S000321,THANK YOU FOR PLAYING,DPL,11,EMPRESS,16,107.80,106.60,127.90,0.00,27.02,80.35
CT_ID2295,S000323,thunder HOUSE NATION Remix,DPL,12,EMPRESS,16,152.28,164.90,120.94,0.00,0.00,0.00
CT_ID2296,S000336,凛として咲く花の如く,DPL,12,EMPRESS,16,137.10,157.19,125.58,0.00,15.98,0.00
CT_ID2297,S000341,翼,DPL,11,EMPRESS,16,108.42,129.88,103.49,0.00,17.76,0.00
CT_ID2298,S000342,AIR RAID FROM THA UNDAGROUND,DPL,12,SIRIUS,17,119.87,107.64,124.41,0.00,6.47,0.00
CT_ID2299,S000365,Hydrogen Blueback,DPL,11,SIRIUS,17,106.36,101.65,90.00,0.00,169.27,0.00
CT_ID2300,S000374,Raison d'etre～交差する宿命～,DPL,12,SIRIUS,17,183.03,190.04,179.44,93.95,19.24,15.93
CT_ID2301,S000378,SOLID STATE SQUAD,DPL,12,SIRIUS,17,146.92,161.76,145.35,112.12,65.22,0.00
CT_ID2302,S000382,たからもの,DPL,11,SIRIUS,17,0.00,177.96,0.00,0.00,0.00,0.00
CT_ID2303,S000386,サヨナラ・ヘヴン,DPL,10,SIRIUS,17,0.00,0.00,0.00,0.00,0.00,0.00
CT_ID2304,S000391,BLUST OF WIND,DPL,11,Resort Anthem,18,0.00,117.64,0.00,0.00,0.00,0.00
CT_ID2305,S000396,Dances with Snow Fairies,DPL,12,Resort Anthem,18,0.00,0.00,0.00,0.00,0.00,0.00
CT_ID2306,S000403,Golden Palms,DPL,11,Resort Anthem,18,99.00,102.17,98.58,151.75,53.53,0.00
CT_ID2307,S000438,Medicine of love,DPL,11,Resort Anthem,18,0.00,0.00,0.00,0.00,0.00,0.00
CT_ID2308,S000439,WISE UP!,DPL,11,Resort Anthem,18,123.78,129.34,109.31,0.00,15.25,0.00
CT_ID2309,S000430,XANADU OF TWO,DPL,11,Resort Anthem,18,0.00,0.00,0.00,0.00,0.00,0.00
CT_ID2310,S000440,おおきなこえで,DPL,10,Resort Anthem,18,81.81,85.44,78.57,52.50,9.11,0.00
CT_ID2311,S000500,A MINSTREL ～ ver. short-scape ～,DPL,12,Lincle,19,0.00,193.92,0.00,0.00,0.00,0.00
CT_ID2312,S000501,CALL,DPL,11,Lincle,19,0.00,0.00,0.00,0.00,0.00,0.00
CT_ID2313,S000454,GIGANT,DPL,12,Lincle,19,137.64,134.46,111.64,156.79,44.39,0.00
CT_ID2314,S000502,KYAMISAMA ONEGAI!,DPL,12,Lincle,19,147.58,126.37,130.23,0.51,51.64,0.00
CT_ID2315,S000465,Phoenix,DPL,12,Lincle,19,175.65,156.12,170.85,6.46,21.45,0.00
CT_ID2316,S000467,QUANTUM TELEPORTATION,DPL,12,Lincle,19,135.25,128.42,134.88,0.00,23.98,0.00
CT_ID2317,S000479,Star Trail,DPL,11,Lincle,19,0.00,0.00,0.00,0.00,0.00,0.00
CT_ID2318,S000480,The Limbo,DPL,12,Lincle,19,169.51,166.01,168.75,0.00,77.83,0.00
CT_ID2319,S000483,TITANS RETURN,DPL,12,Lincle,19,127.62,111.89,131.39,146.97,55.02,142.11
CT_ID2320,S000499,恋する☆宇宙戦争っ！！,DPL,12,Lincle,19,178.02,0.00,0.00,0.00,0.00,0.00
CT_ID2321,S000495,聖人の塔,DPL,12,Lincle,19,0.00,0.00,0.00,0.00,0.00,0.00
CT_ID2322,S000493,蛇神,DPL,12,Lincle,19,143.94,131.05,127.90,200.00,20.69,0.00
CT_ID2323,S000522,Howling,DPL,11,tricoro,20,123.56,115.74,105.81,0.00,83.01,0.00
CT_ID2324,S000524,Illegal Function Call,DPL,12,tricoro,20,165.04,127.48,168.76,0.00,12.70,0.00
CT_ID2325,S000529,LUV CAN SAVE U,DPL,11,tricoro,20,127.37,138.91,110.47,0.00,23.97,0.00
CT_ID2326,S000544,Saturn,DPL,12,tricoro,20,0.00,0.00,0.00,0.00,0.00,0.00
CT_ID2327,S000552,Time To Empress,DPL,12,tricoro,20,136.80,133.03,120.93,66.18,28.14,0.00
CT_ID2328,S000578,ΕΛΠΙΣ,DPL,12,tricoro,20,143.04,110.99,129.05,31.81,6.94,0.00
CT_ID2329,S000562,お米の美味しい炊き方、そしてお米を食べることによるその効果。,DPL,12,tricoro,20,155.26,137.63,141.86,0.00,48.64,0.00
CT_ID2330,S000571,仮想空間の旅人たち,DPL,12,tricoro,20,132.10,135.80,115.12,0.00,13.37,0.00
CT_ID2331,S000577,朧,DPL,11,tricoro,20,100.22,106.09,100.00,0.00,38.49,0.00
CT_ID2332,S000576,龍と少女とデコヒーレンス,DPL,12,tricoro,20,133.65,116.17,124.40,90.85,15.98,0.00
CT_ID2333,S000580,ALBA -黎明-,DPL,12,SPADA,21,0.00,171.06,0.00,0.00,0.00,0.00
CT_ID2334,S000581,Ancient Scapes,DPL,12,SPADA,21,178.70,166.24,145.34,0.00,23.68,0.00
CT_ID2335,S000582,ATHER,DPL,12,SPADA,21,0.00,0.00,0.00,0.00,0.00,0.00
CT_ID2336,S000583,BLUE DRAGON(雷龍RemixIIDX),DPL,12,SPADA,21,0.00,171.84,0.00,0.00,0.00,0.00
CT_ID2337,S000585,BRAVE OUT,DPL,12,SPADA,21,0.00,0.00,0.00,0.00,0.00,0.00
CT_ID2338,S000588,Close the World feat.a☆ru,DPL,12,SPADA,21,152.30,145.61,138.37,97.13,37.35,0.00
CT_ID2339,S000593,Elektrick U-Phoria,DPL,12,SPADA,21,0.00,0.00,0.00,0.00,0.00,0.00
CT_ID2340,S000647,Element of SPADA,DPL,11,SPADA,21,117.61,145.59,105.82,0.00,11.05,0.00
CT_ID2341,S000596,Feel The Beat,DPL,12,SPADA,21,148.24,137.39,133.73,0.00,85.07,0.00
CT_ID2342,S000598,HYENA,DPL,12,SPADA,21,0.00,0.00,0.00,0.00,0.00,0.00
CT_ID2343,S000605,invoker,DPL,12,SPADA,21,135.87,126.51,130.23,0.00,102.47,0.00
CT_ID2344,S000607,KAISER PHOENIX,DPL,12,SPADA,21,199.66,179.91,166.66,0.00,15.24,0.00
CT_ID2345,S000613,MAD ATTACK,DPL,11,SPADA,21,0.00,0.00,0.00,0.00,181.25,0.00
CT_ID2346,S000615,Miracle 5ympho X,DPL,12,SPADA,21,0.00,0.00,0.00,0.00,0.00,0.00
CT_ID2347,S000626,Sigmund,DPL,12,SPADA,21,186.90,153.15,146.52,84.14,52.98,0.00
CT_ID2348,S000631,Verflucht,DPL,12,SPADA,21,183.34,146.69,143.02,0.00,69.31,0.00
CT_ID2349,S000644,廿,DPL,12,SPADA,21,138.01,140.94,120.94,0.00,118.36,45.90
CT_ID2350,S000638,海神,DPL,12,SPADA,21,0.00,0.00,0.00,0.00,0.00,0.00
CT_ID2351,S000641,疾風迅雷,DPL,12,SPADA,21,148.30,126.55,154.15,27.24,70.91,0.00
CT_ID2352,S000648,#The_Relentless,DPL,12,PENDUAL,22,0.00,0.00,0.00,0.00,0.00,0.00
CT_ID2353,S000650,Beat Radiance,DPL,12,PENDUAL,22,168.54,191.63,138.37,0.00,52.44,0.00
CT_ID2354,S000727,chrono diver -fragment-,DPL,10,PENDUAL,22,87.83,107.30,79.99,0.00,1.75,0.00
CT_ID2355,S000656,CHRONO DIVER -NORNIR-,DPL,12,PENDUAL,22,200.00,200.00,160.41,12.15,36.90,0.00
CT_ID2356,S000658,Chronos,DPL,11,PENDUAL,22,123.04,121.80,106.97,6.20,43.71,0.00
CT_ID2357,S000661,Cosmic Cat,DPL,12,PENDUAL,22,134.65,161.91,129.06,87.58,11.90,0.00
CT_ID2358,S000664,EBONY & IVORY,DPL,12,PENDUAL,22,182.66,152.75,145.35,63.10,4.19,110.22
CT_ID2359,S000669,Flashes,DPL,12,PENDUAL,22,150.07,131.53,130.23,142.29,135.13,0.00
CT_ID2360,S000671,GUILTY,DPL,12,PENDUAL,22,0.00,0.00,0.00,0.00,0.00,0.00
CT_ID2361,S000675,IMPLANTATION,DPL,12,PENDUAL,22,0.00,0.00,0.00,0.00,0.00,0.00
CT_ID2362,S000711,ベィスドロップ・フリークス,DPL,11,PENDUAL,22,104.57,99.64,97.14,30.17,161.04,0.00
CT_ID2363,S000722,千年ノ理,DPL,12,PENDUAL,22,169.96,193.22,154.17,157.54,24.73,0.00
CT_ID2364,S000728,恋は白帯、サンシロー,DPL,11,PENDUAL,22,118.40,139.62,98.57,2.50,23.99,0.00
CT_ID2365,S000725,表裏一体！？怪盗いいんちょの悩み,DPL,12,PENDUAL,22,190.28,199.27,158.33,0.00,5.13,0.00
CT_ID2366,S000724,超青少年ノ為ノ超多幸ナ超古典的超舞曲,DPL,12,PENDUAL,22,182.40,188.22,166.68,0.00,6.38,0.00
CT_ID2367,S000741,Damage Per Second,DPL,11,copula,23,103.41,113.77,108.13,40.60,31.60,0.00
CT_ID2368,S000805,Journey,DPL,11,copula,23,125.81,133.21,109.31,0.00,3.57,0.00
CT_ID2369,S000776,STARLIGHT DANCEHALL,DPL,12,copula,23,155.73,178.23,140.69,0.00,77.13,0.00
CT_ID2370,S000778,Super Duper Racers,DPL,12,copula,23,148.37,152.67,126.74,0.00,64.12,0.00
CT_ID2371,S000783,Violet Pulse,DPL,12,copula,23,0.00,0.00,0.00,0.00,0.00,0.00
CT_ID2372,S000785,Welcome,DPL,12,copula,23,134.69,153.57,148.85,94.74,69.71,0.00
CT_ID2373,S000787,ZEPHYRANTHES,DPL,12,copula,23,155.67,133.37,144.17,7.32,24.06,0.00
CT_ID2374,S000795,紫陽花 -AZISAI-,DPL,12,copula,23,0.00,0.00,0.00,0.00,0.00,0.00
CT_ID2375,S000809,Amazing Mirage,DPL,12,SINOBUZ,24,134.35,134.28,122.11,19.82,67.42,0.00
CT_ID2376,S000821,BroGamer,DPL,12,SINOBUZ,24,178.64,200.00,146.51,0.00,142.09,0.00
CT_ID2377,S000830,GuNGNiR,DPL,12,SINOBUZ,24,182.70,158.90,166.66,23.10,81.22,0.00
CT_ID2378,S000842,OOO,DPL,11,SINOBUZ,24,0.00,0.00,0.00,0.00,0.00,0.00
CT_ID2379,S000851,SAMURAI-Scramble,DPL,12,SINOBUZ,24,118.05,119.26,117.44,0.00,196.46,0.00
CT_ID2380,S000888,Selfish Sweet,DPL,11,SINOBUZ,24,0.00,0.00,0.00,0.00,0.00,0.00
CT_ID2381,S000865,Umbral,DPL,12,SINOBUZ,24,120.20,120.91,113.95,169.79,5.86,0.00
CT_ID2382,S000883,冬椿 ft. Kanae Asaba,DPL,11,SINOBUZ,24,119.36,109.78,108.14,0.00,25.10,0.00
CT_ID2383,S000965,Alpheratz,DPL,11,CANNON BALLERS,25,0.00,0.00,0.00,0.00,0.00,0.00
CT_ID2384,S000906,ChaserXX,DPL,12,CANNON BALLERS,25,0.00,0.00,0.00,0.00,0.00,0.00
CT_ID2385,S000910,DEATH†ZIGOQ ～怒りの高速爆走野郎～,DPL,12,CANNON BALLERS,25,200.00,200.00,180.00,18.55,52.77,0.00
CT_ID2386,S000934,O/D*20,DPL,12,CANNON BALLERS,25,175.03,0.00,0.00,0.00,0.00,0.00
CT_ID2387,S000940,REVOLVER,DPL,12,CANNON BALLERS,25,157.65,126.01,133.72,158.19,44.93,0.00
CT_ID2388,S000943,STARLIGHT JUNCTION,DPL,11,CANNON BALLERS,25,0.00,0.00,0.00,0.00,0.00,0.00
CT_ID2389,S000960,純真可憐デザイア,DPL,11,CANNON BALLERS,25,116.37,124.28,105.81,13.70,53.02,0.00
CT_ID2390,S000977,CODE:0,DPL,12,Rootage,26,149.01,0.00,0.00,0.00,0.00,0.00
CT_ID2391,S000978,CoMAAAAAAA,DPL,12,Rootage,26,161.23,194.86,152.08,0.00,32.14,0.00
CT_ID2392,S000985,Ember Lights,DPL,12,Rootage,26,131.16,123.95,116.27,187.22,21.72,0.00
CT_ID2393,S000989,GENE,DPL,12,Rootage,26,140.78,147.66,134.88,0.00,32.53,0.00
CT_ID2394,S000996,IDOL syndrome.,DPL,11,Rootage,26,0.00,0.00,0.00,0.00,0.00,0.00
CT_ID2395,S001051,OVER TIME,DPL,10,Rootage,26,0.00,0.00,0.00,0.00,0.00,0.00
CT_ID2396,S001052,Psycho Sheep Riddim,DPL,11,Rootage,26,88.61,103.39,91.42,94.66,109.59,0.00
CT_ID2397,S001027,Urban Constellations,DPL,12,Rootage,26,140.48,130.18,123.25,173.01,72.89,0.00
CT_ID2398,S001050,龍王の霊廟(Mausoleum Of The Primal Dragon),DPL,12,Rootage,26,0.00,0.00,0.00,0.00,0.00,0.00
CT_ID2399,S001053,27th style,DPL,12,HEROIC VERSE,27,135.85,128.63,111.62,0.51,194.54,0.00
CT_ID2400,S001061,Bow shock!!,DPL,12,HEROIC VERSE,27,0.00,0.00,0.00,0.00,0.00,0.00
CT_ID2401,S001081,LIGHTNING STRIKES,DPL,12,HEROIC VERSE,27,179.28,0.00,0.00,0.00,0.00,0.00
CT_ID2402,S001084,Lost Souls,DPL,12,HEROIC VERSE,27,175.91,0.00,0.00,0.00,0.00,0.00
CT_ID2403,S001139,Mel,DPL,10,HEROIC VERSE,27,0.00,0.00,0.00,0.00,0.00,0.00
CT_ID2404,S001091,Override,DPL,12,HEROIC VERSE,27,173.63,175.13,144.19,0.00,33.35,0.00
CT_ID2405,S001122,Ypsilon,DPL,12,HEROIC VERSE,27,144.73,129.62,118.59,0.00,28.98,0.00
CT_ID2406,S001150,Burning Flame,DPL,12,BISTROVER,28,0.00,0.00,129.06,0.00,0.00,0.00
CT_ID2407,S001160,Explorer feat. ぷにぷに電機,DPL,11,BISTROVER,28,0.00,0.00,0.00,0.00,0.00,0.00
CT_ID2408,S001187,POLKAMANIA,DPL,12,BISTROVER,28,145.83,135.41,123.25,9.65,123.26,0.00
CT_ID2409,S001207,WAKE UP NOW,DPL,11,BISTROVER,28,0.00,0.00,0.00,0.00,0.00,0.00
CT_ID2410,S001212,ここからよろしく大作戦143,DPL,11,BISTROVER,28,0.00,0.00,0.00,0.00,0.00,0.00
CT_ID2411,S001216,新宝島,DPL,12,BISTROVER,28,152.70,147.61,118.60,178.93,19.64,0.00
CT_ID2412,S001275,Prohibited Props,DPL,11,CastHour,29,0.00,0.00,0.00,0.00,0.00,0.00
CT_ID2413,S001281,SOLID WYVERN,DPL,12,CastHour,29,0.00,0.00,0.00,0.00,0.00,0.00
CT_ID2414,S001296,オドループ,DPL,11,CastHour,29,125.57,0.00,0.00,0.00,0.00,0.00
CT_ID2415,S001297,グッバイ宣言,DPL,12,CastHour,29,146.64,157.38,111.61,117.66,84.70,0.00
CT_ID2416,S001298,シル・ヴ・プレジデント,DPL,11,CastHour,29,129.39,128.87,110.47,0.00,33.40,0.00
CT_ID2417,S001300,ハイテックトキオ,DPL,12,CastHour,29,134.34,114.49,111.63,81.20,87.57,0.00
CT_ID2418,S001302,ミュージック・アワー,DPL,12,CastHour,29,166.31,177.93,133.72,103.50,52.03,0.00
CT_ID2419,S001305,怪物,DPL,11,CastHour,29,124.96,145.71,115.11,49.99,23.26,0.00
CT_ID2420,S001330,Caldwell 99,DPL,12,RESIDENT,30,0.00,0.00,0.00,0.00,0.00,0.00
CT_ID2421,S001333,CUE CUE RESCUE,DPL,12,RESIDENT,30,0.00,0.00,0.00,0.00,0.00,0.00
CT_ID2422,S001344,KING,DPL,12,RESIDENT,30,149.83,170.92,119.75,0.00,46.12,0.00
CT_ID2423,S001317,≡+≡,DPL,12,RESIDENT,30,183.76,191.51,160.41,102.76,68.67,0.00
CT_ID2424,S001390,ちょえちょえまぎか,DPL,12,RESIDENT,30,0.00,0.00,0.00,0.00,0.00,0.00
CT_ID2425,S001402,神っぽいな,DPL,12,RESIDENT,30,0.00,0.00,0.00,0.00,0.00,0.00
CT_ID2426,S001438,INHERITANCE,DPL,12,EPOLIS,31,0.00,0.00,0.00,0.00,0.00,0.00
CT_ID2427,S001510,ちゅ、多様性。,DPL,10,EPOLIS,31,106.41,110.80,98.56,0.00,22.12,0.00
CT_ID2428,S001479,アイドル,DPL,11,EPOLIS,31,127.65,0.00,0.00,0.00,0.00,0.00
CT_ID2429,S001484,フォニイ,DPL,12,EPOLIS,31,155.40,168.16,111.59,42.40,12.05,0.00
CT_ID2430,S001511,可愛くてごめん,DPL,10,EPOLIS,31,102.97,0.00,0.00,0.00,0.00,0.00
CT_ID2431,S001497,寝起きヤシの木,DPL,12,EPOLIS,31,0.00,0.00,0.00,0.00,0.00,0.00
CT_ID2432,S001517,Bling-Bang-Bang-Born,DPL,11,Pinky Crush,32,0.00,0.00,0.00,0.00,0.00,0.00
CT_ID2433,S001557,Plazma,DPL,12,Pinky Crush,32,0.00,0.00,0.00,0.00,0.00,0.00
CT_ID2434,S001612,イガク,DPL,11,Pinky Crush,32,0.00,0.00,0.00,0.00,0.00,0.00
CT_ID2435,S001590,ゲシュタルト,DPL,11,Pinky Crush,32,0.00,0.00,0.00,0.00,0.00,0.00
CT_ID2436,S001658,Lisa-RICCIA,DPL,12,Sparkle Shower,33,0.00,0.00,0.00,0.00,0.00,0.00
CT_ID2437,S001694,かわいいだけじゃだめですか？,DPL,12,Sparkle Shower,33,0.00,0.00,0.00,0.00,0.00,0.00
CT_ID2438,S000423,THE BLACK KNIGHT,DPL,12,Resort Anthem,18,190.89,200.00,175.55,151.36,0.00,0.00
CT_ID2439,S000559,ZED,DPL,12,tricoro,20,0.00,0.00,0.00,0.00,0.00,0.00
CT_ID2440,S001463,Submerge Serenade,DPL,12,EPOLIS,31,0.00,0.00,0.00,0.00,0.00,0.00
CT_ID2441,S001726,Citroforte,DPH,10,ZINRAI,34,83.33,38.94,77.14,85.25,21.89,0.00
CT_ID2442,S001727,DEADRABBIT!!,DPH,10,ZINRAI,34,90.44,62.46,71.42,0.00,172.45,0.00
CT_ID2443,S001728,Deathstalker,DPH,10,ZINRAI,34,84.95,46.35,78.57,0.00,29.10,0.00
CT_ID2444,S001729,TEKNO KEISER,DPH,10,ZINRAI,34,92.37,84.05,84.28,0.00,58.04,0.00
CT_ID2445,S001730,9-1,DPH,10,ZINRAI,34,80.78,65.80,78.57,4.13,34.99,0.00
CT_ID2446,S001731,ΛИ0MΛLY,DPH,10,ZINRAI,34,96.88,56.87,84.28,10.17,8.44,0.00
CT_ID2447,S001732,月下散刄,DPH,10,ZINRAI,34,72.57,37.20,70.00,10.25,17.31,0.00
CT_ID2448,S001733,斎戒,DPH,10,ZINRAI,34,79.08,65.51,80.00,85.94,20.23,0.00
CT_ID2449,S001734,Ex-Otogibanashi,DPA,10,ZINRAI,34,0.00,0.00,0.00,0.00,0.00,0.00
CT_ID2450,S001735,Mellow Diary,DPA,10,ZINRAI,34,0.00,0.00,0.00,0.00,0.00,0.00
CT_ID2451,S001736,NOMAD (feat.らっぷぴと),DPA,10,ZINRAI,34,0.00,0.00,0.00,0.00,0.00,0.00
CT_ID2452,S001737,Rise Beyond,DPA,10,ZINRAI,34,0.00,0.00,0.00,0.00,0.00,0.00
CT_ID2453,S001738,Samurai Sword,DPA,10,ZINRAI,34,0.00,0.00,0.00,0.00,0.00,0.00
CT_ID2454,S001739,泡沫と月,DPA,10,ZINRAI,34,0.00,0.00,0.00,0.00,0.00,0.00
CT_ID2455,S001740,映夢雪花抄,DPA,10,ZINRAI,34,0.00,0.00,0.00,0.00,0.00,0.00
CT_ID2456,S001741,でぃすこみゅーたんと！,DPA,10,ZINRAI,34,0.00,0.00,0.00,0.00,0.00,0.00
CT_ID2457,S001742,倍倍FIGHT!,DPA,10,ZINRAI,34,0.00,0.00,0.00,0.00,0.00,0.00
CT_ID2458,S001743,フランケンシュタインの怪物,DPA,10,ZINRAI,34,0.00,0.00,0.00,0.00,0.00,0.00
CT_ID2459,S001744,霹靂,DPA,10,ZINRAI,34,0.00,0.00,0.00,0.00,0.00,0.00
CT_ID2460,S001745,ラブパラ,DPA,10,ZINRAI,34,0.00,0.00,0.00,0.00,0.00,0.00
CT_ID2461,S001746,ギミギミエンターテイメント,DPA,10,ZINRAI,34,0.00,0.00,0.00,0.00,0.00,0.00
CT_ID2462,S001747,BENiZAKURA,DPA,11,ZINRAI,34,106.20,103.76,103.48,18.70,58.58,0.00
CT_ID2463,S001748,Dying 4 U,DPA,11,ZINRAI,34,0.00,0.00,0.00,0.00,0.00,0.00
CT_ID2464,S001749,GENERATED GRID,DPA,11,ZINRAI,34,114.41,109.22,104.65,0.00,26.60,0.00
CT_ID2465,S001750,Memorylust,DPA,11,ZINRAI,34,111.39,103.95,119.76,123.32,42.97,0.00
CT_ID2466,S001751,PISTOL SWORD,DPA,11,ZINRAI,34,105.84,94.88,97.14,18.62,113.26,0.00
CT_ID2467,S001752,Shogun's Last Dawn feat. Kanae Asaba,DPA,11,ZINRAI,34,109.30,104.58,100.00,0.00,30.95,0.00
CT_ID2468,S001753,Singularity Girl,DPA,11,ZINRAI,34,115.49,107.06,104.65,53.96,68.84,0.00
CT_ID2469,S001754,Spark Rush,DPA,11,ZINRAI,34,99.35,78.07,90.00,0.77,47.88,0.00
CT_ID2470,S001730,9-1,DPA,11,ZINRAI,34,125.47,120.22,158.33,12.41,57.94,0.00
CT_ID2471,S001755,悪ジ狂キ,DPA,11,ZINRAI,34,107.64,107.92,100.00,15.51,117.49,0.00
CT_ID2472,S001756,九十九ノ恋結ビ,DPA,11,ZINRAI,34,112.51,118.31,97.14,0.00,56.07,0.00
CT_ID2473,S001757,デラむぅのでらっくす☆かるた ～NOTES・CHORD・PEAK編～,DPA,11,ZINRAI,34,101.40,107.82,103.48,0.00,13.89,0.00
CT_ID2474,S001758,メルト CPK! Remix (初音ミク ver.),DPA,11,ZINRAI,34,97.40,121.54,102.32,0.00,21.62,0.00
CT_ID2475,S001759,雷霆の如し,DPA,11,ZINRAI,34,118.48,79.71,97.14,0.00,35.27,0.00
CT_ID2476,S001761,夜叉ノ魂,DPA,11,ZINRAI,34,111.04,122.60,100.00,39.05,47.54,0.00
CT_ID2477,S001726,Citroforte,DPA,12,ZINRAI,34,0.00,0.00,0.00,0.00,0.00,0.00
CT_ID2478,S001727,DEADRABBIT!!,DPA,12,ZINRAI,34,0.00,0.00,0.00,0.00,0.00,0.00
CT_ID2479,S001728,Deathstalker,DPA,12,ZINRAI,34,0.00,0.00,0.00,0.00,0.00,0.00
CT_ID2480,S001762,OTOROSHI,DPA,12,ZINRAI,34,0.00,0.00,0.00,0.00,0.00,0.00
CT_ID2481,S001729,TEKNO KEISER,DPA,12,ZINRAI,34,0.00,0.00,0.00,0.00,0.00,0.00
CT_ID2482,S001731,ΛИ0MΛLY,DPA,12,ZINRAI,34,0.00,0.00,0.00,0.00,0.00,0.00
CT_ID2483,S001732,月下散刄,DPA,12,ZINRAI,34,0.00,0.00,0.00,0.00,0.00,0.00
CT_ID2484,S001733,斎戒,DPA,12,ZINRAI,34,0.00,0.00,0.00,0.00,0.00,0.00
CT_ID2485,S000880,次葉 -turn the page-,DPL,11,SINOBUZ,24,124.09,127.89,125.58,18.18,30.89,0.00
CT_ID2486,S001062,Calvados Queen,DPL,12,HEROIC VERSE,27,129.31,145.03,127.90,5.43,20.88,0.00
CT_ID2487,S000864,TOGAKUSHI,DPL,12,SINOBUZ,24,143.45,128.53,132.55,193.08,7.21,0.00