chartId,songID,タイトル,譜面,公式レベル,初出Ver,初出Ver（数）,非公式難易度表
CT_ID0001,S000001,5.1.1.,DPA,10,1st&substream,1,10.0
CT_ID0002,S000002,Macho Gang,DPH,11,1st&substream,1,11.8
CT_ID0003,S000002,Macho Gang,DPA,11,1st&substream,1,11.8
CT_ID0004,S000003,THE EARTH LIGHT,DPH,10,1st&substream,1,10.5
CT_ID0005,S000005,era (nostalmix),DPH,12,3rd style,3,12.0
CT_ID0006,S000005,era (nostalmix),DPA,12,3rd style,3,12.1
CT_ID0007,S000006,Holic,DPH,10,3rd style,3,10.7
CT_ID0008,S000006,Holic,DPA,12,3rd style,3,12.4
CT_ID0009,S000007,R5,DPA,11,3rd style,3,11.8
CT_ID0010,S000008,Schlagwerk,DPH,11,3rd style,3,11.6
CT_ID0011,S000008,Schlagwerk,DPA,11,3rd style,3,11.6
CT_ID0012,S000009,THE SAFARI,DPH,10,3rd style,3,10.7
CT_ID0013,S000010,ABSOLUTE,DPA,11,4th style,4,11.2
CT_ID2228,S000010,ABSOLUTE,DPL,11,4th style,4,11.8
CT_ID0014,S000011,Broken My Heart,DPA,10,4th style,4,10.7
CT_ID0015,S000012,CHECKING YOU OUT,DPH,11,4th style,4,11.6
CT_ID0016,S000012,CHECKING YOU OUT,DPA,11,4th style,4,10.7
CT_ID0017,S000013,DXY!,DPH,12,4th style,4,12.2
CT_ID0018,S000013,DXY!,DPA,12,4th style,4,12.5
CT_ID0019,S000014,empathy,DPH,11,4th style,4,11.6
CT_ID0020,S000015,era (step mix),DPA,12,4th style,4,12.1
CT_ID0021,S000016,KAMIKAZE,DPA,10,4th style,4,10.7
CT_ID0022,S000017,minimalian,DPA,12,4th style,4,12.5
CT_ID0023,S000018,Mr.T.(take me higher),DPA,10,4th style,4,10.2
CT_ID0024,S000019,starmine,DPA,12,4th style,4,12.1
CT_ID0025,S000020,SWEET LAB,DPH,10,4th style,4,10.2
CT_ID0026,S000020,SWEET LAB,DPA,12,4th style,4,12.2
CT_ID0027,S000021,Voltage (feat. Hidemaru),DPH,11,4th style,4,11.8
CT_ID0028,S000024,in my eyes,DPA,10,5th style,5,10.5
CT_ID0029,S000025,outer wall,DPA,10,5th style,5,10.5
CT_ID0030,S000026,QQQ,DPN,10,5th style,5,10.0
CT_ID0031,S000026,QQQ,DPH,12,5th style,5,12.1
CT_ID0032,S000027,Radical Faith,DPA,10,5th style,5,10.7
CT_ID0033,S000027,Radical Faith,DPH,11,5th style,5,11.2
CT_ID0034,S000028,Real,DPA,11,5th style,5,10.2
CT_ID0035,S000029,Regulus,DPH,10,5th style,5,10.2
CT_ID0036,S000029,Regulus,DPA,11,5th style,5,11.6
CT_ID0037,S000030,Spin the disc,DPH,10,5th style,5,10.2
CT_ID0038,S000031,STILL IN MY HEART,DPA,11,5th style,5,11.6
CT_ID0039,S000032,sync,DPA,11,5th style,5,11.0
CT_ID0040,S000033,THE CUBE,DPA,11,5th style,5,11.6
CT_ID0041,S000034,V,DPH,10,5th style,5,10.5
CT_ID0042,S000034,V,DPA,11,5th style,5,11.6
CT_ID0043,S000036,19，November,DPA,10,6th style,6,10.0
CT_ID0044,S000037,Blueberry Stream,DPA,10,6th style,6,10.5
CT_ID0045,S000038,Buffalo,DPA,10,6th style,6,10.7
CT_ID2232,S000038,Buffalo,DPL,11,6th style,6,11.4
CT_ID0046,S000039,Colors (radio edit),DPH,10,6th style,6,10.5
CT_ID0047,S000039,Colors (radio edit),DPA,12,6th style,6,11.8
CT_ID0048,S000040,DIVE ～INTO YOUR HEART～,DPA,10,6th style,6,10.5
CT_ID0049,S000041,fly through the night,DPA,10,6th style,6,10.0
CT_ID0050,S000042,G2,DPA,12,6th style,6,12.3
CT_ID0051,S000043,L'amour et la liberte,DPA,10,6th style,6,10.7
CT_ID0052,S000044,Linus,DPA,11,6th style,6,11.8
CT_ID0053,S000045,NEMESIS,DPH,10,6th style,6,11.0
CT_ID0054,S000045,NEMESIS,DPA,12,6th style,6,12.7
CT_ID0055,S000046,route 80s,DPH,11,6th style,6,11.2
CT_ID0056,S000046,route 80s,DPA,12,6th style,6,12.0
CT_ID0057,S000047,SOMETHING WONDERFUL,DPA,11,6th style,6,11.2
CT_ID0058,S000048,Summer Vacation(CU mix),DPH,12,6th style,6,12.0
CT_ID0059,S000049,Take It Easy,DPH,11,6th style,6,11.6
CT_ID0060,S000050,VJ ARMY,DPA,10,6th style,6,10.2
CT_ID0061,S000051,こっちを向いてよ,DPA,11,6th style,6,11.8
CT_ID0062,S000052,A,DPH,11,7th style,7,11.6
CT_ID0063,S000052,A,DPA,12,7th style,7,12.4
CT_ID0064,S000053,AVE DE RAPINA,DPH,10,7th style,7,10.0
CT_ID0065,S000054,Cheer Train,DPA,12,7th style,7,12.4
CT_ID0066,S000055,foreplay,DPA,11,7th style,7,11.6
CT_ID0067,S000056,Happy Wedding,DPA,10,7th style,7,10.2
CT_ID0068,S000057,Last Message,DPH,10,7th style,7,10.2
CT_ID0069,S000057,Last Message,DPA,11,7th style,7,11.4
CT_ID0070,S000058,MAX 300,DPH,10,7th style,7,10.5
CT_ID0071,S000058,MAX 300,DPA,12,7th style,7,12.3
CT_ID0072,S000059,Spica,DPA,12,7th style,7,11.8
CT_ID0073,S000060,stoic,DPH,10,7th style,7,10.5
CT_ID0074,S000060,stoic,DPA,12,7th style,7,12.0
CT_ID0075,S000061,Tomorrow Perfume,DPH,10,7th style,7,10.7
CT_ID0076,S000061,Tomorrow Perfume,DPA,11,7th style,7,11.6
CT_ID0077,S000062,traces,DPA,10,7th style,7,10.2
CT_ID0078,S000063,ZERO-ONE,DPA,10,7th style,7,10.7
CT_ID2233,S000063,ZERO-ONE,DPL,11,7th style,7,11.8
CT_ID0079,S000064,革命,DPH,12,7th style,7,12.1
CT_ID0080,S000064,革命,DPA,12,7th style,7,12.3
CT_ID0081,S000065,ALL RIGHT,DPA,10,8th style,8,10.7
CT_ID0082,S000066,Blame,DPA,10,8th style,8,10.5
CT_ID0083,S000067,Colors -Y&Co. Eurobeat Remix-,DPH,10,8th style,8,9.6
CT_ID0084,S000067,Colors -Y&Co. Eurobeat Remix-,DPA,10,8th style,8,10.0
CT_ID0085,S000068,Giudecca,DPH,10,8th style,8,10.7
CT_ID0086,S000068,Giudecca,DPA,11,8th style,8,11.8
CT_ID0087,S000069,Halfway of promise,DPA,10,8th style,8,10.5
CT_ID0088,S000070,HYPER BOUNDARY GATE,DPA,10,8th style,8,10.0
CT_ID0089,S000071,LAB,DPH,10,8th style,8,10.5
CT_ID0090,S000071,LAB,DPA,11,8th style,8,11.0
CT_ID2234,S000071,LAB,DPL,12,8th style,8,12.4
CT_ID0091,S000072,Luv 2 Feel Your Body,DPA,10,8th style,8,10.5
CT_ID0092,S000073,memories,DPH,10,8th style,8,10.2
CT_ID0093,S000073,memories,DPA,11,8th style,8,11.6
CT_ID0094,S000074,murmur twins,DPH,10,8th style,8,10.2
CT_ID0095,S000074,murmur twins,DPA,12,8th style,8,12.0
CT_ID0096,S000075,PLEASE DON'T GO,DPA,10,8th style,8,11.0
CT_ID0097,S000076,rainbow flyer,DPH,10,8th style,8,10.2
CT_ID0098,S000076,rainbow flyer,DPA,11,8th style,8,11.8
CT_ID0099,S000077,symbolic,DPH,10,8th style,8,10.5
CT_ID0100,S000078,thunder,DPA,11,8th style,8,11.4
CT_ID0101,S000079,WAR GAME,DPA,10,8th style,8,10.2
CT_ID0102,S000080,xenon,DPA,11,8th style,8,12.0
CT_ID0103,S000081,桜,DPH,10,8th style,8,10.2
CT_ID0104,S000081,桜,DPA,12,8th style,8,12.1
CT_ID0105,S000083,Abyss -The Heavens Remix-,DPA,10,9th style,9,9.3
CT_ID0106,S000084,ACT,DPA,10,9th style,9,10.5
CT_ID0107,S000085,ADVANCE,DPA,10,9th style,9,9.0
CT_ID0108,S000086,bag,DPA,10,9th style,9,10.2
CT_ID0109,S000087,BRIGHTNESS DARKNESS,DPA,10,9th style,9,10.5
CT_ID0110,S000088,Cradle,DPH,10,9th style,9,10.0
CT_ID0111,S000089,Distress,DPH,11,9th style,9,11.0
CT_ID0112,S000090,e-motion 2003  -romantic extra-,DPH,10,9th style,9,10.0
CT_ID0113,S000091,fun,DPA,10,9th style,9,11.2
CT_ID0114,S000092,Golden Horn,DPA,11,9th style,9,11.2
CT_ID0115,S000093,Karma,DPH,11,9th style,9,11.0
CT_ID0116,S000093,Karma,DPA,12,9th style,9,12.4
CT_ID0117,S000094,lights,DPA,10,9th style,9,10.5
CT_ID0118,S000095,Logic Board,DPA,12,9th style,9,12.5
CT_ID0119,S000096,lower world,DPH,10,9th style,9,10.5
CT_ID0120,S000096,lower world,DPA,12,9th style,9,12.1
CT_ID0121,S000097,Make A Difference,DPA,10,9th style,9,10.7
CT_ID0122,S000098,moon_child,DPH,11,9th style,9,11.0
CT_ID0123,S000098,moon_child,DPA,12,9th style,9,12.4
CT_ID0124,S000099,one or eight,DPA,10,9th style,9,10.7
CT_ID2236,S000099,one or eight,DPL,12,9th style,9,12.2
CT_ID0125,S000100,PARANOIA survivor MAX,DPA,10,9th style,9,10.7
CT_ID0126,S000101,quasar,DPH,11,9th style,9,11.2
CT_ID0127,S000101,quasar,DPA,12,9th style,9,12.6
CT_ID0128,S000102,Quickening,DPA,10,9th style,9,10.7
CT_ID0129,S000103,Really Love,DPH,10,9th style,9,10.2
CT_ID0130,S000104,RISLIM -Remix-,DPA,12,9th style,9,12.3
CT_ID0131,S000105,rottel-the-Mercury,DPA,11,9th style,9,11.2
CT_ID0132,S000106,Silvia Drive,DPH,10,9th style,9,10.0
CT_ID0133,S000106,Silvia Drive,DPA,11,9th style,9,12.0
CT_ID0134,S000107,SNOW,DPA,10,9th style,9,10.7
CT_ID0135,S000108,Sweet Sweet Magic,DPA,11,9th style,9,10.7
CT_ID0136,S000109,SWEETEST SAVAGE,DPA,11,9th style,9,11.4
CT_ID0137,S000110,真夏の花・真夏の夢,DPA,10,9th style,9,10.5
CT_ID0138,S000111,1st Samurai,DPH,10,10th style,10,11.0
CT_ID0139,S000111,1st Samurai,DPA,12,10th style,10,12.1
CT_ID0140,S000112,ALIEN TEMPLE,DPA,10,10th style,10,10.2
CT_ID0141,S000113,ASTRAL VOYAGE,DPA,10,10th style,10,10.7
CT_ID0142,S000114,BABY LOVE,DPA,11,10th style,10,11.2
CT_ID0143,S000115,Back Into The Light,DPA,10,10th style,10,11.2
CT_ID0144,S000116,CARRY ON NIGHT (English version),DPA,10,10th style,10,10.7
CT_ID0145,S000117,Daisuke,DPA,11,10th style,10,11.6
CT_ID0146,S000118,Debtty Daddy,DPA,11,10th style,10,11.6
CT_ID0147,S000119,Feedback,DPH,10,10th style,10,10.0
CT_ID0148,S000119,Feedback,DPA,10,10th style,10,10.7
CT_ID0149,S000120,FEEL IT,DPA,10,10th style,10,10.2
CT_ID0150,S000121,Freezing atmosphere,DPA,10,10th style,10,11.0
CT_ID0151,S000122,GHOST REVIVAL,DPA,12,10th style,10,12.0
CT_ID0152,S000123,GRADIUS -FULL SPEED-,DPA,11,10th style,10,11.0
CT_ID0153,S000124,HIGH,DPA,10,10th style,10,10.2
CT_ID2237,S000124,HIGH,DPL,11,10th style,10,11.8
CT_ID0154,S000125,Innocent Walls,DPH,10,10th style,10,11.0
CT_ID0155,S000125,Innocent Walls,DPA,12,10th style,10,12.2
CT_ID0156,S000126,Love Is Eternity,DPH,10,10th style,10,9.6
CT_ID0157,S000126,Love Is Eternity,DPA,12,10th style,10,12.2
CT_ID0158,S000127,Lucy,DPH,10,10th style,10,10.5
CT_ID0159,S000128,Narcissus At Oasis,DPH,10,10th style,10,10.7
CT_ID0160,S000128,Narcissus At Oasis,DPA,11,10th style,10,11.2
CT_ID0161,S000129,No.13,DPH,10,10th style,10,10.2
CT_ID0162,S000129,No.13,DPA,12,10th style,10,12.2
CT_ID0163,S000130,One More Lovely,DPH,10,10th style,10,10.0
CT_ID0164,S000130,One More Lovely,DPA,12,10th style,10,12.4
CT_ID0165,S000131,pandora,DPA,11,10th style,10,11.4
CT_ID0166,S000132,rainbow rainbow,DPA,11,10th style,10,11.2
CT_ID0167,S000133,Rise'n Beauty,DPH,10,10th style,10,10.0
CT_ID0168,S000133,Rise'n Beauty,DPA,11,10th style,10,11.2
CT_ID2238,S000133,Rise'n Beauty,DPL,12,10th style,10,12.4
CT_ID0169,S000134,SCORE,DPA,10,10th style,10,9.6
CT_ID0170,S000135,SHOOTING STAR,DPA,11,10th style,10,11.0
CT_ID0171,S000136,SPACE FIGHT,DPA,11,10th style,10,11.6
CT_ID0172,S000137,雪月花,DPH,10,10th style,10,10.5
CT_ID0173,S000137,雪月花,DPA,12,10th style,10,12.3
CT_ID0174,S000138,AA,DPA,12,IIDX RED,11,12.3
CT_ID0175,S000139,ANDROMEDA,DPA,11,IIDX RED,11,11.2
CT_ID0176,S000140,Be quiet,DPA,11,IIDX RED,11,11.6
CT_ID2240,S000140,Be quiet,DPL,12,IIDX RED,11,12.5
CT_ID0177,S000141,BLOCKS,DPA,12,IIDX RED,11,12.1
CT_ID0178,S000142,BREATH,DPA,10,IIDX RED,11,10.7
CT_ID0179,S000143,Click Again,DPA,10,IIDX RED,11,10.2
CT_ID0180,S000144,Close my Eyes for Me,DPA,11,IIDX RED,11,11.4
CT_ID0181,S000145,Don't be afraid myself,DPA,10,IIDX RED,11,9.3
CT_ID0182,S000146,FAKE TIME,DPH,12,IIDX RED,11,11.8
CT_ID0183,S000146,FAKE TIME,DPA,12,IIDX RED,11,12.2
CT_ID0184,S000147,GENOCIDE,DPH,12,IIDX RED,11,12.3
CT_ID0185,S000147,GENOCIDE,DPA,12,IIDX RED,11,12.5
CT_ID0186,S000148,gigadelic,DPN,10,IIDX RED,11,10.0
CT_ID0187,S000148,gigadelic,DPH,12,IIDX RED,11,12.1
CT_ID0188,S000148,gigadelic,DPA,12,IIDX RED,11,12.2
CT_ID0189,S000149,KEY,DPA,11,IIDX RED,11,11.2
CT_ID0190,S000150,NEBULA GRASPER,DPA,11,IIDX RED,11,11.4
CT_ID0191,S000151,Raspberry Heart(English version),DPA,10,IIDX RED,11,10.5
CT_ID0192,S000152,RED ZONE,DPA,11,IIDX RED,11,11.6
CT_ID2241,S000152,RED ZONE,DPL,12,IIDX RED,11,11.8
CT_ID0193,S000153,RESONATE 1794,DPH,11,IIDX RED,11,11.6
CT_ID0194,S000154,SPEEDY CAT,DPA,10,IIDX RED,11,11.0
CT_ID0195,S000155,Sphere,DPA,12,IIDX RED,11,12.3
CT_ID0196,S000156,spiral galaxy,DPA,10,IIDX RED,11,10.5
CT_ID2242,S000156,spiral galaxy,DPL,12,IIDX RED,11,12.5
CT_ID0197,S000157,The Hope of Tomorrow,DPA,10,IIDX RED,11,10.5
CT_ID0198,S000158,Wonder Bullfighter,DPA,10,IIDX RED,11,10.5
CT_ID0199,S000159,ピアノ協奏曲第１番”蠍火”,DPH,10,IIDX RED,11,10.7
CT_ID0200,S000159,ピアノ協奏曲第１番”蠍火”,DPA,12,IIDX RED,11,12.6
CT_ID0201,S000161,100％ minimoo-G,DPH,10,HAPPY SKY,12,10.5
CT_ID0202,S000161,100％ minimoo-G,DPA,11,HAPPY SKY,12,11.8
CT_ID0203,S000162,Agnus Dei,DPA,11,HAPPY SKY,12,11.4
CT_ID0204,S000163,alla turca con passione,DPA,10,HAPPY SKY,12,10.5
CT_ID0205,S000164,Aurora,DPH,10,HAPPY SKY,12,10.5
CT_ID0206,S000164,Aurora,DPA,11,HAPPY SKY,12,11.4
CT_ID0207,S000165,CaptivAte～浄化～,DPA,11,HAPPY SKY,12,11.4
CT_ID2243,S000165,CaptivAte～浄化～,DPL,12,HAPPY SKY,12,12.4
CT_ID0208,S000166,Catch Me,DPA,10,HAPPY SKY,12,10.2
CT_ID2244,S000166,Catch Me,DPL,11,HAPPY SKY,12,11.8
CT_ID0209,S000167,Don't let it go,DPA,10,HAPPY SKY,12,10.5
CT_ID0210,S000168,double thrash,DPH,10,HAPPY SKY,12,10.0
CT_ID0211,S000169,EDEN,DPA,10,HAPPY SKY,12,10.7
CT_ID2245,S000169,EDEN,DPL,11,HAPPY SKY,12,11.4
CT_ID0212,S000170,First Resolution,DPA,10,HAPPY SKY,12,10.5
CT_ID0213,S000171,garden,DPA,12,HAPPY SKY,12,12.2
CT_ID2246,S000171,garden,DPL,12,HAPPY SKY,12,12.4
CT_ID0214,S000172,GREEN EYES,DPA,11,HAPPY SKY,12,11.2
CT_ID0215,S000173,HAPPY☆ANGEL,DPA,10,HAPPY SKY,12,10.5
CT_ID0216,S000174,INAZUMA,DPA,12,HAPPY SKY,12,12.3
CT_ID2247,S000174,INAZUMA,DPL,12,HAPPY SKY,12,12.5
CT_ID0217,S000175,LESSON 5,DPA,11,HAPPY SKY,12,11.2
CT_ID0218,S000176,Little Little Princess,DPH,10,HAPPY SKY,12,9.6
CT_ID0219,S000176,Little Little Princess,DPA,11,HAPPY SKY,12,11.4
CT_ID2248,S000176,Little Little Princess,DPL,12,HAPPY SKY,12,12.5
CT_ID0220,S000177,MOON RACE,DPH,10,HAPPY SKY,12,10.7
CT_ID0221,S000178,POODLE,DPA,11,HAPPY SKY,12,11.2
CT_ID2250,S000178,POODLE,DPL,12,HAPPY SKY,12,12.1
CT_ID0222,S000179,rage against usual,DPH,10,HAPPY SKY,12,10.2
CT_ID0223,S000179,rage against usual,DPA,11,HAPPY SKY,12,11.4
CT_ID2251,S000179,rage against usual,DPL,12,HAPPY SKY,12,12.4
CT_ID0224,S000180,SCREAM SQUAD,DPH,10,HAPPY SKY,12,10.7
CT_ID0225,S000180,SCREAM SQUAD,DPA,12,HAPPY SKY,12,12.0
CT_ID0226,S000181,Scripted Connection⇒ A mix,DPH,10,HAPPY SKY,12,10.5
CT_ID0227,S000181,Scripted Connection⇒ A mix,DPA,11,HAPPY SKY,12,11.2
CT_ID2252,S000181,Scripted Connection⇒ A mix,DPL,12,HAPPY SKY,12,12.4
CT_ID0228,S000182,Scripted Connection⇒ H mix,DPH,10,HAPPY SKY,12,10.0
CT_ID0229,S000182,Scripted Connection⇒ H mix,DPA,11,HAPPY SKY,12,11.6
CT_ID2253,S000182,Scripted Connection⇒ H mix,DPL,12,HAPPY SKY,12,12.2
CT_ID0230,S000183,Scripted Connection⇒ N mix,DPA,10,HAPPY SKY,12,10.7
CT_ID2254,S000183,Scripted Connection⇒ N mix,DPL,11,HAPPY SKY,12,12.1
CT_ID0231,S000184,SigSig,DPA,11,HAPPY SKY,12,10.7
CT_ID0232,S000185,Tizona d'El Cid,DPH,10,HAPPY SKY,12,10.5
CT_ID0233,S000186,Votum stellarum,DPH,11,HAPPY SKY,12,11.2
CT_ID0234,S000187,Xepher,DPH,10,HAPPY SKY,12,9.6
CT_ID0235,S000187,Xepher,DPA,11,HAPPY SKY,12,11.6
CT_ID0236,S000188,ラクエン,DPA,11,HAPPY SKY,12,10.7
CT_ID0237,S000189,月光,DPA,10,HAPPY SKY,12,10.7
CT_ID0238,S000190,合体せよ！ストロングイェーガー！！ (Ryu☆ remix),DPA,11,HAPPY SKY,12,11.4
CT_ID0239,S000191,冥,DPH,11,HAPPY SKY,12,10.7
CT_ID0240,S000191,冥,DPA,12,HAPPY SKY,12,12.5
CT_ID0241,S000194,ALFARSHEAR 双神威に廻る夢,DPA,10,DistorteD,13,10.7
CT_ID0242,S000195,Apocalypse ～dirge of swans～,DPA,11,DistorteD,13,11.4
CT_ID0243,S000196,Bloody Tears(IIDX EDITION),DPH,10,DistorteD,13,10.2
CT_ID0244,S000196,Bloody Tears(IIDX EDITION),DPA,11,DistorteD,13,11.2
CT_ID0245,S000197,BOOM BOOM DISCO NIGHT,DPA,10,DistorteD,13,10.5
CT_ID0246,S000198,Broadbanded,DPH,10,DistorteD,13,9.3
CT_ID0247,S000198,Broadbanded,DPA,11,DistorteD,13,10.2
CT_ID0248,S000199,Concertino in Blue,DPH,10,DistorteD,13,10.2
CT_ID0249,S000199,Concertino in Blue,DPA,12,DistorteD,13,12.0
CT_ID0250,S000200,CONTRACT,DPH,10,DistorteD,13,10.2
CT_ID0251,S000200,CONTRACT,DPA,12,DistorteD,13,12.2
CT_ID2256,S000200,CONTRACT,DPL,12,DistorteD,13,12.6
CT_ID0252,S000201,D.C.fish,DPA,11,DistorteD,13,11.6
CT_ID0253,S000202,DEEP ROAR,DPA,11,DistorteD,13,11.2
CT_ID0254,S000203,Double Loving Heart,DPA,10,DistorteD,13,9.6
CT_ID0255,S000204,DUE TOMORROW,DPH,10,DistorteD,13,9.0
CT_ID0256,S000204,DUE TOMORROW,DPA,12,DistorteD,13,12.5
CT_ID0257,S000205,EURO-ROMANCE,DPA,11,DistorteD,13,11.2
CT_ID0258,S000206,Ganymede,DPH,11,DistorteD,13,11.0
CT_ID0259,S000206,Ganymede,DPA,12,DistorteD,13,12.0
CT_ID2257,S000206,Ganymede,DPL,12,DistorteD,13,12.2
CT_ID0260,S000207,Harmony and Lovely,DPA,11,DistorteD,13,11.0
CT_ID0261,S000208,Heavenly Sun (IIDX VERSION),DPA,10,DistorteD,13,10.5
CT_ID0262,S000209,INFERNO,DPA,10,DistorteD,13,10.5
CT_ID0263,S000210,Leaving...,DPA,10,DistorteD,13,10.5
CT_ID0264,S000211,MINT,DPH,10,DistorteD,13,10.2
CT_ID0265,S000211,MINT,DPA,12,DistorteD,13,11.8
CT_ID0266,S000212,MOON,DPH,10,DistorteD,13,10.2
CT_ID0267,S000213,Power of Love,DPA,10,DistorteD,13,10.2
CT_ID0268,S000214,So Fabulous !!,DPA,11,DistorteD,13,11.2
CT_ID0269,S000215,Sun Field,DPA,11,DistorteD,13,11.4
CT_ID0270,S000216,The Dirty of Loudness,DPH,10,DistorteD,13,10.0
CT_ID0271,S000216,The Dirty of Loudness,DPA,10,DistorteD,13,10.0
CT_ID0272,S000217,tripping contact(teranoid&MC Natsack Remix),DPH,10,DistorteD,13,9.6
CT_ID0273,S000217,tripping contact(teranoid&MC Natsack Remix),DPA,12,DistorteD,13,12.2
CT_ID0274,S000218,TYPE MARS(G-Style Mix),DPH,10,DistorteD,13,10.5
CT_ID0275,S000219,waxing and wanding,DPH,10,DistorteD,13,9.6
CT_ID0276,S000219,waxing and wanding,DPA,11,DistorteD,13,11.4
CT_ID2258,S000219,waxing and wanding,DPL,12,DistorteD,13,12.5
CT_ID0277,S000220,Why did you go away,DPA,11,DistorteD,13,10.5
CT_ID0278,S000221,with you…,DPA,11,DistorteD,13,11.0
CT_ID0279,S000222,Zenius -I- vanisher,DPA,11,DistorteD,13,11.2
CT_ID0280,S000223,カゴノトリ～弐式～,DPA,12,DistorteD,13,12.4
CT_ID0281,S000224,タシカナモノ,DPA,10,DistorteD,13,10.5
CT_ID0282,S000225,華蝶風雪,DPH,10,DistorteD,13,9.6
CT_ID0283,S000225,華蝶風雪,DPA,12,DistorteD,13,12.1
CT_ID2259,S000225,華蝶風雪,DPL,12,DistorteD,13,12.3
CT_ID0284,S000226,嘆きの樹,DPH,11,DistorteD,13,11.6
CT_ID0285,S000226,嘆きの樹,DPA,12,DistorteD,13,12.5
CT_ID0286,S000227,2hot2eat,DPA,10,GOLD,14,11.4
CT_ID0287,S000228,ANDROMEDA II,DPH,10,GOLD,14,10.2
CT_ID0288,S000229,Blind Justice ～Torn souls， Hurt Faiths ～,DPA,10,GOLD,14,10.7
CT_ID0289,S000230,Candy Galy,DPA,12,GOLD,14,11.8
CT_ID2260,S000230,Candy Galy,DPL,12,GOLD,14,12.4
CT_ID0290,S000231,CaptivAte～裁き～,DPA,11,GOLD,14,10.7
CT_ID0291,S000232,CaptivAte～誓い～,DPA,11,GOLD,14,10.5
CT_ID0292,S000233,CROSSROAD ～Left Story～,DPA,10,GOLD,14,10.0
CT_ID0293,S000234,Fascination MAXX,DPH,10,GOLD,14,9.6
CT_ID0294,S000234,Fascination MAXX,DPA,12,GOLD,14,11.8
CT_ID0295,S000235,FIRE FIRE,DPA,11,GOLD,14,11.2
CT_ID0296,S000236,GOLD RUSH,DPA,10,GOLD,14,10.5
CT_ID0297,S000237,GRID KNIGHT,DPA,10,GOLD,14,10.5
CT_ID2261,S000237,GRID KNIGHT,DPL,12,GOLD,14,12.2
CT_ID0298,S000238,INORI,DPA,12,GOLD,14,12.1
CT_ID0299,S000239,KAMAITACHI,DPH,10,GOLD,14,10.5
CT_ID0300,S000239,KAMAITACHI,DPA,12,GOLD,14,12.1
CT_ID2262,S000239,KAMAITACHI,DPL,12,GOLD,14,12.7
CT_ID0301,S000240,LASER CRUSTER,DPH,11,GOLD,14,10.7
CT_ID0302,S000240,LASER CRUSTER,DPA,12,GOLD,14,12.3
CT_ID0303,S000241,Make Me Your Own,DPA,11,GOLD,14,11.4
CT_ID0304,S000242,op.31 叙情,DPH,11,GOLD,14,10.7
CT_ID0305,S000242,op.31 叙情,DPA,12,GOLD,14,11.6
CT_ID0306,S000243,PHOTONGENIC,DPA,11,GOLD,14,11.6
CT_ID0307,S000244,Roulette,DPA,10,GOLD,14,10.2
CT_ID0308,S000245,Second Heaven,DPA,11,GOLD,14,11.8
CT_ID0309,S000246,Sense 2007,DPH,12,GOLD,14,12.1
CT_ID0310,S000246,Sense 2007,DPA,12,GOLD,14,12.2
CT_ID0311,S000247,smile,DPA,12,GOLD,14,12.0
CT_ID0312,S000248,snow storm,DPH,10,GOLD,14,9.6
CT_ID0313,S000248,snow storm,DPA,12,GOLD,14,12.0
CT_ID0314,S000249,the shadow,DPA,11,GOLD,14,10.7
CT_ID0315,S000250,TRANOID,DPH,10,GOLD,14,10.2
CT_ID0316,S000250,TRANOID,DPA,12,GOLD,14,12.2
CT_ID2263,S000250,TRANOID,DPL,12,GOLD,14,12.6
CT_ID0317,S000251,VANESSA,DPH,11,GOLD,14,11.0
CT_ID0318,S000251,VANESSA,DPA,12,GOLD,14,12.4
CT_ID2264,S000251,VANESSA,DPL,12,GOLD,14,12.6
CT_ID0319,S000252,クルクル☆ラブ～Opioid Peptide MIX～,DPA,10,GOLD,14,10.0
CT_ID0320,S000253,星をこの手に,DPA,10,GOLD,14,10.5
CT_ID0321,S000254,電人、暁に斃れる。,DPH,10,GOLD,14,10.2
CT_ID0322,S000254,電人、暁に斃れる。,DPA,12,GOLD,14,12.3
CT_ID0323,S000255,零 - ZERO -,DPA,10,GOLD,14,10.2
CT_ID2265,S000255,零 - ZERO -,DPL,11,GOLD,14,11.6
CT_ID0324,S000256,2 tribe 4 K,DPA,10,DJ TROOPERS,15,10.2
CT_ID0325,S000257,"Anisakis -somatic mutation type""Forza""-",DPH,10,DJ TROOPERS,15,10.7
CT_ID0326,S000257,"Anisakis -somatic mutation type""Forza""-",DPA,12,DJ TROOPERS,15,12.0
CT_ID2266,S000257,"Anisakis -somatic mutation type""Forza""-",DPL,12,DJ TROOPERS,15,12.6
CT_ID0327,S000258,avant-guerre,DPA,10,DJ TROOPERS,15,9.6
CT_ID0328,S000259,Be OK,DPA,12,DJ TROOPERS,15,12.1
CT_ID0329,S000260,beatonic nation,DPA,10,DJ TROOPERS,15,10.0
CT_ID0330,S000261,Blue Rain,DPA,10,DJ TROOPERS,15,10.2
CT_ID2267,S000261,Blue Rain,DPL,12,DJ TROOPERS,15,12.5
CT_ID0331,S000262,Dazzlin' Darlin,DPA,11,DJ TROOPERS,15,10.5
CT_ID0332,S000263,Digitank System,DPA,10,DJ TROOPERS,15,10.2
CT_ID0333,S000264,Do it!! Do it!!,DPH,10,DJ TROOPERS,15,10.0
CT_ID0334,S000264,Do it!! Do it!!,DPA,12,DJ TROOPERS,15,12.1
CT_ID2268,S000264,Do it!! Do it!!,DPL,12,DJ TROOPERS,15,12.6
CT_ID0335,S000265,end of world,DPH,10,DJ TROOPERS,15,10.2
CT_ID0336,S000265,end of world,DPA,11,DJ TROOPERS,15,11.6
CT_ID0337,S000266,evergreen,DPA,11,DJ TROOPERS,15,11.0
CT_ID0338,S000267,four pieces of heaven,DPH,10,DJ TROOPERS,15,10.7
CT_ID0339,S000267,four pieces of heaven,DPA,12,DJ TROOPERS,15,12.4
CT_ID2269,S000267,four pieces of heaven,DPL,12,DJ TROOPERS,15,12.6
CT_ID0340,S000268,ICARUS,DPH,10,DJ TROOPERS,15,10.5
CT_ID0341,S000268,ICARUS,DPA,12,DJ TROOPERS,15,12.3
CT_ID2270,S000268,ICARUS,DPL,12,DJ TROOPERS,15,12.7
CT_ID0342,S000269,in the Sky,DPH,10,DJ TROOPERS,15,10.7
CT_ID0343,S000269,in the Sky,DPA,11,DJ TROOPERS,15,11.6
CT_ID0344,S000270,Kick Out 仮面,DPA,10,DJ TROOPERS,15,10.2
CT_ID0345,S000271,LOVELY STORM,DPH,10,DJ TROOPERS,15,10.0
CT_ID0346,S000271,LOVELY STORM,DPA,11,DJ TROOPERS,15,10.7
CT_ID0347,S000272,madrugada,DPA,10,DJ TROOPERS,15,11.0
CT_ID0348,S000273,MAX LOVE,DPA,10,DJ TROOPERS,15,10.7
CT_ID0349,S000274,MENDES,DPH,10,DJ TROOPERS,15,10.5
CT_ID0350,S000274,MENDES,DPA,12,DJ TROOPERS,15,12.6
CT_ID0351,S000275,MENTAL MELTDOWN,DPA,11,DJ TROOPERS,15,11.6
CT_ID0352,S000276,NEW GENERATION -もう、お前しか見えない-,DPA,11,DJ TROOPERS,15,11.8
CT_ID2271,S000276,NEW GENERATION -もう、お前しか見えない-,DPL,12,DJ TROOPERS,15,12.3
CT_ID0353,S000277,oratio,DPA,12,DJ TROOPERS,15,11.8
CT_ID0354,S000278,PARANOiA ～HADES～,DPH,11,DJ TROOPERS,15,11.6
CT_ID0355,S000278,PARANOiA ～HADES～,DPA,12,DJ TROOPERS,15,12.6
CT_ID0356,S000279,REMINISCENCE,DPA,11,DJ TROOPERS,15,11.0
CT_ID0357,S000280,Rising in the Sun(original mix),DPA,11,DJ TROOPERS,15,10.7
CT_ID0358,S000281,Ristaccia,DPA,10,DJ TROOPERS,15,10.2
CT_ID2272,S000281,Ristaccia,DPL,11,DJ TROOPERS,15,11.6
CT_ID0359,S000282,"satellite020712 from ""CODED ARMS""",DPH,10,DJ TROOPERS,15,10.2
CT_ID0360,S000282,"satellite020712 from ""CODED ARMS""",DPA,12,DJ TROOPERS,15,12.3
CT_ID0361,S000283,satfinal,DPA,10,DJ TROOPERS,15,9.6
CT_ID0362,S000284,SOUND OF GIALLARHORN,DPA,10,DJ TROOPERS,15,10.7
CT_ID0363,S000285,State Of The Art,DPA,12,DJ TROOPERS,15,12.3
CT_ID0364,S000286,STEEL NEEDLE,DPH,10,DJ TROOPERS,15,10.2
CT_ID0365,S000286,STEEL NEEDLE,DPA,11,DJ TROOPERS,15,11.8
CT_ID2273,S000286,STEEL NEEDLE,DPL,12,DJ TROOPERS,15,12.7
CT_ID0366,S000287,switch,DPA,11,DJ TROOPERS,15,11.4
CT_ID0367,S000288,THE DEEP STRIKER,DPH,10,DJ TROOPERS,15,10.0
CT_ID0368,S000288,THE DEEP STRIKER,DPA,11,DJ TROOPERS,15,11.6
CT_ID2274,S000288,THE DEEP STRIKER,DPL,12,DJ TROOPERS,15,12.4
CT_ID0369,S000289,the trigger of innocence,DPA,10,DJ TROOPERS,15,11.0
CT_ID2275,S000289,the trigger of innocence,DPL,12,DJ TROOPERS,15,12.2
CT_ID0370,S000290,Time to Air,DPA,11,DJ TROOPERS,15,10.7
CT_ID2276,S000290,Time to Air,DPL,12,DJ TROOPERS,15,12.5
CT_ID0371,S000291,TRIP MACHINE PhoeniX,DPA,11,DJ TROOPERS,15,11.4
CT_ID0372,S000292,TROOPERS,DPH,10,DJ TROOPERS,15,10.0
CT_ID0373,S000292,TROOPERS,DPA,12,DJ TROOPERS,15,12.0
CT_ID0374,S000293,Ubertreffen,DPH,10,DJ TROOPERS,15,10.7
CT_ID0375,S000293,Ubertreffen,DPA,11,DJ TROOPERS,15,11.6
CT_ID2277,S000293,Ubertreffen,DPL,12,DJ TROOPERS,15,12.4
CT_ID0376,S000294,ミラージュ・レジデンス,DPH,10,DJ TROOPERS,15,10.2
CT_ID0377,S000294,ミラージュ・レジデンス,DPA,12,DJ TROOPERS,15,12.1
CT_ID0378,S000295,華爛漫 -Flowers-,DPA,10,DJ TROOPERS,15,10.0
CT_ID2279,S000295,華爛漫 -Flowers-,DPL,12,DJ TROOPERS,15,12.4
CT_ID0379,S000296,高高度降下低高度開傘,DPA,10,DJ TROOPERS,15,10.7
CT_ID0380,S000297,少年A,DPH,10,DJ TROOPERS,15,10.5
CT_ID0381,S000297,少年A,DPA,12,DJ TROOPERS,15,12.4
CT_ID0382,S000299,3y3s,DPH,10,EMPRESS,16,10.7
CT_ID0383,S000299,3y3s,DPA,12,EMPRESS,16,12.0
CT_ID0384,S000300,ALL MY TURN -このターンに、オレの全てを賭ける-,DPA,11,EMPRESS,16,11.0
CT_ID0385,S000301,Arabian Rave Night,DPH,10,EMPRESS,16,10.0
CT_ID0386,S000301,Arabian Rave Night,DPA,11,EMPRESS,16,11.6
CT_ID2280,S000301,Arabian Rave Night,DPL,12,EMPRESS,16,12.3
CT_ID0387,S000302,B4U(BEMANI FOR YOU MIX),DPA,11,EMPRESS,16,10.7
CT_ID2281,S000302,B4U(BEMANI FOR YOU MIX),DPL,12,EMPRESS,16,12.3
CT_ID0388,S000303,Bahram Attack-猫叉Master Remix-,DPA,11,EMPRESS,16,11.4
CT_ID2282,S000303,Bahram Attack-猫叉Master Remix-,DPL,11,EMPRESS,16,12.1
CT_ID0389,S000304,BITTER CHOCOLATE STRIKER,DPH,10,EMPRESS,16,10.5
CT_ID0390,S000304,BITTER CHOCOLATE STRIKER,DPA,11,EMPRESS,16,11.6
CT_ID2283,S000304,BITTER CHOCOLATE STRIKER,DPL,12,EMPRESS,16,12.5
CT_ID0391,S000305,CaptivAte2～覚醒～,DPA,11,EMPRESS,16,11.6
CT_ID0392,S000306,Colorful Cookie,DPH,10,EMPRESS,16,10.0
CT_ID0393,S000306,Colorful Cookie,DPA,12,EMPRESS,16,12.2
CT_ID0394,S000307,Cyber Force -DJ Yoshitaka Remix-,DPA,10,EMPRESS,16,10.0
CT_ID0395,S000308,Go Beyond!!,DPH,10,EMPRESS,16,10.0
CT_ID0396,S000308,Go Beyond!!,DPA,12,EMPRESS,16,11.8
CT_ID0397,S000309,HYPERION,DPA,11,EMPRESS,16,11.2
CT_ID0398,S000310,Jack,DPA,11,EMPRESS,16,11.0
CT_ID0399,S000311,Just a Little Smile,DPA,11,EMPRESS,16,11.2
CT_ID0400,S000312,Kung-fu Empire,DPH,10,EMPRESS,16,10.0
CT_ID0401,S000312,Kung-fu Empire,DPA,11,EMPRESS,16,11.4
CT_ID2285,S000312,Kung-fu Empire,DPL,12,EMPRESS,16,12.2
CT_ID0402,S000313,Marie Antoinette,DPA,11,EMPRESS,16,12.0
CT_ID2286,S000313,Marie Antoinette,DPL,11,EMPRESS,16,12.0
CT_ID0403,S000314,Monkey Dance '09,DPA,11,EMPRESS,16,11.4
CT_ID0404,S000315,naughty girl@Queen's Palace,DPA,10,EMPRESS,16,10.0
CT_ID2288,S000315,naughty girl@Queen's Palace,DPL,11,EMPRESS,16,11.8
CT_ID0405,S000316,Programmed World,DPH,10,EMPRESS,16,10.7
CT_ID0406,S000316,Programmed World,DPA,11,EMPRESS,16,11.8
CT_ID0407,S000317,Punch Love 仮面,DPA,10,EMPRESS,16,10.7
CT_ID2291,S000317,Punch Love 仮面,DPL,12,EMPRESS,16,12.1
CT_ID0408,S000318,Secrets,DPH,10,EMPRESS,16,10.0
CT_ID0409,S000318,Secrets,DPA,11,EMPRESS,16,11.6
CT_ID2292,S000318,Secrets,DPL,12,EMPRESS,16,12.4
CT_ID0410,S000319,smooooch・∀・,DPA,10,EMPRESS,16,10.5
CT_ID2293,S000319,smooooch・∀・,DPL,11,EMPRESS,16,11.4
CT_ID0411,S000320,SOLITON BEAM,DPH,10,EMPRESS,16,10.2
CT_ID0412,S000320,SOLITON BEAM,DPA,11,EMPRESS,16,11.2
CT_ID0413,S000321,THANK YOU FOR PLAYING,DPA,10,EMPRESS,16,10.2
CT_ID2294,S000321,THANK YOU FOR PLAYING,DPL,11,EMPRESS,16,11.4
CT_ID0414,S000322,THE SHINING POLARIS(kors k mix),DPA,11,EMPRESS,16,11.6
CT_ID0415,S000323,thunder HOUSE NATION Remix,DPA,10,EMPRESS,16,10.7
CT_ID2295,S000323,thunder HOUSE NATION Remix,DPL,12,EMPRESS,16,12.4
CT_ID0416,S000324,Turii ～Panta rhei～,DPA,10,EMPRESS,16,10.7
CT_ID0417,S000325,V2,DPH,10,EMPRESS,16,10.2
CT_ID0418,S000325,V2,DPA,11,EMPRESS,16,11.8
CT_ID0419,S000326,Y&Co. is dead or alive,DPH,10,EMPRESS,16,10.0
CT_ID0420,S000326,Y&Co. is dead or alive,DPA,12,EMPRESS,16,12.4
CT_ID0421,S000327,"You'll say ""Now!""",DPH,10,EMPRESS,16,10.0
CT_ID0422,S000327,"You'll say ""Now!""",DPA,11,EMPRESS,16,11.8
CT_ID0423,S000328,ハリツヤランデヴー,DPA,10,EMPRESS,16,10.2
CT_ID0424,S000329,まほろば,DPA,11,EMPRESS,16,11.4
CT_ID0425,S000330,ミッドナイト堕天使,DPA,12,EMPRESS,16,12.0
CT_ID0426,S000331,山岡晃の「クイズ！家事都合！」,DPA,10,EMPRESS,16,10.5
CT_ID0427,S000332,鉄甲乙女-under the steel-,DPA,10,EMPRESS,16,10.5
CT_ID0428,S000333,天空脳番長危機十六連打,DPH,10,EMPRESS,16,10.2
CT_ID0429,S000333,天空脳番長危機十六連打,DPA,11,EMPRESS,16,11.6
CT_ID0430,S000334,卑弥呼,DPH,11,EMPRESS,16,11.6
CT_ID0431,S000334,卑弥呼,DPA,12,EMPRESS,16,12.6
CT_ID0432,S000335,不沈艦CANDY,DPA,11,EMPRESS,16,12.0
CT_ID0433,S000336,凛として咲く花の如く,DPA,10,EMPRESS,16,10.5
CT_ID2296,S000336,凛として咲く花の如く,DPL,12,EMPRESS,16,12.0
CT_ID0434,S000342,AIR RAID FROM THA UNDAGROUND,DPA,11,SIRIUS,17,11.4
CT_ID2298,S000342,AIR RAID FROM THA UNDAGROUND,DPL,12,SIRIUS,17,12.4
CT_ID0435,S000343,Almagest,DPH,11,SIRIUS,17,11.6
CT_ID0436,S000343,Almagest,DPA,12,SIRIUS,17,12.7
CT_ID0437,S000344,Bad Maniacs,DPH,10,SIRIUS,17,10.7
CT_ID0438,S000344,Bad Maniacs,DPA,12,SIRIUS,17,12.6
CT_ID0439,S000345,bass 2 bass,DPA,10,SIRIUS,17,10.5
CT_ID0440,S000346,beatchic☆仮面～好き、でいさせて～,DPA,10,SIRIUS,17,10.2
CT_ID0441,S000347,BEAUTIFUL ANGEL,DPA,10,SIRIUS,17,11.0
CT_ID0442,S000348,bloomin' feeling,DPH,10,SIRIUS,17,10.2
CT_ID0443,S000348,bloomin' feeling,DPA,11,SIRIUS,17,11.6
CT_ID0444,S000349,CaptivAte～裁き～(SUBLIME TECHNO MIX),DPA,10,SIRIUS,17,10.2
CT_ID0445,S000350,D,DPH,10,SIRIUS,17,10.5
CT_ID0446,S000350,D,DPA,11,SIRIUS,17,11.2
CT_ID0447,S000351,DAWN -THE NEXT ENDEAVOUR-,DPA,10,SIRIUS,17,11.0
CT_ID0448,S000352,Dazzlin' Darlin-秋葉工房mix-,DPA,11,SIRIUS,17,11.4
CT_ID0449,S000353,DESIRE,DPA,10,SIRIUS,17,11.0
CT_ID0450,S000354,Do Back Burn,DPA,10,SIRIUS,17,10.2
CT_ID0451,S000355,DOMINION,DPH,10,SIRIUS,17,10.0
CT_ID0452,S000355,DOMINION,DPA,12,SIRIUS,17,12.1
CT_ID0453,S000356,DROP,DPA,11,SIRIUS,17,11.2
CT_ID0454,S000357,Elisha,DPA,11,SIRIUS,17,11.2
CT_ID0455,S000358,Empire State Glory,DPH,10,SIRIUS,17,10.2
CT_ID0456,S000358,Empire State Glory,DPA,11,SIRIUS,17,11.8
CT_ID0457,S000359,eRAseRmOToRpHAntOM,DPH,10,SIRIUS,17,10.2
CT_ID0458,S000359,eRAseRmOToRpHAntOM,DPA,12,SIRIUS,17,12.2
CT_ID0459,S000360,Evans,DPH,10,SIRIUS,17,10.2
CT_ID0460,S000360,Evans,DPA,12,SIRIUS,17,12.0
CT_ID0461,S000361,EXUSIA,DPH,10,SIRIUS,17,10.5
CT_ID0462,S000361,EXUSIA,DPA,12,SIRIUS,17,12.3
CT_ID0463,S000362,G59,DPH,11,SIRIUS,17,10.5
CT_ID0464,S000362,G59,DPA,12,SIRIUS,17,12.3
CT_ID0465,S000363,GALGALIM,DPH,10,SIRIUS,17,10.5
CT_ID0466,S000363,GALGALIM,DPA,12,SIRIUS,17,12.1
CT_ID0467,S000364,GOLDEN CROSS,DPA,12,SIRIUS,17,12.1
CT_ID0468,S000365,Hydrogen Blueback,DPA,10,SIRIUS,17,10.5
CT_ID2299,S000365,Hydrogen Blueback,DPL,11,SIRIUS,17,11.6
CT_ID0469,S000366,IN THE NAME OF LOVE,DPA,10,SIRIUS,17,10.2
CT_ID0470,S000367,Keep it-秋葉工房mix-,DPA,11,SIRIUS,17,11.6
CT_ID0471,S000368,Light Shine,DPA,11,SIRIUS,17,11.4
CT_ID0472,S000369,MIRACLE MEETS,DPA,10,SIRIUS,17,10.0
CT_ID0473,S000370,mosaic,DPA,11,SIRIUS,17,11.4
CT_ID0474,S000371,NEW SENSATION -もう、あなたしか見えない-,DPA,11,SIRIUS,17,11.4
CT_ID0475,S000372,Programmed Sun,DPA,10,SIRIUS,17,10.2
CT_ID0476,S000373,quell～the seventh slave～,DPA,12,SIRIUS,17,12.7
CT_ID0477,S000374,Raison d'etre～交差する宿命～,DPH,10,SIRIUS,17,10.0
CT_ID0478,S000374,Raison d'etre～交差する宿命～,DPA,12,SIRIUS,17,12.4
CT_ID2300,S000374,Raison d'etre～交差する宿命～,DPL,12,SIRIUS,17,12.7
CT_ID0479,S000375,Red. by Full Metal Jacket,DPA,12,SIRIUS,17,11.8
CT_ID0480,S000376,Session 1 -Genesis-,DPA,11,SIRIUS,17,11.8
CT_ID0481,S000377,She is my wife,DPA,10,SIRIUS,17,10.5
CT_ID0482,S000378,SOLID STATE SQUAD,DPH,11,SIRIUS,17,11.0
CT_ID0483,S000378,SOLID STATE SQUAD,DPA,12,SIRIUS,17,12.4
CT_ID2301,S000378,SOLID STATE SQUAD,DPL,12,SIRIUS,17,12.6
CT_ID0484,S000379,Sorrows,DPA,11,SIRIUS,17,11.2
CT_ID0485,S000380,THE LAST STRIKER,DPA,10,SIRIUS,17,11.0
CT_ID0486,S000381,The Story Begins,DPA,11,SIRIUS,17,11.2
CT_ID0487,S000382,たからもの,DPA,10,SIRIUS,17,10.5
CT_ID2302,S000382,たからもの,DPL,11,SIRIUS,17,11.4
CT_ID0488,S000383,ワルツ第17番 ト短調”大犬のワルツ”,DPH,10,SIRIUS,17,10.7
CT_ID0489,S000383,ワルツ第17番 ト短調”大犬のワルツ”,DPA,12,SIRIUS,17,12.5
CT_ID0490,S000384,"水上の提督(Short mix from ""幻想水滸伝V"")",DPA,10,SIRIUS,17,10.7
CT_ID0491,S000385,未来のプリズム,DPA,10,SIRIUS,17,10.2
CT_ID0492,S000387,Aegis,DPA,10,Resort Anthem,18,10.7
CT_ID0493,S000388,ALBIDA,DPA,11,Resort Anthem,18,12.0
CT_ID0494,S000389,ANTHEM LANDING,DPH,10,Resort Anthem,18,10.0
CT_ID0495,S000389,ANTHEM LANDING,DPA,11,Resort Anthem,18,11.2
CT_ID0496,S000390,Believe In Me,DPA,11,Resort Anthem,18,11.0
CT_ID0497,S000391,BLUST OF WIND,DPA,10,Resort Anthem,18,9.6
CT_ID2304,S000391,BLUST OF WIND,DPL,11,Resort Anthem,18,11.2
CT_ID0498,S000392,Bounce Bounce Bounce,DPA,11,Resort Anthem,18,11.2
CT_ID0499,S000393,Breaking the ground,DPA,10,Resort Anthem,18,10.2
CT_ID0500,S000394,Broken,DPA,12,Resort Anthem,18,12.0
CT_ID0501,S000395,BROKEN EDEN,DPH,10,Resort Anthem,18,10.5
CT_ID0502,S000395,BROKEN EDEN,DPA,11,Resort Anthem,18,11.6
CT_ID0503,S000396,Dances with Snow Fairies,DPH,10,Resort Anthem,18,10.5
CT_ID0504,S000396,Dances with Snow Fairies,DPA,12,Resort Anthem,18,12.3
CT_ID2305,S000396,Dances with Snow Fairies,DPL,12,Resort Anthem,18,12.7
CT_ID0505,S000397,DAYDREAMER,DPA,10,Resort Anthem,18,10.2
CT_ID0506,S000398,Destiny Sword,DPA,11,Resort Anthem,18,11.4
CT_ID0507,S000399,DM STAR～関西 energy style～,DPA,11,Resort Anthem,18,11.4
CT_ID0508,S000400,Energy Drive,DPA,11,Resort Anthem,18,11.6
CT_ID0509,S000401,Everlasting Resort,DPA,10,Resort Anthem,18,10.5
CT_ID0510,S000402,Fantasia,DPA,10,Resort Anthem,18,10.5
CT_ID0511,S000403,Golden Palms,DPA,10,Resort Anthem,18,10.7
CT_ID2306,S000403,Golden Palms,DPL,11,Resort Anthem,18,11.6
CT_ID0512,S000404,I FIGHT ME,DPA,10,Resort Anthem,18,10.0
CT_ID0513,S000405,Kailua,DPA,12,Resort Anthem,18,11.6
CT_ID0514,S000406,Let The Track Flow,DPA,11,Resort Anthem,18,11.4
CT_ID0515,S000407,Mermaid girl,DPA,10,Resort Anthem,18,10.5
CT_ID0516,S000408,Never Fade Away,DPA,11,Resort Anthem,18,11.6
CT_ID0517,S000409,New Castle Legions,DPH,10,Resort Anthem,18,9.6
CT_ID0518,S000409,New Castle Legions,DPA,12,Resort Anthem,18,12.1
CT_ID0519,S000410,PARADISE LOST,DPH,10,Resort Anthem,18,9.3
CT_ID0520,S000410,PARADISE LOST,DPA,12,Resort Anthem,18,12.6
CT_ID0521,S000411,passionate fate,DPA,11,Resort Anthem,18,11.4
CT_ID0522,S000412,perditus†paradisus,DPH,11,Resort Anthem,18,11.8
CT_ID0523,S000412,perditus†paradisus,DPA,12,Resort Anthem,18,12.7
CT_ID0524,S000413,Programmed Life,DPA,11,Resort Anthem,18,11.6
CT_ID0525,S000414,reunion,DPH,11,Resort Anthem,18,11.4
CT_ID0526,S000414,reunion,DPA,12,Resort Anthem,18,12.5
CT_ID0527,S000415,Rock Da House,DPA,10,Resort Anthem,18,10.7
CT_ID0528,S000416,SABER WING,DPA,12,Resort Anthem,18,12.1
CT_ID0529,S000417,Sakura Reflection,DPA,11,Resort Anthem,18,11.6
CT_ID0530,S000418,sakura storm,DPH,10,Resort Anthem,18,9.3
CT_ID0531,S000418,sakura storm,DPA,12,Resort Anthem,18,12.1
CT_ID0532,S000419,Session 9 -Chronicles-,DPH,10,Resort Anthem,18,10.0
CT_ID0533,S000419,Session 9 -Chronicles-,DPA,12,Resort Anthem,18,12.0
CT_ID0534,S000420,Space Time,DPA,11,Resort Anthem,18,11.4
CT_ID0535,S000421,SPECIAL SUMMER CAMPAIGN!,DPH,10,Resort Anthem,18,10.0
CT_ID0536,S000421,SPECIAL SUMMER CAMPAIGN!,DPA,12,Resort Anthem,18,12.0
CT_ID0537,S000422,STELLAR WIND,DPA,11,Resort Anthem,18,11.4
CT_ID0538,S000423,THE BLACK KNIGHT,DPH,10,Resort Anthem,18,10.0
CT_ID0539,S000423,THE BLACK KNIGHT,DPA,12,Resort Anthem,18,12.1
CT_ID2438,S000423,THE BLACK KNIGHT,DPL,12,Resort Anthem,18,12.7
CT_ID0540,S000424,THE DOOR INTO RAINBOW,DPA,11,Resort Anthem,18,11.2
CT_ID0541,S000425,THE FALLEN,DPA,11,Resort Anthem,18,11.2
CT_ID0542,S000426,Tropical April,DPA,11,Resort Anthem,18,11.4
CT_ID0543,S000427,Vermillion,DPA,10,Resort Anthem,18,10.5
CT_ID0544,S000428,Watch Out Pt.2,DPA,11,Resort Anthem,18,11.8
CT_ID0545,S000429,Wuv U,DPA,11,Resort Anthem,18,11.6
CT_ID0546,S000430,XANADU OF TWO,DPA,10,Resort Anthem,18,9.6
CT_ID2309,S000430,XANADU OF TWO,DPL,11,Resort Anthem,18,12.0
CT_ID0547,S000431,ZETA～素数の世界と超越者～,DPH,10,Resort Anthem,18,10.0
CT_ID0548,S000431,ZETA～素数の世界と超越者～,DPA,12,Resort Anthem,18,12.3
CT_ID0549,S000432,かげぬい ～ Ver.BENIBOTAN ～,DPA,10,Resort Anthem,18,10.5
CT_ID0550,S000433,黒髪乱れし修羅となりて,DPH,10,Resort Anthem,18,10.0
CT_ID0551,S000433,黒髪乱れし修羅となりて,DPA,12,Resort Anthem,18,12.1
CT_ID0552,S000434,灼熱Beach Side Bunny,DPH,10,Resort Anthem,18,9.6
CT_ID0553,S000434,灼熱Beach Side Bunny,DPA,12,Resort Anthem,18,12.4
CT_ID0554,S000435,中華急行,DPA,10,Resort Anthem,18,10.7
CT_ID0555,S000436,夕焼け ～Fading Day～,DPA,11,Resort Anthem,18,11.4
CT_ID0556,S000437,旅人リラン,DPH,10,Resort Anthem,18,10.0
CT_ID0557,S000437,旅人リラン,DPA,12,Resort Anthem,18,12.1
CT_ID0558,S000441,24th Century BOY,DPA,11,Lincle,19,11.6
CT_ID0559,S000442,532nm,DPA,11,Lincle,19,11.8
CT_ID0560,S000443,Almace,DPA,11,Lincle,19,11.8
CT_ID0561,S000444,BLACK.by X-Cross Fade,DPH,10,Lincle,19,10.0
CT_ID0562,S000444,BLACK.by X-Cross Fade,DPA,12,Lincle,19,12.2
CT_ID0563,S000445,Castle on the Moon,DPA,11,Lincle,19,12.0
CT_ID0564,S000446,Change the World,DPA,11,Lincle,19,11.2
CT_ID0565,S000447,DIAVOLO,DPH,10,Lincle,19,10.5
CT_ID0566,S000447,DIAVOLO,DPA,12,Lincle,19,12.5
CT_ID0567,S000448,Drive Me Crazy,DPA,10,Lincle,19,10.5
CT_ID0568,S000449,F,DPH,10,Lincle,19,10.2
CT_ID0569,S000449,F,DPA,12,Lincle,19,12.3
CT_ID0570,S000450,Far east nightbird,DPA,10,Lincle,19,10.2
CT_ID0571,S000451,fffff,DPH,10,Lincle,19,10.2
CT_ID0572,S000451,fffff,DPA,12,Lincle,19,12.1
CT_ID0573,S000452,Flip Flap,DPA,10,Lincle,19,10.2
CT_ID0574,S000453,Follow Tomorrow,DPA,10,Lincle,19,10.2
CT_ID0575,S000454,GIGANT,DPA,10,Lincle,19,10.2
CT_ID2313,S000454,GIGANT,DPL,12,Lincle,19,12.1
CT_ID0576,S000455,HAERETICUS,DPH,10,Lincle,19,10.2
CT_ID0577,S000455,HAERETICUS,DPA,12,Lincle,19,12.3
CT_ID0578,S000456,I'm so Happy,DPA,11,Lincle,19,12.0
CT_ID0579,S000457,In the Blackest Den,DPA,11,Lincle,19,11.6
CT_ID0580,S000458,Infinite cave,DPH,10,Lincle,19,10.2
CT_ID0581,S000458,Infinite cave,DPA,12,Lincle,19,12.1
CT_ID0582,S000459,LAX5 feat.Ryota Yoshinari,DPA,10,Lincle,19,10.7
CT_ID0583,S000460,LETHEBOLG ～双神威に斬り咲けり～,DPA,10,Lincle,19,10.2
CT_ID0584,S000461,LOVE B.B.B,DPA,10,Lincle,19,10.5
CT_ID0585,S000462,Lucky Days,DPA,10,Lincle,19,10.2
CT_ID0586,S000463,Miami Sunset Drive,DPA,10,Lincle,19,10.5
CT_ID0587,S000464,NNRT,DPH,10,Lincle,19,10.5
CT_ID0588,S000464,NNRT,DPA,12,Lincle,19,12.2
CT_ID0589,S000465,Phoenix,DPA,11,Lincle,19,11.0
CT_ID2315,S000465,Phoenix,DPL,12,Lincle,19,12.7
CT_ID0590,S000466,prompt,DPA,11,Lincle,19,11.8
CT_ID0591,S000467,QUANTUM TELEPORTATION,DPH,10,Lincle,19,11.0
CT_ID0592,S000467,QUANTUM TELEPORTATION,DPA,12,Lincle,19,12.7
CT_ID2316,S000467,QUANTUM TELEPORTATION,DPL,12,Lincle,19,12.5
CT_ID0593,S000468,quaver♪,DPA,12,Lincle,19,12.4
CT_ID0594,S000469,Quick Silver,DPA,11,Lincle,19,11.6
CT_ID0595,S000470,Release The Music,DPA,10,Lincle,19,10.2
CT_ID0596,S000471,RESISTANCE,DPA,10,Lincle,19,10.5
CT_ID0597,S000472,Round and Round,DPA,10,Lincle,19,10.5
CT_ID0598,S000473,SA.YO.NA.RA. SUPER STAR,DPA,11,Lincle,19,11.8
CT_ID0599,S000474,Scharfrichter,DPA,11,Lincle,19,11.6
CT_ID0600,S000475,Several Words,DPA,10,Lincle,19,10.5
CT_ID0601,S000476,SHADE,DPH,10,Lincle,19,10.0
CT_ID0602,S000476,SHADE,DPA,11,Lincle,19,11.4
CT_ID0603,S000477,Snake Stick,DPH,10,Lincle,19,10.5
CT_ID0604,S000477,Snake Stick,DPA,12,Lincle,19,12.2
CT_ID0605,S000478,Snow Goose,DPA,11,Lincle,19,11.6
CT_ID0606,S000479,Star Trail,DPA,10,Lincle,19,11.0
CT_ID2317,S000479,Star Trail,DPL,11,Lincle,19,11.8
CT_ID0607,S000480,The Limbo,DPH,10,Lincle,19,10.7
CT_ID0608,S000480,The Limbo,DPA,12,Lincle,19,12.5
CT_ID2318,S000480,The Limbo,DPL,12,Lincle,19,12.7
CT_ID0609,S000481,The Sampling Paradise,DPH,10,Lincle,19,10.7
CT_ID0610,S000481,The Sampling Paradise,DPA,12,Lincle,19,12.4
CT_ID0611,S000482,Thunderbolt,DPA,11,Lincle,19,11.6
CT_ID0612,S000483,TITANS RETURN,DPA,11,Lincle,19,11.2
CT_ID2319,S000483,TITANS RETURN,DPL,12,Lincle,19,12.5
CT_ID0613,S000484,Todestrieb,DPA,12,Lincle,19,12.4
CT_ID0614,S000485,WONDER WALKER,DPA,12,Lincle,19,12.2
CT_ID0615,S000486,YAKSHA,DPH,11,Lincle,19,11.0
CT_ID0616,S000486,YAKSHA,DPA,12,Lincle,19,12.4
CT_ID0617,S000487,yellow head joe,DPA,12,Lincle,19,12.0
CT_ID0618,S000488,Yellow Sunrise,DPA,11,Lincle,19,11.8
CT_ID0619,S000489,ビューティフルレシート,DPA,11,Lincle,19,11.6
CT_ID0620,S000490,ユミル,DPA,11,Lincle,19,11.8
CT_ID0621,S000491,君のハートにロックオン,DPA,12,Lincle,19,12.5
CT_ID0622,S000492,子供の落書き帳,DPH,10,Lincle,19,10.7
CT_ID0623,S000492,子供の落書き帳,DPA,12,Lincle,19,12.0
CT_ID0624,S000493,蛇神,DPA,11,Lincle,19,11.6
CT_ID2322,S000493,蛇神,DPL,12,Lincle,19,12.5
CT_ID0625,S000494,衰色小町メランコリア,DPA,10,Lincle,19,10.5
CT_ID0626,S000495,聖人の塔,DPH,10,Lincle,19,10.7
CT_ID0627,S000495,聖人の塔,DPA,12,Lincle,19,12.4
CT_ID2321,S000495,聖人の塔,DPL,12,Lincle,19,12.7
CT_ID0628,S000496,天空の夜明け,DPH,11,Lincle,19,11.4
CT_ID0629,S000496,天空の夜明け,DPA,12,Lincle,19,12.6
CT_ID0630,S000497,突撃!ガラスのニーソ姫!,DPA,10,Lincle,19,10.7
CT_ID0631,S000498,陽炎,DPA,10,Lincle,19,10.5
CT_ID0632,S000499,恋する☆宇宙戦争っ！！,DPA,12,Lincle,19,12.0
CT_ID2320,S000499,恋する☆宇宙戦争っ！！,DPL,12,Lincle,19,12.4
CT_ID0633,S000503,†渚の小悪魔ラヴリィ～レイディオ†(IIDX EDIT),DPA,12,tricoro,20,12.7
CT_ID0634,S000504,405nm (Ryu☆mix),DPA,11,tricoro,20,11.0
CT_ID0635,S000505,8bit Princess,DPA,10,tricoro,20,10.0
CT_ID0636,S000506,Ascalon,DPA,11,tricoro,20,11.6
CT_ID0637,S000507,Beastie Starter,DPA,11,tricoro,20,11.4
CT_ID0638,S000508,BLUE STRAGGLER,DPA,10,tricoro,20,10.7
CT_ID0639,S000509,BRAVE GLOW,DPA,10,tricoro,20,10.2
CT_ID0640,S000510,CONCEPTUAL,DPA,11,tricoro,20,11.2
CT_ID0641,S000511,Confiserie,DPH,10,tricoro,20,10.5
CT_ID0642,S000511,Confiserie,DPA,12,tricoro,20,12.6
CT_ID0643,S000512,Cookie Bouquets,DPH,10,tricoro,20,9.6
CT_ID0644,S000512,Cookie Bouquets,DPA,11,tricoro,20,11.6
CT_ID0645,S000513,DAY DREAM,DPH,10,tricoro,20,9.0
CT_ID0646,S000513,DAY DREAM,DPA,12,tricoro,20,12.2
CT_ID0647,S000514,Devilz Staircase,DPH,10,tricoro,20,9.6
CT_ID0648,S000514,Devilz Staircase,DPA,12,tricoro,20,12.3
CT_ID0649,S000515,Elemental Creation,DPH,10,tricoro,20,10.5
CT_ID0650,S000515,Elemental Creation,DPA,12,tricoro,20,12.6
CT_ID0651,S000516,examination leave,DPH,10,tricoro,20,9.3
CT_ID0652,S000516,examination leave,DPA,11,tricoro,20,11.4
CT_ID0653,S000517,FLOWER,DPA,12,tricoro,20,12.1
CT_ID0654,S000518,Fly you to the star,DPA,11,tricoro,20,11.4
CT_ID0655,S000519,GAIA,DPH,10,tricoro,20,10.2
CT_ID0656,S000519,GAIA,DPA,12,tricoro,20,12.3
CT_ID0657,S000520,GRADIUS 2012,DPA,11,tricoro,20,11.2
CT_ID0658,S000521,Hollywood Galaxy,DPA,12,tricoro,20,12.2
CT_ID0659,S000522,Howling,DPA,10,tricoro,20,10.0
CT_ID2323,S000522,Howling,DPL,11,tricoro,20,11.2
CT_ID0660,S000523,ILIAS,DPA,10,tricoro,20,11.0
CT_ID0661,S000524,Illegal Function Call,DPH,10,tricoro,20,10.2
CT_ID0662,S000524,Illegal Function Call,DPA,11,tricoro,20,12.0
CT_ID2324,S000524,Illegal Function Call,DPL,12,tricoro,20,12.7
CT_ID0663,S000525,JOMANDA,DPH,10,tricoro,20,10.5
CT_ID0664,S000525,JOMANDA,DPA,12,tricoro,20,12.2
CT_ID0665,S000526,Liberation,DPH,10,tricoro,20,10.0
CT_ID0666,S000526,Liberation,DPA,12,tricoro,20,11.8
CT_ID0667,S000527,Light and Cyber…,DPA,11,tricoro,20,12.0
CT_ID0668,S000528,Little Star,DPA,12,tricoro,20,12.0
CT_ID0669,S000529,LUV CAN SAVE U,DPA,10,tricoro,20,10.5
CT_ID2325,S000529,LUV CAN SAVE U,DPL,11,tricoro,20,11.2
CT_ID0670,S000530,Neonlights,DPH,10,tricoro,20,10.0
CT_ID0671,S000530,Neonlights,DPA,11,tricoro,20,11.2
CT_ID0672,S000531,neu,DPH,10,tricoro,20,9.6
CT_ID0673,S000531,neu,DPA,12,tricoro,20,12.4
CT_ID0674,S000532,New Decade IIDX Edition,DPA,11,tricoro,20,11.6
CT_ID0675,S000533,New Lights,DPA,10,tricoro,20,10.2
CT_ID0676,S000534,Plan 8,DPH,10,tricoro,20,10.0
CT_ID0677,S000534,Plan 8,DPA,12,tricoro,20,12.3
CT_ID0678,S000535,planarian,DPA,11,tricoro,20,11.4
CT_ID0679,S000536,POINT ZERO,DPA,10,tricoro,20,10.7
CT_ID0680,S000537,Praludium,DPA,11,tricoro,20,11.2
CT_ID0681,S000538,Proof of the existence,DPH,10,tricoro,20,10.2
CT_ID0682,S000538,Proof of the existence,DPA,12,tricoro,20,12.4
CT_ID0683,S000539,Rainbow after snow,DPA,10,tricoro,20,10.5
CT_ID0684,S000540,Re:GENERATION,DPA,11,tricoro,20,11.4
CT_ID0685,S000541,Reflection Into the EDEN,DPA,10,tricoro,20,10.7
CT_ID0686,S000542,rumrum triplets,DPH,10,tricoro,20,10.2
CT_ID0687,S000542,rumrum triplets,DPA,12,tricoro,20,11.8
CT_ID0688,S000543,S!ck,DPA,11,tricoro,20,11.6
CT_ID0689,S000544,Saturn,DPH,10,tricoro,20,10.0
CT_ID0690,S000544,Saturn,DPA,11,tricoro,20,11.4
CT_ID2326,S000544,Saturn,DPL,12,tricoro,20,12.6
CT_ID0691,S000545,SHION,DPA,11,tricoro,20,11.4
CT_ID0692,S000546,Sol Cosine Job 2,DPH,11,tricoro,20,11.8
CT_ID0693,S000546,Sol Cosine Job 2,DPA,12,tricoro,20,12.3
CT_ID0694,S000547,STULTI,DPH,10,tricoro,20,10.7
CT_ID0695,S000547,STULTI,DPA,12,tricoro,20,12.5
CT_ID0696,S000548,SYNC-ANTHEM,DPH,10,tricoro,20,10.5
CT_ID0697,S000548,SYNC-ANTHEM,DPA,12,tricoro,20,12.2
CT_ID0698,S000549,Synergy For Angels,DPA,11,tricoro,20,11.4
CT_ID0699,S000550,Take My Life,DPA,11,tricoro,20,11.8
CT_ID0700,S000551,Thor's Hammer,DPH,10,tricoro,20,9.6
CT_ID0701,S000551,Thor's Hammer,DPA,12,tricoro,20,12.5
CT_ID0702,S000552,Time To Empress,DPA,11,tricoro,20,11.4
CT_ID2327,S000552,Time To Empress,DPL,12,tricoro,20,12.2
CT_ID0703,S000553,Timepiece phase II,DPH,11,tricoro,20,11.2
CT_ID0704,S000553,Timepiece phase II,DPA,12,tricoro,20,12.5
CT_ID0705,S000554,Timepiece phase II (CN Ver.),DPH,11,tricoro,20,11.0
CT_ID0706,S000554,Timepiece phase II (CN Ver.),DPA,12,tricoro,20,12.4
CT_ID0707,S000555,True Blue,DPH,10,tricoro,20,10.5
CT_ID0708,S000555,True Blue,DPA,12,tricoro,20,12.1
CT_ID0709,S000556,Valanga,DPH,10,tricoro,20,10.5
CT_ID0710,S000556,Valanga,DPA,12,tricoro,20,12.4
CT_ID0711,S000557,VALLIS-NERIA,DPH,10,tricoro,20,10.2
CT_ID0712,S000557,VALLIS-NERIA,DPA,11,tricoro,20,12.0
CT_ID0713,S000558,VEGA,DPA,11,tricoro,20,11.6
CT_ID0714,S000559,ZED,DPA,11,tricoro,20,11.6
CT_ID2439,S000559,ZED,DPL,12,tricoro,20,12.5
CT_ID0715,S000560,Zirkfied,DPH,10,tricoro,20,10.2
CT_ID0716,S000560,Zirkfied,DPA,12,tricoro,20,12.4
CT_ID0717,S000561,アストライアの双皿,DPA,12,tricoro,20,12.3
CT_ID0718,S000562,お米の美味しい炊き方、そしてお米を食べることによるその効果。,DPA,10,tricoro,20,10.2
CT_ID2329,S000562,お米の美味しい炊き方、そしてお米を食べることによるその効果。,DPL,12,tricoro,20,12.5
CT_ID0719,S000563,カジノファイヤーことみちゃん,DPA,12,tricoro,20,12.1
CT_ID0720,S000564,キャトられ恋はモ～モク,DPH,10,tricoro,20,10.5
CT_ID0721,S000564,キャトられ恋はモ～モク,DPA,12,tricoro,20,12.4
CT_ID0722,S000565,シュレーディンガーの猫,DPH,10,tricoro,20,10.5
CT_ID0723,S000565,シュレーディンガーの猫,DPA,12,tricoro,20,12.3
CT_ID0724,S000566,たまゆら,DPH,10,tricoro,20,10.5
CT_ID0725,S000566,たまゆら,DPA,12,tricoro,20,12.3
CT_ID0726,S000567,トリカゴノ鳳凰,DPA,12,tricoro,20,12.0
CT_ID0727,S000568,メイメツ、フラグメンツ,DPA,11,tricoro,20,11.2
CT_ID0728,S000569,ラキラキ,DPA,10,tricoro,20,10.7
CT_ID0729,S000570,音楽,DPH,10,tricoro,20,9.6
CT_ID0730,S000570,音楽,DPA,12,tricoro,20,12.2
CT_ID0731,S000571,仮想空間の旅人たち,DPA,11,tricoro,20,11.4
CT_ID2330,S000571,仮想空間の旅人たち,DPL,12,tricoro,20,12.3
CT_ID0732,S000572,狂イ咲ケ焔ノ華,DPH,10,tricoro,20,10.0
CT_ID0733,S000572,狂イ咲ケ焔ノ華,DPA,12,tricoro,20,12.1
CT_ID0734,S000573,創世ノート,DPA,11,tricoro,20,11.2
CT_ID0735,S000574,即席！脳直★ミュージックシステム,DPA,12,tricoro,20,12.0
CT_ID0736,S000575,梅雪夜,DPA,10,tricoro,20,10.0
CT_ID0737,S000576,龍と少女とデコヒーレンス,DPA,11,tricoro,20,11.6
CT_ID2332,S000576,龍と少女とデコヒーレンス,DPL,12,tricoro,20,12.3
CT_ID0738,S000577,朧,DPA,10,tricoro,20,10.2
CT_ID2331,S000577,朧,DPL,11,tricoro,20,11.4
CT_ID0739,S000578,ΕΛΠΙΣ,DPH,10,tricoro,20,10.2
CT_ID0740,S000578,ΕΛΠΙΣ,DPA,12,tricoro,20,12.1
CT_ID2328,S000578,ΕΛΠΙΣ,DPL,12,tricoro,20,12.4
CT_ID0741,S000579,Adularia,DPH,10,SPADA,21,10.5
CT_ID0742,S000579,Adularia,DPA,12,SPADA,21,12.2
CT_ID0743,S000580,ALBA -黎明-,DPA,11,SPADA,21,11.6
CT_ID2333,S000580,ALBA -黎明-,DPL,12,SPADA,21,12.4
CT_ID0744,S000581,Ancient Scapes,DPH,10,SPADA,21,10.5
CT_ID0745,S000581,Ancient Scapes,DPA,12,SPADA,21,12.3
CT_ID2334,S000581,Ancient Scapes,DPL,12,SPADA,21,12.5
CT_ID0746,S000582,ATHER,DPA,11,SPADA,21,11.0
CT_ID2335,S000582,ATHER,DPL,12,SPADA,21,12.1
CT_ID0747,S000583,BLUE DRAGON(雷龍RemixIIDX),DPH,10,SPADA,21,10.2
CT_ID0748,S000583,BLUE DRAGON(雷龍RemixIIDX),DPA,11,SPADA,21,10.7
CT_ID2336,S000583,BLUE DRAGON(雷龍RemixIIDX),DPL,12,SPADA,21,12.2
CT_ID0749,S000584,BRAINSTORM,DPH,10,SPADA,21,10.2
CT_ID0750,S000584,BRAINSTORM,DPA,12,SPADA,21,11.8
CT_ID0751,S000585,BRAVE OUT,DPA,11,SPADA,21,11.2
CT_ID2337,S000585,BRAVE OUT,DPL,12,SPADA,21,12.1
CT_ID0752,S000586,Claiomh Solais,DPA,10,SPADA,21,10.2
CT_ID0753,S000587,Cleopatrysm,DPA,11,SPADA,21,11.6
CT_ID0754,S000588,Close the World feat.a☆ru,DPA,12,SPADA,21,12.1
CT_ID2338,S000588,Close the World feat.a☆ru,DPL,12,SPADA,21,12.4
CT_ID0755,S000589,Critical Crystal,DPA,11,SPADA,21,11.6
CT_ID0756,S000590,DARK LEGACY,DPA,12,SPADA,21,12.3
CT_ID0757,S000591,Devilz Sacrifice -贖罪の羊-,DPA,11,SPADA,21,11.4
CT_ID0758,S000592,diagram,DPA,11,SPADA,21,11.4
CT_ID0759,S000593,Elektrick U-Phoria,DPA,12,SPADA,21,12.0
CT_ID2339,S000593,Elektrick U-Phoria,DPL,12,SPADA,21,12.6
CT_ID0760,S000594,Engraved Mark,DPA,11,SPADA,21,11.2
CT_ID0761,S000595,EXTREME MACH COLLIDER,DPA,10,SPADA,21,10.5
CT_ID0762,S000596,Feel The Beat,DPA,11,SPADA,21,11.4
CT_ID2341,S000596,Feel The Beat,DPL,12,SPADA,21,12.2
CT_ID0763,S000597,Funny shuffle,DPA,11,SPADA,21,12.0
CT_ID0764,S000598,HYENA,DPA,11,SPADA,21,11.8
CT_ID2342,S000598,HYENA,DPL,12,SPADA,21,12.5
CT_ID0765,S000599,Hypersonik,DPA,11,SPADA,21,10.7
CT_ID0766,S000600,I will be back -オレは帰ってきた-,DPH,10,SPADA,21,10.2
CT_ID0767,S000600,I will be back -オレは帰ってきた-,DPA,12,SPADA,21,12.2
CT_ID0768,S000601,Idola,DPH,10,SPADA,21,10.2
CT_ID0769,S000601,Idola,DPA,12,SPADA,21,12.4
CT_ID0770,S000602,Insane Techniques,DPA,10,SPADA,21,10.7
CT_ID0771,S000603,INSOMNIA,DPA,12,SPADA,21,12.2
CT_ID0772,S000604,into the battlefield,DPA,10,SPADA,21,10.2
CT_ID0773,S000605,invoker,DPH,10,SPADA,21,10.2
CT_ID0774,S000605,invoker,DPA,12,SPADA,21,12.3
CT_ID2343,S000605,invoker,DPL,12,SPADA,21,12.4
CT_ID0775,S000606,IX,DPH,11,SPADA,21,11.2
CT_ID0776,S000606,IX,DPA,12,SPADA,21,12.6
CT_ID0777,S000607,KAISER PHOENIX,DPH,10,SPADA,21,10.7
CT_ID0778,S000607,KAISER PHOENIX,DPA,11,SPADA,21,11.8
CT_ID2344,S000607,KAISER PHOENIX,DPL,12,SPADA,21,12.7
CT_ID0779,S000608,KHAMEN BREAK,DPA,10,SPADA,21,10.0
CT_ID0780,S000609,Last Dance,DPH,10,SPADA,21,10.5
CT_ID0781,S000609,Last Dance,DPA,12,SPADA,21,12.3
CT_ID0782,S000610,Lighting Shower,DPA,11,SPADA,21,11.6
CT_ID0783,S000611,M.D.Injection,DPA,11,SPADA,21,11.2
CT_ID0784,S000612,m1dy Deluxe,DPA,11,SPADA,21,11.4
CT_ID0785,S000613,MAD ATTACK,DPA,10,SPADA,21,10.0
CT_ID2345,S000613,MAD ATTACK,DPL,11,SPADA,21,11.6
CT_ID0786,S000614,MAGIC & LOVE,DPA,11,SPADA,21,11.6
CT_ID0787,S000615,Miracle 5ympho X,DPA,11,SPADA,21,11.4
CT_ID2346,S000615,Miracle 5ympho X,DPL,12,SPADA,21,12.3
CT_ID0788,S000616,NPC World,DPA,10,SPADA,21,10.5
CT_ID0789,S000617,Odin,DPA,10,SPADA,21,10.5
CT_ID0790,S000618,Overload Frontier,DPA,11,SPADA,21,11.0
CT_ID0791,S000619,PUNISHER,DPA,12,SPADA,21,12.2
CT_ID0792,S000620,ra'am,DPH,10,SPADA,21,10.7
CT_ID0793,S000620,ra'am,DPA,12,SPADA,21,12.5
CT_ID0794,S000621,rainbow guitar weeps,DPA,12,SPADA,21,12.1
CT_ID0795,S000622,refractive index,DPA,11,SPADA,21,11.2
CT_ID0796,S000623,RISE,DPA,10,SPADA,21,10.7
CT_ID0797,S000624,RIZING YOU UP,DPH,10,SPADA,21,10.0
CT_ID0798,S000624,RIZING YOU UP,DPA,12,SPADA,21,12.2
CT_ID0799,S000625,SCHWARZSCHILD FIELD,DPA,11,SPADA,21,11.2
CT_ID0800,S000626,Sigmund,DPH,10,SPADA,21,11.0
CT_ID0801,S000626,Sigmund,DPA,12,SPADA,21,12.6
CT_ID2347,S000626,Sigmund,DPL,12,SPADA,21,12.7
CT_ID0802,S000627,Squeeze,DPA,11,SPADA,21,11.4
CT_ID0803,S000628,THE DETONATOR,DPA,10,SPADA,21,10.7
CT_ID0804,S000629,Unicorn tail,DPA,12,SPADA,21,12.1
CT_ID0805,S000630,Valgus,DPA,11,SPADA,21,11.2
CT_ID0806,S000631,Verflucht,DPH,10,SPADA,21,10.2
CT_ID0807,S000631,Verflucht,DPA,12,SPADA,21,12.4
CT_ID2348,S000631,Verflucht,DPL,12,SPADA,21,12.6
CT_ID0808,S000632,VOX UP,DPH,11,SPADA,21,11.4
CT_ID0809,S000632,VOX UP,DPA,12,SPADA,21,12.5
CT_ID0810,S000633,Wonder Girl feat. Kanae Asaba,DPA,10,SPADA,21,10.7
CT_ID0811,S000634,アルストロメリア,DPA,10,SPADA,21,10.7
CT_ID0812,S000635,お願いアインシュタイン,DPA,10,SPADA,21,10.2
CT_ID0813,S000636,デッドボヲルdeホームラン,DPA,11,SPADA,21,11.8
CT_ID0814,S000637,バンブーソード・ガール,DPH,10,SPADA,21,9.6
CT_ID0815,S000637,バンブーソード・ガール,DPA,12,SPADA,21,12.3
CT_ID0816,S000638,海神,DPH,10,SPADA,21,10.2
CT_ID0817,S000638,海神,DPA,12,SPADA,21,12.3
CT_ID2350,S000638,海神,DPL,12,SPADA,21,12.4
CT_ID0818,S000639,轟け！恋のビーンボール！！,DPH,10,SPADA,21,10.2
CT_ID0819,S000639,轟け！恋のビーンボール！！,DPA,12,SPADA,21,12.2
CT_ID0820,S000640,罪と罰,DPA,10,SPADA,21,10.7
CT_ID0821,S000641,疾風迅雷,DPH,10,SPADA,21,10.5
CT_ID0822,S000641,疾風迅雷,DPA,12,SPADA,21,12.4
CT_ID2351,S000641,疾風迅雷,DPL,12,SPADA,21,12.6
CT_ID0823,S000642,旋律のドグマ～Miserables～,DPH,10,SPADA,21,10.2
CT_ID0824,S000642,旋律のドグマ～Miserables～,DPA,12,SPADA,21,12.4
CT_ID0825,S000643,超!!遠距離らぶメ～ル,DPA,11,SPADA,21,11.2
CT_ID0826,S000644,廿,DPA,10,SPADA,21,10.2
CT_ID2349,S000644,廿,DPL,12,SPADA,21,12.4
CT_ID0827,S000645,牧神笛吹きて,DPA,11,SPADA,21,10.7
CT_ID0828,S000646,煉獄のエルフェリア,DPH,10,SPADA,21,10.5
CT_ID0829,S000646,煉獄のエルフェリア,DPA,12,SPADA,21,12.5
CT_ID0830,S000648,#The_Relentless,DPA,11,PENDUAL,22,11.6
CT_ID2352,S000648,#The_Relentless,DPL,12,PENDUAL,22,12.6
CT_ID0831,S000649,AFRO KNUCKLE,DPA,11,PENDUAL,22,11.0
CT_ID0832,S000650,Beat Radiance,DPA,10,PENDUAL,22,10.5
CT_ID2353,S000650,Beat Radiance,DPL,12,PENDUAL,22,12.3
CT_ID0833,S000651,Beyond The Earth,DPA,11,PENDUAL,22,11.2
CT_ID0834,S000652,Blaze it UP!,DPA,11,PENDUAL,22,11.4
CT_ID0835,S000653,BLUE MIRAGE,DPA,11,PENDUAL,22,11.4
CT_ID0836,S000654,Broken Sword,DPA,12,PENDUAL,22,12.3
CT_ID0837,S000655,Chain of pain,DPA,11,PENDUAL,22,11.4
CT_ID0838,S000656,CHRONO DIVER -NORNIR-,DPA,11,PENDUAL,22,11.6
CT_ID2355,S000656,CHRONO DIVER -NORNIR-,DPL,12,PENDUAL,22,12.7
CT_ID0839,S000657,Chrono Diver -PENDULUMs-,DPH,11,PENDUAL,22,11.6
CT_ID0840,S000657,Chrono Diver -PENDULUMs-,DPA,12,PENDUAL,22,12.7
CT_ID0841,S000658,Chronos,DPA,11,PENDUAL,22,11.4
CT_ID2356,S000658,Chronos,DPL,11,PENDUAL,22,11.6
CT_ID0842,S000659,cinder,DPA,12,PENDUAL,22,12.2
CT_ID0843,S000660,COLOSSEUM,DPA,10,PENDUAL,22,10.7
CT_ID0844,S000661,Cosmic Cat,DPA,10,PENDUAL,22,10.5
CT_ID2357,S000661,Cosmic Cat,DPL,12,PENDUAL,22,12.4
CT_ID0845,S000662,Despair of ELFERIA,DPH,10,PENDUAL,22,10.5
CT_ID0846,S000662,Despair of ELFERIA,DPA,12,PENDUAL,22,12.3
CT_ID0847,S000663,Discloze,DPA,11,PENDUAL,22,11.4
CT_ID0848,S000664,EBONY & IVORY,DPA,12,PENDUAL,22,12.4
CT_ID2358,S000664,EBONY & IVORY,DPL,12,PENDUAL,22,12.6
CT_ID0849,S000665,entelecheia,DPH,10,PENDUAL,22,10.5
CT_ID0850,S000665,entelecheia,DPA,12,PENDUAL,22,12.4
CT_ID0851,S000666,Erosion Mark,DPA,11,PENDUAL,22,10.7
CT_ID0852,S000667,fallen leaves -IIDX edition-,DPA,12,PENDUAL,22,12.4
CT_ID0853,S000668,FANTASTIC THREE,DPH,10,PENDUAL,22,10.7
CT_ID0854,S000668,FANTASTIC THREE,DPA,12,PENDUAL,22,12.4
CT_ID0855,S000669,Flashes,DPA,12,PENDUAL,22,12.5
CT_ID2359,S000669,Flashes,DPL,12,PENDUAL,22,12.5
CT_ID0856,S000670,Gravigazer,DPA,12,PENDUAL,22,12.1
CT_ID0857,S000671,GUILTY,DPA,11,PENDUAL,22,11.2
CT_ID2360,S000671,GUILTY,DPL,12,PENDUAL,22,12.3
CT_ID0858,S000672,HELL SCAPER -Last Escape Remix-,DPA,11,PENDUAL,22,11.0
CT_ID0859,S000673,Hello Happiness,DPA,11,PENDUAL,22,11.2
CT_ID0860,S000674,illuminate,DPA,11,PENDUAL,22,11.0
CT_ID0861,S000675,IMPLANTATION,DPA,11,PENDUAL,22,11.4
CT_ID2361,S000675,IMPLANTATION,DPL,12,PENDUAL,22,12.4
CT_ID0862,S000676,In The Breeze,DPA,10,PENDUAL,22,10.5
CT_ID0863,S000677,Invitation from Mr.C,DPA,12,PENDUAL,22,12.1
CT_ID0864,S000678,IXION,DPA,11,PENDUAL,22,11.2
CT_ID0865,S000679,Line 4 Ruin,DPA,11,PENDUAL,22,11.0
CT_ID0866,S000680,Monopole.,DPA,11,PENDUAL,22,11.4
CT_ID0867,S000681,NEO GENERATOR SEVEN,DPH,10,PENDUAL,22,10.0
CT_ID0868,S000681,NEO GENERATOR SEVEN,DPA,11,PENDUAL,22,11.8
CT_ID0869,S000682,Night sky,DPA,12,PENDUAL,22,12.3
CT_ID0870,S000683,No Tears,DPA,10,PENDUAL,22,10.5
CT_ID0871,S000684,PENDUAL TALISMAN,DPA,10,PENDUAL,22,10.5
CT_ID0872,S000685,Rave*it!! Rave*it!!,DPA,12,PENDUAL,22,12.1
CT_ID0873,S000686,Realize Maze,DPA,11,PENDUAL,22,11.2
CT_ID0874,S000687,Reflux,DPA,12,PENDUAL,22,12.5
CT_ID0875,S000688,Sakura Mirage,DPA,10,PENDUAL,22,10.5
CT_ID0876,S000689,SAMSARA,DPA,10,PENDUAL,22,9.3
CT_ID0877,S000690,Say YEEEAHH,DPH,10,PENDUAL,22,10.7
CT_ID0878,S000690,Say YEEEAHH,DPA,12,PENDUAL,22,12.4
CT_ID0879,S000691,Scarlet Moon,DPA,11,PENDUAL,22,11.2
CT_ID0880,S000692,Scars of FAUNA,DPA,11,PENDUAL,22,11.2
CT_ID0881,S000693,Shooting Fireball,DPH,10,PENDUAL,22,10.7
CT_ID0882,S000693,Shooting Fireball,DPA,12,PENDUAL,22,12.2
CT_ID0883,S000694,Sounds Of Summer,DPA,12,PENDUAL,22,12.2
CT_ID0884,S000695,SpaceLand☆TOYBOX,DPA,12,PENDUAL,22,12.2
CT_ID0885,S000696,Sweet Radar,DPA,10,PENDUAL,22,9.6
CT_ID0886,S000697,Symmetry,DPA,11,PENDUAL,22,12.0
CT_ID0887,S000698,TA・DA ☆ YO・SHI,DPA,10,PENDUAL,22,10.2
CT_ID0888,S000699,The Least 100sec,DPA,12,PENDUAL,22,12.0
CT_ID0889,S000700,TIEFSEE,DPA,12,PENDUAL,22,12.3
CT_ID0890,S000701,TOXIC VIBRATION,DPH,10,PENDUAL,22,10.5
CT_ID0891,S000701,TOXIC VIBRATION,DPA,12,PENDUAL,22,12.4
CT_ID0892,S000702,Vulkan,DPA,11,PENDUAL,22,11.6
CT_ID0893,S000703,We're so Happy (P*Light Remix) IIDX ver.,DPH,10,PENDUAL,22,10.2
CT_ID0894,S000703,We're so Happy (P*Light Remix) IIDX ver.,DPA,12,PENDUAL,22,12.0
CT_ID0895,S000704,Ｘ↑Ｘ↓,DPA,12,PENDUAL,22,12.1
CT_ID0896,S000705,ZZ,DPH,10,PENDUAL,22,10.0
CT_ID0897,S000705,ZZ,DPA,12,PENDUAL,22,12.0
CT_ID0898,S000706,それは花火のような恋,DPH,10,PENDUAL,22,10.2
CT_ID0899,S000706,それは花火のような恋,DPA,12,PENDUAL,22,12.3
CT_ID0900,S000707,ドッキン☆サマーあばんちゅーる,DPA,11,PENDUAL,22,11.2
CT_ID0901,S000708,とろぴかる倶楽部,DPA,11,PENDUAL,22,11.8
CT_ID0902,S000709,パ→ピ→プ→Yeah!,DPA,11,PENDUAL,22,11.8
CT_ID0903,S000710,ぷろぐれっしぶ時空少女！うらしまたろ子ちゃん！,DPA,10,PENDUAL,22,10.0
CT_ID0904,S000711,ベィスドロップ・フリークス,DPA,11,PENDUAL,22,10.7
CT_ID2362,S000711,ベィスドロップ・フリークス,DPL,11,PENDUAL,22,11.8
CT_ID0905,S000712,もっと！モット！ときめき feat. 松下,DPA,11,PENDUAL,22,10.5
CT_ID0906,S000713,リリーゼと炎龍レーヴァテイン,DPH,10,PENDUAL,22,10.2
CT_ID0907,S000713,リリーゼと炎龍レーヴァテイン,DPA,12,PENDUAL,22,12.3
CT_ID0908,S000714,夏色DIARY - L.E.D.-G STYLE MIX -,DPH,10,PENDUAL,22,10.0
CT_ID0909,S000714,夏色DIARY - L.E.D.-G STYLE MIX -,DPA,12,PENDUAL,22,11.8
CT_ID0910,S000715,鬼天,DPH,10,PENDUAL,22,10.2
CT_ID0911,S000715,鬼天,DPA,12,PENDUAL,22,12.2
CT_ID0912,S000716,共鳴遊戯の華,DPH,10,PENDUAL,22,10.7
CT_ID0913,S000716,共鳴遊戯の華,DPA,12,PENDUAL,22,12.6
CT_ID0914,S000717,紅牡丹,DPA,11,PENDUAL,22,10.7
CT_ID0915,S000718,時空トラベローグ,DPA,11,PENDUAL,22,11.4
CT_ID0916,S000719,取り残された美術(Arranged:HiZuMi),DPA,10,PENDUAL,22,10.2
CT_ID0917,S000720,十六夜セツナ,DPA,10,PENDUAL,22,10.0
CT_ID0918,S000721,少年は空を辿る,DPH,10,PENDUAL,22,10.5
CT_ID0919,S000721,少年は空を辿る,DPA,12,PENDUAL,22,12.5
CT_ID0920,S000722,千年ノ理,DPA,12,PENDUAL,22,12.3
CT_ID2363,S000722,千年ノ理,DPL,12,PENDUAL,22,12.6
CT_ID0921,S000723,打打打打打打打打打打,DPA,11,PENDUAL,22,11.0
CT_ID0922,S000724,超青少年ノ為ノ超多幸ナ超古典的超舞曲,DPA,12,PENDUAL,22,12.3
CT_ID2366,S000724,超青少年ノ為ノ超多幸ナ超古典的超舞曲,DPL,12,PENDUAL,22,12.7
CT_ID0923,S000725,表裏一体！？怪盗いいんちょの悩み,DPH,10,PENDUAL,22,10.7
CT_ID0924,S000725,表裏一体！？怪盗いいんちょの悩み,DPA,12,PENDUAL,22,12.4
CT_ID2365,S000725,表裏一体！？怪盗いいんちょの悩み,DPL,12,PENDUAL,22,12.5
CT_ID0925,S000726,妖隠し -あやかしかくし-,DPA,11,PENDUAL,22,10.7
CT_ID0926,S000729,199024club -Re:BounceKiller-,DPH,10,copula,23,9.6
CT_ID0927,S000729,199024club -Re:BounceKiller-,DPA,12,copula,23,12.0
CT_ID0928,S000730,Acid Pumper,DPA,11,copula,23,10.7
CT_ID0929,S000731,Angelic Jelly,DPA,11,copula,23,11.4
CT_ID0930,S000732,AO-1,DPH,10,copula,23,10.5
CT_ID0931,S000732,AO-1,DPA,12,copula,23,12.3
CT_ID0932,S000733,Arcana,DPA,10,copula,23,11.0
CT_ID0933,S000734,Aublia,DPA,11,copula,23,11.4
CT_ID0934,S000735,Battle Train -IIDX Edition-,DPA,12,copula,23,12.0
CT_ID0935,S000736,Blue Spring Express,DPH,10,copula,23,10.2
CT_ID0936,S000736,Blue Spring Express,DPA,12,copula,23,12.3
CT_ID0937,S000737,Central Station,DPA,10,copula,23,10.5
CT_ID0938,S000738,chaos eater -IIDX edition-,DPA,12,copula,23,12.1
CT_ID0939,S000739,CODE:1 [revision1.0.1],DPA,12,copula,23,12.6
CT_ID0940,S000740,Daily Lunch Special,DPA,11,copula,23,11.4
CT_ID0941,S000741,Damage Per Second,DPA,10,copula,23,10.2
CT_ID2367,S000741,Damage Per Second,DPL,11,copula,23,11.4
CT_ID0942,S000742,Derelict Star feat. Ryu*,DPH,10,copula,23,10.0
CT_ID0943,S000742,Derelict Star feat. Ryu*,DPA,11,copula,23,11.4
CT_ID0944,S000743,Devil's Gear,DPH,10,copula,23,10.0
CT_ID0945,S000743,Devil's Gear,DPA,12,copula,23,12.2
CT_ID0946,S000744,DIAMOND CROSSING,DPH,10,copula,23,10.0
CT_ID0947,S000744,DIAMOND CROSSING,DPA,12,copula,23,12.5
CT_ID0948,S000745,do the thing feat. Kanae Asaba,DPA,10,copula,23,10.5
CT_ID0949,S000746,Donkey Donk,DPA,11,copula,23,11.6
CT_ID0950,S000747,Dynamite,DPH,10,copula,23,10.5
CT_ID0951,S000747,Dynamite,DPA,12,copula,23,12.4
CT_ID0952,S000748,Everlasting Last,DPA,10,copula,23,10.2
CT_ID0953,S000749,GENERATE feat.綾倉盟,DPA,10,copula,23,10.2
CT_ID0954,S000750,Go Faraway,DPA,11,copula,23,11.0
CT_ID0955,S000751,GOBBLE,DPA,11,copula,23,11.8
CT_ID0956,S000751,GOBBLE,DPH,12,copula,23,12.6
CT_ID0957,S000752,Godspeed,DPH,10,copula,23,10.5
CT_ID0958,S000752,Godspeed,DPA,12,copula,23,12.3
CT_ID0959,S000753,Grand Chariot,DPH,10,copula,23,9.6
CT_ID0960,S000753,Grand Chariot,DPA,12,copula,23,12.5
CT_ID0961,S000754,Highcharge Divolt,DPH,10,copula,23,10.0
CT_ID0962,S000754,Highcharge Divolt,DPA,12,copula,23,12.0
CT_ID0963,S000755,Inner Spirit,DPA,11,copula,23,11.6
CT_ID0964,S000756,Konzert V,DPH,10,copula,23,10.0
CT_ID0965,S000756,Konzert V,DPA,11,copula,23,11.6
CT_ID0966,S000757,La dolce primavera,DPA,11,copula,23,11.2
CT_ID0967,S000758,M4K3 1T B0UNC3,DPH,10,copula,23,10.0
CT_ID0968,S000758,M4K3 1T B0UNC3,DPA,12,copula,23,12.4
CT_ID0969,S000759,Musik LoverZ,DPA,10,copula,23,10.0
CT_ID0970,S000760,NANAIRO,DPA,10,copula,23,11.0
CT_ID0971,S000761,Nightmare before oversleep,DPH,10,copula,23,10.2
CT_ID0972,S000761,Nightmare before oversleep,DPA,12,copula,23,12.2
CT_ID0973,S000762,NINJA IS DEAD IIDX ver.,DPA,12,copula,23,11.8
CT_ID0974,S000763,NO LIMIT -オレ達に限界は無い-,DPA,10,copula,23,10.2
CT_ID0975,S000764,Nowhere,DPA,11,copula,23,11.0
CT_ID0976,S000765,NZM,DPH,10,copula,23,10.5
CT_ID0977,S000765,NZM,DPA,12,copula,23,12.5
CT_ID0978,S000766,On the FM,DPA,11,copula,23,11.4
CT_ID0979,S000767,Outbreak,DPA,11,copula,23,11.4
CT_ID0980,S000768,POSSESSION,DPH,10,copula,23,10.5
CT_ID0981,S000768,POSSESSION,DPA,12,copula,23,12.4
CT_ID0982,S000769,refrain,DPH,10,copula,23,10.0
CT_ID0983,S000769,refrain,DPA,12,copula,23,12.4
CT_ID0984,S000770,Rock It,DPA,11,copula,23,11.4
CT_ID0985,S000771,Routing,DPA,11,copula,23,11.2
CT_ID0986,S000772,Sephirot,DPA,10,copula,23,10.0
CT_ID0987,S000773,Set U Free feat. Kanae Asaba,DPA,11,copula,23,11.0
CT_ID0988,S000774,SHELTER OF THE MIND,DPA,11,copula,23,11.2
CT_ID0989,S000775,STARLiGHT,DPA,11,copula,23,11.4
CT_ID0990,S000776,STARLIGHT DANCEHALL,DPA,11,copula,23,11.8
CT_ID2369,S000776,STARLIGHT DANCEHALL,DPL,12,copula,23,12.4
CT_ID0991,S000777,StrayedCatz,DPA,12,copula,23,12.3
CT_ID0992,S000778,Super Duper Racers,DPA,10,copula,23,10.2
CT_ID2370,S000778,Super Duper Racers,DPL,12,copula,23,12.4
CT_ID0993,S000779,SURVIVOR,DPA,10,copula,23,10.2
CT_ID0994,S000780,Tori-no-kimochi,DPA,11,copula,23,11.4
CT_ID0995,S000781,Triple Counter,DPH,10,copula,23,10.2
CT_ID0996,S000781,Triple Counter,DPA,12,copula,23,12.4
CT_ID0997,S000782,Uh-Oh,DPA,10,copula,23,10.2
CT_ID0998,S000783,Violet Pulse,DPA,10,copula,23,10.7
CT_ID2371,S000783,Violet Pulse,DPL,12,copula,23,12.5
CT_ID0999,S000784,Violet Rose,DPH,10,copula,23,10.0
CT_ID1000,S000784,Violet Rose,DPA,11,copula,23,11.4
CT_ID1001,S000785,Welcome,DPA,11,copula,23,11.0
CT_ID2372,S000785,Welcome,DPL,12,copula,23,12.5
CT_ID1002,S000786,X,DPH,10,copula,23,10.7
CT_ID1003,S000786,X,DPA,12,copula,23,12.5
CT_ID1004,S000787,ZEPHYRANTHES,DPA,11,copula,23,11.4
CT_ID2373,S000787,ZEPHYRANTHES,DPL,12,copula,23,12.4
CT_ID1005,S000788,オルタネイトβ,DPA,10,copula,23,10.2
CT_ID1006,S000789,か・し・ま・し☆PUMP UP！,DPA,11,copula,23,11.4
CT_ID1007,S000790,ギョギョっと人魚 爆婚ブライダル,DPA,10,copula,23,10.2
CT_ID1008,S000791,シュッパツシンコウ・シサカンコ,DPA,10,copula,23,10.2
CT_ID1009,S000792,セロトニン,DPA,11,copula,23,11.4
CT_ID1010,S000793,めいさいアイドル☆あいむちゃん♪,DPH,10,copula,23,10.2
CT_ID1011,S000793,めいさいアイドル☆あいむちゃん♪,DPA,12,copula,23,12.4
CT_ID1012,S000794,駅猫のワルツ,DPH,10,copula,23,10.7
CT_ID1013,S000794,駅猫のワルツ,DPA,12,copula,23,12.5
CT_ID1014,S000795,紫陽花 -AZISAI-,DPH,10,copula,23,10.2
CT_ID1015,S000795,紫陽花 -AZISAI-,DPA,12,copula,23,11.8
CT_ID2374,S000795,紫陽花 -AZISAI-,DPL,12,copula,23,12.5
CT_ID1016,S000796,灼熱 Pt.2 Long Train Running,DPH,11,copula,23,10.7
CT_ID1017,S000796,灼熱 Pt.2 Long Train Running,DPA,12,copula,23,12.5
CT_ID1018,S000797,少女アリスと箱庭幻想コンチェルト,DPA,11,copula,23,11.6
CT_ID1019,S000798,真 地獄超特急 -HELL or HELL-,DPH,11,copula,23,11.0
CT_ID1020,S000798,真 地獄超特急 -HELL or HELL-,DPA,12,copula,23,12.4
CT_ID1021,S000799,星屑ディスタンシア,DPA,10,copula,23,10.0
CT_ID1022,S000800,朝焼けから始まるボクらの小さな旅,DPA,11,copula,23,11.4
CT_ID1023,S000801,追想快晴テーマパーク,DPH,10,copula,23,10.0
CT_ID1024,S000801,追想快晴テーマパーク,DPA,11,copula,23,11.6
CT_ID1025,S000802,明鏡止水,DPA,11,copula,23,11.2
CT_ID1026,S000803,量子の海のリントヴルム,DPH,10,copula,23,9.6
CT_ID1027,S000803,量子の海のリントヴルム,DPA,11,copula,23,11.6
CT_ID1028,S000804,麗 ～うらら～,DPH,10,copula,23,10.0
CT_ID1029,S000804,麗 ～うらら～,DPA,11,copula,23,11.6
CT_ID1030,S000806,!Viva!,DPA,11,SINOBUZ,24,10.7
CT_ID1031,S000807,(This Is Not) The Angels,DPA,11,SINOBUZ,24,11.0
CT_ID1032,S000808,#MAGiCVLGiRL_TRVP_B3VTZ,DPA,11,SINOBUZ,24,11.2
CT_ID1033,S000809,Amazing Mirage,DPA,11,SINOBUZ,24,11.8
CT_ID2375,S000809,Amazing Mirage,DPL,12,SINOBUZ,24,12.3
CT_ID1034,S000810,AO-∞,DPA,10,SINOBUZ,24,10.7
CT_ID1035,S000811,Apocalypse,DPA,12,SINOBUZ,24,12.4
CT_ID1036,S000812,Around The Galaxy,DPH,10,SINOBUZ,24,10.5
CT_ID1037,S000812,Around The Galaxy,DPA,11,SINOBUZ,24,11.6
CT_ID1038,S000813,AsiaN distractive,DPA,11,SINOBUZ,24,11.4
CT_ID1039,S000814,BabeL ～Grand Story～,DPH,10,SINOBUZ,24,10.2
CT_ID1040,S000814,BabeL ～Grand Story～,DPA,12,SINOBUZ,24,12.1
CT_ID1041,S000815,Be A Star,DPA,11,SINOBUZ,24,11.0
CT_ID1042,S000816,Beat Juggling Mix,DPA,11,SINOBUZ,24,11.4
CT_ID1043,S000817,Believe in you,DPA,10,SINOBUZ,24,10.0
CT_ID1044,S000818,Beyond The Seven,DPA,11,SINOBUZ,24,11.4
CT_ID1045,S000819,BREAK OVER,DPA,11,SINOBUZ,24,10.5
CT_ID1046,S000820,Breakin' Chain,DPA,11,SINOBUZ,24,11.2
CT_ID1047,S000821,BroGamer,DPA,11,SINOBUZ,24,11.4
CT_ID2376,S000821,BroGamer,DPL,12,SINOBUZ,24,12.7
CT_ID1048,S000822,Caterpillar,DPH,10,SINOBUZ,24,10.0
CT_ID1049,S000822,Caterpillar,DPA,12,SINOBUZ,24,12.3
CT_ID1050,S000823,crew,DPA,11,SINOBUZ,24,11.2
CT_ID1051,S000824,Cyber True Color,DPA,11,SINOBUZ,24,10.7
CT_ID1052,S000825,DORNWALD ～Junge～,DPH,10,SINOBUZ,24,10.2
CT_ID1053,S000825,DORNWALD ～Junge～,DPA,12,SINOBUZ,24,12.3
CT_ID1054,S000826,ECHIDNA,DPH,10,SINOBUZ,24,10.5
CT_ID1055,S000826,ECHIDNA,DPA,12,SINOBUZ,24,12.5
CT_ID1056,S000827,Egret and Willow,DPA,11,SINOBUZ,24,11.0
CT_ID1057,S000828,FUZIN RIZIN,DPA,12,SINOBUZ,24,12.1
CT_ID1058,S000829,Go Ahead!!,DPH,10,SINOBUZ,24,9.6
CT_ID1059,S000829,Go Ahead!!,DPA,12,SINOBUZ,24,12.4
CT_ID1060,S000830,GuNGNiR,DPH,10,SINOBUZ,24,10.5
CT_ID1061,S000830,GuNGNiR,DPA,12,SINOBUZ,24,12.5
CT_ID2377,S000830,GuNGNiR,DPL,12,SINOBUZ,24,12.7
CT_ID1062,S000831,HADES,DPA,12,SINOBUZ,24,12.0
CT_ID1063,S000832,HAPPY★RUSH,DPA,11,SINOBUZ,24,11.8
CT_ID1064,S000833,Honey Trap,DPA,11,SINOBUZ,24,11.2
CT_ID1065,S000834,INVISIBLE STRIX,DPH,10,SINOBUZ,24,10.5
CT_ID1066,S000834,INVISIBLE STRIX,DPA,11,SINOBUZ,24,11.6
CT_ID1067,S000835,Lost wing at.0,DPA,11,SINOBUZ,24,11.4
CT_ID1068,S000836,Macuilxochitl,DPH,10,SINOBUZ,24,9.6
CT_ID1069,S000836,Macuilxochitl,DPA,11,SINOBUZ,24,11.6
CT_ID1070,S000837,Magical,DPA,10,SINOBUZ,24,10.0
CT_ID1071,S000838,Mare Nectaris,DPH,10,SINOBUZ,24,10.7
CT_ID1072,S000838,Mare Nectaris,DPA,12,SINOBUZ,24,12.7
CT_ID1073,S000839,Modular Technology,DPH,10,SINOBUZ,24,10.0
CT_ID1074,S000839,Modular Technology,DPA,11,SINOBUZ,24,11.6
CT_ID1075,S000840,Music is The Answer,DPA,10,SINOBUZ,24,10.2
CT_ID1076,S000841,nostos,DPA,11,SINOBUZ,24,11.6
CT_ID1077,S000842,OOO,DPA,10,SINOBUZ,24,10.0
CT_ID2378,S000842,OOO,DPL,11,SINOBUZ,24,11.4
CT_ID1078,S000843,OTENAMI Hurricane,DPH,10,SINOBUZ,24,10.2
CT_ID1079,S000843,OTENAMI Hurricane,DPA,12,SINOBUZ,24,12.4
CT_ID1080,S000844,PAPAYAPA BASS,DPA,11,SINOBUZ,24,10.7
CT_ID1081,S000845,Piano Samurai,DPA,10,SINOBUZ,24,10.0
CT_ID1082,S000846,Quakes,DPH,10,SINOBUZ,24,10.2
CT_ID1083,S000846,Quakes,DPA,12,SINOBUZ,24,12.3
CT_ID1084,S000847,RAIN,DPH,10,SINOBUZ,24,10.2
CT_ID1085,S000847,RAIN,DPA,12,SINOBUZ,24,12.3
CT_ID1086,S000848,Rave Cannon,DPA,12,SINOBUZ,24,12.0
CT_ID1087,S000849,Remedy feat. Kanae Asaba,DPA,10,SINOBUZ,24,10.2
CT_ID1088,S000850,ROTTERDAM SHOGUN,DPA,11,SINOBUZ,24,11.2
CT_ID1089,S000851,SAMURAI-Scramble,DPA,11,SINOBUZ,24,11.6
CT_ID2379,S000851,SAMURAI-Scramble,DPL,12,SINOBUZ,24,12.5
CT_ID1090,S000852,Sarutobi Champion is 拙者,DPA,11,SINOBUZ,24,12.0
CT_ID1091,S000853,SAY BAY,DPA,11,SINOBUZ,24,11.6
CT_ID1092,S000854,SEQUENCE CAT,DPH,10,SINOBUZ,24,10.7
CT_ID1093,S000854,SEQUENCE CAT,DPA,12,SINOBUZ,24,12.6
CT_ID1094,S000855,shuriken,DPA,11,SINOBUZ,24,10.7
CT_ID1095,S000856,SINOBUZ Fantasy,DPA,10,SINOBUZ,24,10.5
CT_ID1096,S000857,Sky High,DPH,10,SINOBUZ,24,10.5
CT_ID1097,S000857,Sky High,DPA,12,SINOBUZ,24,12.4
CT_ID1098,S000858,Snakey Kung-fu,DPH,10,SINOBUZ,24,9.6
CT_ID1099,S000858,Snakey Kung-fu,DPA,12,SINOBUZ,24,12.3
CT_ID1100,S000859,Steel Edge,DPA,11,SINOBUZ,24,11.2
CT_ID1101,S000860,Summerlights(IIDX Edition),DPA,12,SINOBUZ,24,12.1
CT_ID1102,S000861,Super Rush,DPA,12,SINOBUZ,24,12.2
CT_ID1103,S000862,Surf on the Light,DPA,10,SINOBUZ,24,10.2
CT_ID1104,S000863,The Commanders,DPA,11,SINOBUZ,24,10.7
CT_ID1105,S000864,TOGAKUSHI,DPH,10,SINOBUZ,24,10.0
CT_ID1106,S000864,TOGAKUSHI,DPA,12,SINOBUZ,24,12.0
CT_ID2487,S000864,TOGAKUSHI,DPL,12,SINOBUZ,24,12.0
CT_ID1107,S000865,Umbral,DPA,10,SINOBUZ,24,10.2
CT_ID2381,S000865,Umbral,DPL,12,SINOBUZ,24,12.2
CT_ID1108,S000866,Venom,DPH,10,SINOBUZ,24,9.6
CT_ID1109,S000866,Venom,DPA,11,SINOBUZ,24,11.2
CT_ID1110,S000867,Vermilion,DPA,10,SINOBUZ,24,10.7
CT_ID1111,S000868,Warrior,DPA,10,SINOBUZ,24,10.7
CT_ID1112,S000869,XINOBIKILL,DPA,11,SINOBUZ,24,11.6
CT_ID1113,S000870,yamabiko (SINOBUZ Edition),DPA,11,SINOBUZ,24,11.2
CT_ID1114,S000871,Yellow Sketch(RX-Ver.S.P.L.),DPA,11,SINOBUZ,24,11.6
CT_ID1115,S000872,イザナミノナゲキ,DPA,12,SINOBUZ,24,12.4
CT_ID1116,S000873,〆,DPH,10,SINOBUZ,24,10.0
CT_ID1117,S000873,〆,DPA,12,SINOBUZ,24,12.2
CT_ID1118,S000874,ディッシュウォッシャー◎彡おいわちゃん,DPA,11,SINOBUZ,24,11.4
CT_ID1119,S000875,焔極OVERKILL,DPH,10,SINOBUZ,24,10.5
CT_ID1120,S000875,焔極OVERKILL,DPA,12,SINOBUZ,24,12.5
CT_ID1121,S000876,火影,DPA,12,SINOBUZ,24,12.0
CT_ID1122,S000877,禍根,DPA,11,SINOBUZ,24,11.2
CT_ID1123,S000878,九尾狐夜行,DPA,12,SINOBUZ,24,11.8
CT_ID1124,S000879,月雪に舞う華のように,DPA,10,SINOBUZ,24,9.3
CT_ID1125,S000880,次葉 -turn the page-,DPA,10,SINOBUZ,24,10.2
CT_ID2485,S000880,次葉 -turn the page-,DPL,11,SINOBUZ,24,11.0
CT_ID1126,S000881,刃図羅,DPH,10,SINOBUZ,24,9.6
CT_ID1127,S000881,刃図羅,DPA,12,SINOBUZ,24,12.2
CT_ID1128,S000882,津軽雪,DPH,10,SINOBUZ,24,10.2
CT_ID1129,S000882,津軽雪,DPA,12,SINOBUZ,24,12.4
CT_ID1130,S000883,冬椿 ft. Kanae Asaba,DPA,10,SINOBUZ,24,9.6
CT_ID2382,S000883,冬椿 ft. Kanae Asaba,DPL,11,SINOBUZ,24,11.2
CT_ID1131,S000884,童話回廊,DPA,12,SINOBUZ,24,12.0
CT_ID1132,S000885,忍恋花,DPA,11,SINOBUZ,24,11.4
CT_ID1133,S000886,恋はどう？モロ◎波動OK☆方程式!!,DPA,10,SINOBUZ,24,10.0
CT_ID1134,S000887,鴉,DPH,10,SINOBUZ,24,10.0
CT_ID1135,S000887,鴉,DPA,11,SINOBUZ,24,11.2
CT_ID1136,S000889,255,DPA,12,CANNON BALLERS,25,12.2
CT_ID1137,S000890,1001 -ESCAPE-,DPA,10,CANNON BALLERS,25,10.5
CT_ID1138,S000891,AA -rebuild-,DPH,10,CANNON BALLERS,25,10.7
CT_ID1139,S000891,AA -rebuild-,DPA,12,CANNON BALLERS,25,12.3
CT_ID1140,S000892,Abraxas,DPA,11,CANNON BALLERS,25,11.6
CT_ID1141,S000893,ACCELERATE,DPA,10,CANNON BALLERS,25,10.2
CT_ID1142,S000894,Amor De Verao,DPA,11,CANNON BALLERS,25,10.7
CT_ID1143,S000895,ANAGMA,DPA,10,CANNON BALLERS,25,10.7
CT_ID1144,S000896,ANCHOR,DPH,10,CANNON BALLERS,25,10.2
CT_ID1145,S000896,ANCHOR,DPA,12,CANNON BALLERS,25,12.3
CT_ID1146,S000897,Antigravity,DPA,12,CANNON BALLERS,25,12.0
CT_ID1147,S000898,Arca,DPA,12,CANNON BALLERS,25,12.1
CT_ID1148,S000899,Around the Future,DPA,11,CANNON BALLERS,25,11.4
CT_ID1149,S000900,Back Spin Sweeper,DPA,11,CANNON BALLERS,25,11.8
CT_ID1150,S000901,Battleground,DPA,11,CANNON BALLERS,25,11.0
CT_ID1151,S000902,Be a Hero!,DPA,11,CANNON BALLERS,25,11.4
CT_ID1152,S000903,Best of Me,DPA,10,CANNON BALLERS,25,10.2
CT_ID1153,S000904,Boomy and The Boost,DPA,12,CANNON BALLERS,25,12.4
CT_ID1154,S000905,Break Stasis,DPA,10,CANNON BALLERS,25,10.5
CT_ID1155,S000906,ChaserXX,DPA,11,CANNON BALLERS,25,11.2
CT_ID2384,S000906,ChaserXX,DPL,12,CANNON BALLERS,25,12.4
CT_ID1156,S000907,Chemical Cookie,DPA,11,CANNON BALLERS,25,10.7
CT_ID1157,S000908,City Never Sleeps (IIDX Edition),DPA,11,CANNON BALLERS,25,11.8
CT_ID1158,S000909,DEADHEAT,DPH,10,CANNON BALLERS,25,9.3
CT_ID1159,S000909,DEADHEAT,DPA,12,CANNON BALLERS,25,12.3
CT_ID1160,S000910,DEATH†ZIGOQ ～怒りの高速爆走野郎～,DPH,10,CANNON BALLERS,25,10.5
CT_ID1161,S000910,DEATH†ZIGOQ ～怒りの高速爆走野郎～,DPA,12,CANNON BALLERS,25,12.4
CT_ID2385,S000910,DEATH†ZIGOQ ～怒りの高速爆走野郎～,DPL,12,CANNON BALLERS,25,12.7
CT_ID1162,S000911,DropZ-Line-,DPH,10,CANNON BALLERS,25,10.0
CT_ID1163,S000911,DropZ-Line-,DPA,12,CANNON BALLERS,25,12.4
CT_ID1164,S000912,Eine Haube ～聖地の果てにあるもの～,DPA,12,CANNON BALLERS,25,12.0
CT_ID1165,S000913,EMERALDAS,DPH,11,CANNON BALLERS,25,11.6
CT_ID1166,S000913,EMERALDAS,DPA,12,CANNON BALLERS,25,12.6
CT_ID1167,S000914,encounter,DPA,12,CANNON BALLERS,25,12.0
CT_ID1168,S000915,Exhaust Hype,DPA,11,CANNON BALLERS,25,10.7
CT_ID1169,S000916,Expanded !!,DPA,10,CANNON BALLERS,25,10.2
CT_ID1170,S000917,Fervidex,DPA,11,CANNON BALLERS,25,11.2
CT_ID1171,S000918,FREEDOM,DPA,11,CANNON BALLERS,25,11.6
CT_ID1172,S000919,From Time To Time,DPH,10,CANNON BALLERS,25,9.6
CT_ID1173,S000919,From Time To Time,DPA,11,CANNON BALLERS,25,10.7
CT_ID1174,S000920,FUTURE is Dead,DPA,11,CANNON BALLERS,25,10.5
CT_ID1175,S000921,HAT TRICK,DPA,10,CANNON BALLERS,25,10.5
CT_ID1176,S000922,Hella Deep,DPA,10,CANNON BALLERS,25,10.5
CT_ID1177,S000923,HYPE THE CORE,DPH,10,CANNON BALLERS,25,9.3
CT_ID1178,S000923,HYPE THE CORE,DPA,12,CANNON BALLERS,25,12.6
CT_ID1179,S000924,I Love You,DPA,11,CANNON BALLERS,25,11.2
CT_ID1180,S000925,Illusionary Waterlily,DPH,10,CANNON BALLERS,25,10.2
CT_ID1181,S000925,Illusionary Waterlily,DPA,12,CANNON BALLERS,25,12.3
CT_ID1182,S000926,Initiation,DPH,10,CANNON BALLERS,25,10.5
CT_ID1183,S000926,Initiation,DPA,12,CANNON BALLERS,25,12.6
CT_ID1184,S000927,"Life Is A Game ft.DD""ナカタ""Metal",DPH,10,CANNON BALLERS,25,10.2
CT_ID1185,S000927,"Life Is A Game ft.DD""ナカタ""Metal",DPA,12,CANNON BALLERS,25,12.4
CT_ID1186,S000928,LUV DRIVE,DPA,10,CANNON BALLERS,25,10.0
CT_ID1187,S000929,MAXIVCORD,DPA,11,CANNON BALLERS,25,11.4
CT_ID1188,S000930,n'pa pa BBQ,DPA,11,CANNON BALLERS,25,11.6
CT_ID1189,S000931,NITROUS CANNON,DPH,10,CANNON BALLERS,25,9.6
CT_ID1190,S000931,NITROUS CANNON,DPA,12,CANNON BALLERS,25,12.3
CT_ID1191,S000932,No Limit 2 dAnce feat. 大山愛未,DPA,11,CANNON BALLERS,25,11.2
CT_ID1192,S000933,Nothing but Theory,DPA,11,CANNON BALLERS,25,11.2
CT_ID1193,S000934,O/D*20,DPH,10,CANNON BALLERS,25,10.5
CT_ID1194,S000934,O/D*20,DPA,11,CANNON BALLERS,25,11.6
CT_ID2386,S000934,O/D*20,DPL,12,CANNON BALLERS,25,12.4
CT_ID1195,S000935,Only for now,DPA,10,CANNON BALLERS,25,9.6
CT_ID1196,S000936,Papilio ulysses,DPH,10,CANNON BALLERS,25,10.0
CT_ID1197,S000936,Papilio ulysses,DPA,12,CANNON BALLERS,25,12.1
CT_ID1198,S000937,Persephone,DPH,10,CANNON BALLERS,25,10.0
CT_ID1199,S000937,Persephone,DPA,12,CANNON BALLERS,25,12.0
CT_ID1200,S000938,Rampage,DPH,10,CANNON BALLERS,25,10.0
CT_ID1201,S000938,Rampage,DPA,12,CANNON BALLERS,25,12.3
CT_ID1202,S000939,Raspberry Railgun,DPH,10,CANNON BALLERS,25,10.0
CT_ID1203,S000939,Raspberry Railgun,DPA,12,CANNON BALLERS,25,12.0
CT_ID1204,S000940,REVOLVER,DPA,11,CANNON BALLERS,25,11.8
CT_ID2387,S000940,REVOLVER,DPL,12,CANNON BALLERS,25,12.5
CT_ID1205,S000941,Slipstream,DPA,12,CANNON BALLERS,25,12.3
CT_ID1206,S000942,SPEED DEMON,DPA,11,CANNON BALLERS,25,11.4
CT_ID1207,S000943,STARLIGHT JUNCTION,DPA,10,CANNON BALLERS,25,10.0
CT_ID2388,S000943,STARLIGHT JUNCTION,DPL,11,CANNON BALLERS,25,11.4
CT_ID1208,S000944,Static State,DPA,10,CANNON BALLERS,25,10.0
CT_ID1209,S000945,Temple of Anubis,DPA,11,CANNON BALLERS,25,10.7
CT_ID1210,S000946,THE CANNONBALLER,DPH,10,CANNON BALLERS,25,9.6
CT_ID1211,S000946,THE CANNONBALLER,DPA,11,CANNON BALLERS,25,12.0
CT_ID1212,S000947,The Chase,DPH,10,CANNON BALLERS,25,9.6
CT_ID1213,S000947,The Chase,DPA,12,CANNON BALLERS,25,12.2
CT_ID1214,S000948,UMMU,DPH,10,CANNON BALLERS,25,9.6
CT_ID1215,S000948,UMMU,DPA,11,CANNON BALLERS,25,11.6
CT_ID1216,S000949,Usual Days-remix,DPH,10,CANNON BALLERS,25,10.5
CT_ID1217,S000949,Usual Days-remix,DPA,12,CANNON BALLERS,25,12.4
CT_ID1218,S000950,Xperanza,DPH,10,CANNON BALLERS,25,10.0
CT_ID1219,S000950,Xperanza,DPA,12,CANNON BALLERS,25,12.2
CT_ID1220,S000951,うさ☆かめ 大戦争！,DPA,11,CANNON BALLERS,25,10.5
CT_ID1221,S000952,エディブルフラワーの独白,DPA,10,CANNON BALLERS,25,10.0
CT_ID1222,S000953,シムルグの目醒め,DPH,10,CANNON BALLERS,25,10.5
CT_ID1223,S000953,シムルグの目醒め,DPA,12,CANNON BALLERS,25,12.4
CT_ID1224,S000954,バ→ビ→ブ→Bomb!,DPA,11,CANNON BALLERS,25,11.2
CT_ID1225,S000955,ハイ*ビスカス ft. Kanae Asaba,DPA,10,CANNON BALLERS,25,10.5
CT_ID1226,S000956,バスルーム ロマンス,DPA,10,CANNON BALLERS,25,10.7
CT_ID1227,S000957,パラドキシカル・タイムリープトライアル(Short Ver.),DPA,11,CANNON BALLERS,25,11.4
CT_ID1228,S000958,ラストセンチュリーメランコリック,DPA,11,CANNON BALLERS,25,11.4
CT_ID1229,S000959,共犯ヘヴンズコード,DPA,10,CANNON BALLERS,25,10.0
CT_ID1230,S000960,純真可憐デザイア,DPA,10,CANNON BALLERS,25,10.0
CT_ID2389,S000960,純真可憐デザイア,DPL,11,CANNON BALLERS,25,11.4
CT_ID1231,S000961,神謳 -RESONANCE-,DPH,10,CANNON BALLERS,25,10.5
CT_ID1232,S000961,神謳 -RESONANCE-,DPA,12,CANNON BALLERS,25,12.3
CT_ID1233,S000962,草原の王女-軌跡を辿って-,DPA,10,CANNON BALLERS,25,10.0
CT_ID1234,S000963,東京神話,DPA,12,CANNON BALLERS,25,12.4
CT_ID1235,S000964,命の標本,DPA,11,CANNON BALLERS,25,11.6
CT_ID1236,S000966,& Intelligence,DPA,11,Rootage,26,11.8
CT_ID1237,S000967,50th Memorial Songs -Beginning Story-,DPA,11,Rootage,26,11.4
CT_ID1238,S000968,50th Memorial Songs -Flagship medley-,DPA,10,Rootage,26,11.0
CT_ID1239,S000969,50th Memorial Songs -The BEMANI History-,DPA,11,Rootage,26,11.6
CT_ID1240,S000970,50th Memorial Songs -二人の時 ～under the cherry blossoms～-,DPA,10,Rootage,26,10.5
CT_ID1241,S000971,Afterimage d'automne,DPA,12,Rootage,26,11.8
CT_ID1242,S000972,BLACK JACKAL,DPA,10,Rootage,26,10.5
CT_ID1243,S000973,BLOSSOM,DPA,10,Rootage,26,10.7
CT_ID1244,S000974,Carmina,DPH,10,Rootage,26,10.7
CT_ID1245,S000974,Carmina,DPA,12,Rootage,26,12.6
CT_ID1246,S000975,Carry Me Away,DPA,12,Rootage,26,12.0
CT_ID1247,S000976,Catch Our Fire!,DPH,10,Rootage,26,9.6
CT_ID1248,S000976,Catch Our Fire!,DPA,12,Rootage,26,12.3
CT_ID1249,S000977,CODE:0,DPH,10,Rootage,26,10.0
CT_ID1250,S000977,CODE:0,DPA,11,Rootage,26,11.2
CT_ID2390,S000977,CODE:0,DPL,12,Rootage,26,12.5
CT_ID1251,S000978,CoMAAAAAAA,DPH,10,Rootage,26,10.5
CT_ID1252,S000978,CoMAAAAAAA,DPA,10,Rootage,26,11.0
CT_ID2391,S000978,CoMAAAAAAA,DPL,12,Rootage,26,12.6
CT_ID1253,S000979,COSMIC CYBER,DPA,11,Rootage,26,11.6
CT_ID1254,S000980,Cranberry City ft. Luschel,DPA,10,Rootage,26,10.2
CT_ID1255,S000981,dAuntl3ss,DPH,10,Rootage,26,10.2
CT_ID1256,S000981,dAuntl3ss,DPA,12,Rootage,26,12.4
CT_ID1257,S000982,Dr. Chemical & Killing Machine,DPA,12,Rootage,26,12.5
CT_ID1258,S000983,Drastic Dramatic,DPH,10,Rootage,26,10.2
CT_ID1259,S000983,Drastic Dramatic,DPA,12,Rootage,26,12.1
CT_ID1260,S000984,DRUNK MONKY,DPA,11,Rootage,26,11.6
CT_ID1261,S000985,Ember Lights,DPA,11,Rootage,26,11.4
CT_ID2392,S000985,Ember Lights,DPL,12,Rootage,26,12.4
CT_ID1262,S000986,EVANESCENT,DPH,10,Rootage,26,10.2
CT_ID1263,S000986,EVANESCENT,DPA,12,Rootage,26,12.2
CT_ID1264,S000987,Garuda,DPA,11,Rootage,26,11.0
CT_ID1265,S000988,Geirskogul,DPA,10,Rootage,26,10.2
CT_ID1266,S000989,GENE,DPA,12,Rootage,26,12.1
CT_ID2393,S000989,GENE,DPL,12,Rootage,26,12.4
CT_ID1267,S000990,GIGA THRASH,DPA,12,Rootage,26,12.2
CT_ID1268,S000991,Glory,DPA,10,Rootage,26,10.7
CT_ID1269,S000992,GO OVER WITH GLARE -ROOTAGE 26-,DPH,10,Rootage,26,10.0
CT_ID1270,S000992,GO OVER WITH GLARE -ROOTAGE 26-,DPA,12,Rootage,26,12.3
CT_ID1271,S000993,HARD BRAIN,DPA,12,Rootage,26,12.3
CT_ID1272,S000994,HEISEI,DPH,10,Rootage,26,10.0
CT_ID1273,S000994,HEISEI,DPA,11,Rootage,26,11.2
CT_ID1274,S000995,IDC feat.REVERBEE (Mo'Cuts Ver),DPH,10,Rootage,26,9.3
CT_ID1275,S000995,IDC feat.REVERBEE (Mo'Cuts Ver),DPA,11,Rootage,26,11.4
CT_ID1276,S000996,IDOL syndrome.,DPA,10,Rootage,26,10.0
CT_ID2394,S000996,IDOL syndrome.,DPL,11,Rootage,26,11.8
CT_ID1277,S000997,KILL EACH OTHER,DPH,10,Rootage,26,10.0
CT_ID1278,S000997,KILL EACH OTHER,DPA,12,Rootage,26,12.3
CT_ID1279,S000998,L.F.O,DPA,12,Rootage,26,12.2
CT_ID1280,S000999,LADYBIRD,DPA,11,Rootage,26,11.6
CT_ID1281,S001000,Let me be your cure,DPA,10,Rootage,26,10.5
CT_ID1282,S001001,Lethal Weapon,DPA,12,Rootage,26,12.3
CT_ID1283,S001002,Level One,DPH,10,Rootage,26,9.6
CT_ID1284,S001002,Level One,DPA,12,Rootage,26,12.4
CT_ID1285,S001003,Lift Us High,DPA,10,Rootage,26,10.0
CT_ID1286,S001004,LOST TECHNOLOGIE,DPA,12,Rootage,26,12.4
CT_ID1287,S001005,Macho Monky,DPH,10,Rootage,26,9.6
CT_ID1288,S001005,Macho Monky,DPA,12,Rootage,26,12.1
CT_ID1289,S001006,Necroxis Girl,DPA,12,Rootage,26,12.5
CT_ID1290,S001007,"Next Tales 2 Oath (IIDX 20th Anniv ""Ring"" Theme)",DPA,11,Rootage,26,11.4
CT_ID1291,S001008,Night! Night! Night!,DPA,12,Rootage,26,12.1
CT_ID1292,S001009,ONIGOROSHI,DPH,10,Rootage,26,10.0
CT_ID1293,S001009,ONIGOROSHI,DPA,12,Rootage,26,12.1
CT_ID1294,S001010,Painful Fate,DPH,10,Rootage,26,10.2
CT_ID1295,S001010,Painful Fate,DPA,12,Rootage,26,12.4
CT_ID1296,S001011,Playing With Fire,DPA,11,Rootage,26,11.4
CT_ID1297,S001012,R∞tAge,DPA,11,Rootage,26,11.2
CT_ID1298,S001013,Red. by Jack Trance,DPH,10,Rootage,26,10.5
CT_ID1299,S001013,Red. by Jack Trance,DPA,12,Rootage,26,12.3
CT_ID1300,S001014,REPLAY,DPA,11,Rootage,26,11.2
CT_ID1301,S001015,ROCK女 feat. 大山愛未， Ken,DPA,11,Rootage,26,11.6
CT_ID1302,S001016,ruin of opals,DPH,10,Rootage,26,10.0
CT_ID1303,S001016,ruin of opals,DPA,12,Rootage,26,12.3
CT_ID1304,S001017,SPEED ROCKER,DPA,10,Rootage,26,10.7
CT_ID1305,S001018,Technicolour Dreams,DPA,10,Rootage,26,10.2
CT_ID1306,S001019,The Best of Both Worlds,DPA,10,Rootage,26,10.2
CT_ID1307,S001020,THE DAY OF JUBILATIONS,DPH,10,Rootage,26,10.0
CT_ID1308,S001020,THE DAY OF JUBILATIONS,DPA,12,Rootage,26,12.3
CT_ID1309,S001021,The Rebellion of Sequencer,DPH,10,Rootage,26,10.2
CT_ID1310,S001021,The Rebellion of Sequencer,DPA,12,Rootage,26,12.5
CT_ID1311,S001022,toy boxer,DPA,10,Rootage,26,10.0
CT_ID1312,S001023,ToyCube Pf.(RX-Ver.S.P.L.),DPA,11,Rootage,26,11.0
CT_ID1313,S001024,Trill auf G,DPH,10,Rootage,26,10.0
CT_ID1314,S001024,Trill auf G,DPA,12,Rootage,26,12.2
CT_ID1315,S001025,Unbelief,DPH,10,Rootage,26,10.2
CT_ID1316,S001025,Unbelief,DPA,12,Rootage,26,12.4
CT_ID1317,S001026,UNDERWORLD HOLOGRAPHY,DPA,11,Rootage,26,11.6
CT_ID1318,S001027,Urban Constellations,DPA,11,Rootage,26,11.8
CT_ID2397,S001027,Urban Constellations,DPL,12,Rootage,26,12.6
CT_ID1319,S001028,Visterhv,DPH,10,Rootage,26,10.0
CT_ID1320,S001028,Visterhv,DPA,12,Rootage,26,12.3
CT_ID1321,S001029,voltississimo,DPH,10,Rootage,26,10.2
CT_ID1322,S001029,voltississimo,DPA,12,Rootage,26,12.3
CT_ID1323,S001030,Wing of Hearts,DPA,11,Rootage,26,11.0
CT_ID1324,S001031,Wolf 1061,DPA,11,Rootage,26,11.8
CT_ID1325,S001032,Wonderland,DPA,11,Rootage,26,11.0
CT_ID1326,S001033,X-DEN,DPH,11,Rootage,26,11.4
CT_ID1327,S001033,X-DEN,DPA,12,Rootage,26,12.6
CT_ID1328,S001034,XENON II ～TOMOYUKIの野望～,DPA,11,Rootage,26,12.0
CT_ID1329,S001035,Xlo,DPH,10,Rootage,26,10.2
CT_ID1330,S001035,Xlo,DPA,12,Rootage,26,12.4
CT_ID1331,S001036,Yum Yum Jelly,DPA,11,Rootage,26,11.0
CT_ID1332,S001037,ZENDEGI DANCE,DPA,11,Rootage,26,11.2
CT_ID1333,S001038,おーまい！らぶりー！すうぃーてぃ！だーりん！,DPA,11,Rootage,26,11.2
CT_ID1334,S001039,お菓子の王国,DPH,10,Rootage,26,10.2
CT_ID1335,S001039,お菓子の王国,DPA,12,Rootage,26,12.4
CT_ID1336,S001040,グラナダの風,DPA,10,Rootage,26,10.5
CT_ID1337,S001041,ハードベース・フェスタ,DPA,11,Rootage,26,11.0
CT_ID1338,S001042,ミッドナイト☆WAR,DPA,11,Rootage,26,10.5
CT_ID1339,S001043,夏の匂い。キミの残像。 ft. Kanae Asaba,DPA,10,Rootage,26,10.2
CT_ID1340,S001044,花冠 feat.Aikapin,DPA,11,Rootage,26,12.0
CT_ID1341,S001045,金野火織の金色提言,DPH,10,Rootage,26,10.2
CT_ID1342,S001045,金野火織の金色提言,DPA,12,Rootage,26,12.3
CT_ID1343,S001046,最小三倍完全数,DPH,10,Rootage,26,10.0
CT_ID1344,S001046,最小三倍完全数,DPA,12,Rootage,26,12.4
CT_ID1345,S001047,泰東ノ翠霞,DPA,12,Rootage,26,12.1
CT_ID1346,S001048,爆ゼニ☆がってんワーカー,DPA,11,Rootage,26,11.2
CT_ID1347,S001049,抱きしめてモナムール,DPH,10,Rootage,26,9.3
CT_ID1348,S001049,抱きしめてモナムール,DPA,12,Rootage,26,12.3
CT_ID1349,S001050,龍王の霊廟(Mausoleum Of The Primal Dragon),DPH,10,Rootage,26,10.0
CT_ID1350,S001050,龍王の霊廟(Mausoleum Of The Primal Dragon),DPA,11,Rootage,26,11.8
CT_ID2398,S001050,龍王の霊廟(Mausoleum Of The Primal Dragon),DPL,12,Rootage,26,12.4
CT_ID1351,S001053,27th style,DPA,11,HEROIC VERSE,27,11.4
CT_ID2399,S001053,27th style,DPL,12,HEROIC VERSE,27,12.4
CT_ID1352,S001054,Advent Infamous,DPA,11,HEROIC VERSE,27,11.4
CT_ID1353,S001055,AKASHIC BREAK,DPH,10,HEROIC VERSE,27,10.0
CT_ID1354,S001055,AKASHIC BREAK,DPA,12,HEROIC VERSE,27,12.1
CT_ID1355,S001056,Artist,DPH,10,HEROIC VERSE,27,10.5
CT_ID1356,S001056,Artist,DPA,12,HEROIC VERSE,27,12.4
CT_ID1357,S001057,Backyard Stars,DPA,11,HEROIC VERSE,27,11.6
CT_ID1358,S001058,BEAT PRISONER,DPA,12,HEROIC VERSE,27,12.4
CT_ID1359,S001059,beatAffection,DPA,10,HEROIC VERSE,27,10.0
CT_ID1360,S001060,Beautiful Harmony (IIDX Mix),DPA,11,HEROIC VERSE,27,11.2
CT_ID1361,S001061,Bow shock!!,DPA,11,HEROIC VERSE,27,11.6
CT_ID2400,S001061,Bow shock!!,DPL,12,HEROIC VERSE,27,12.4
CT_ID1362,S001062,Calvados Queen,DPA,10,HEROIC VERSE,27,10.0
CT_ID2486,S001062,Calvados Queen,DPL,12,HEROIC VERSE,27,12.0
CT_ID1363,S001063,Change Yourself,DPA,11,HEROIC VERSE,27,11.2
CT_ID1364,S001064,Dans la nuit de l'eternite,DPH,10,HEROIC VERSE,27,10.2
CT_ID1365,S001064,Dans la nuit de l'eternite,DPA,12,HEROIC VERSE,27,12.3
CT_ID1366,S001065,Do What You Want,DPA,10,HEROIC VERSE,27,10.5
CT_ID1367,S001066,Double Dribble,DPH,10,HEROIC VERSE,27,9.6
CT_ID1368,S001066,Double Dribble,DPA,12,HEROIC VERSE,27,12.2
CT_ID1369,S001067,EROICA,DPH,10,HEROIC VERSE,27,10.0
CT_ID1370,S001067,EROICA,DPA,12,HEROIC VERSE,27,12.7
CT_ID1371,S001068,Everlasting Message,DPH,11,HEROIC VERSE,27,11.2
CT_ID1372,S001068,Everlasting Message,DPA,12,HEROIC VERSE,27,12.5
CT_ID1373,S001069,Fly Above (Vicissitude Remix),DPA,10,HEROIC VERSE,27,10.2
CT_ID1374,S001070,Forgetting Machine,DPA,10,HEROIC VERSE,27,10.0
CT_ID1375,S001071,Friction[!]Function,DPA,12,HEROIC VERSE,27,12.2
CT_ID1376,S001072,GHOST,DPA,11,HEROIC VERSE,27,11.2
CT_ID1377,S001073,GIGA VIOLATE,DPA,11,HEROIC VERSE,27,11.4
CT_ID1378,S001074,Hold My Hand,DPA,10,HEROIC VERSE,27,10.2
CT_ID1379,S001075,If,DPA,10,HEROIC VERSE,27,10.5
CT_ID1380,S001076,Inferno of Fomalhaut,DPA,12,HEROIC VERSE,27,12.5
CT_ID1381,S001077,Infinity Mirror,DPA,10,HEROIC VERSE,27,10.7
CT_ID1382,S001078,Into The Madness,DPA,11,HEROIC VERSE,27,11.6
CT_ID1383,S001079,LASER CRUSTER (IGNITE REMIX),DPA,12,HEROIC VERSE,27,12.3
CT_ID1384,S001080,Level 2,DPH,10,HEROIC VERSE,27,9.6
CT_ID1385,S001080,Level 2,DPA,12,HEROIC VERSE,27,12.4
CT_ID1386,S001081,LIGHTNING STRIKES,DPA,12,HEROIC VERSE,27,12.3
CT_ID2401,S001081,LIGHTNING STRIKES,DPL,12,HEROIC VERSE,27,12.6
CT_ID1387,S001082,Like+it!,DPA,11,HEROIC VERSE,27,11.4
CT_ID1388,S001083,Lords Of The Roundtable,DPH,10,HEROIC VERSE,27,9.3
CT_ID1389,S001083,Lords Of The Roundtable,DPA,12,HEROIC VERSE,27,12.3
CT_ID1390,S001084,Lost Souls,DPA,11,HEROIC VERSE,27,11.2
CT_ID2402,S001084,Lost Souls,DPL,12,HEROIC VERSE,27,12.6
CT_ID1391,S001085,Matt Silver,DPA,12,HEROIC VERSE,27,12.3
CT_ID1392,S001086,Megalara Garuda,DPH,10,HEROIC VERSE,27,10.2
CT_ID1393,S001086,Megalara Garuda,DPA,12,HEROIC VERSE,27,12.2
CT_ID1394,S001087,Moving on,DPA,11,HEROIC VERSE,27,11.4
CT_ID1395,S001088,Nasty Techniques,DPA,11,HEROIC VERSE,27,11.4
CT_ID1396,S001089,ORCA,DPH,10,HEROIC VERSE,27,10.2
CT_ID1397,S001089,ORCA,DPA,12,HEROIC VERSE,27,12.4
CT_ID1398,S001090,OUTER PLANETS,DPA,10,HEROIC VERSE,27,10.2
CT_ID1399,S001091,Override,DPA,11,HEROIC VERSE,27,11.4
CT_ID2404,S001091,Override,DPL,12,HEROIC VERSE,27,12.6
CT_ID1400,S001092,PHASE SHIFT MANEUVER,DPA,11,HEROIC VERSE,27,11.0
CT_ID1401,S001093,Primitive Vibes,DPA,12,HEROIC VERSE,27,11.8
CT_ID1402,S001094,Queen Kaguya,DPA,11,HEROIC VERSE,27,11.4
CT_ID1403,S001095,Rainstorm,DPA,10,HEROIC VERSE,27,10.2
CT_ID1404,S001096,Rave Patroller,DPH,10,HEROIC VERSE,27,10.7
CT_ID1405,S001096,Rave Patroller,DPA,12,HEROIC VERSE,27,12.1
CT_ID1406,S001097,rough percussionythm,DPA,11,HEROIC VERSE,27,11.4
CT_ID1407,S001098,S!ck (Nhato Remix),DPA,11,HEROIC VERSE,27,11.6
CT_ID1408,S001099,SCREW // owo // SCREW,DPA,12,HEROIC VERSE,27,12.3
CT_ID1409,S001100,Shiva,DPA,11,HEROIC VERSE,27,10.7
CT_ID1410,S001101,Silly Love,DPA,10,HEROIC VERSE,27,10.2
CT_ID1411,S001102,Ska-sh All Neurons!!,DPA,10,HEROIC VERSE,27,10.0
CT_ID1412,S001103,Smashing Wedge,DPH,10,HEROIC VERSE,27,10.5
CT_ID1413,S001103,Smashing Wedge,DPA,12,HEROIC VERSE,27,12.5
CT_ID1414,S001104,Sparkle Smilin',DPA,11,HEROIC VERSE,27,11.4
CT_ID1415,S001105,STOIC HYPOTHESIS,DPA,11,HEROIC VERSE,27,11.2
CT_ID1416,S001106,Sugar Drippin',DPA,10,HEROIC VERSE,27,10.5
CT_ID1417,S001107,T-REX vs Velociraptor (In the Far east euphoria),DPA,12,HEROIC VERSE,27,12.1
CT_ID1418,S001108,take me higher,DPA,10,HEROIC VERSE,27,10.2
CT_ID1419,S001109,TECHNO Style Essentials,DPA,12,HEROIC VERSE,27,12.3
CT_ID1420,S001110,THE BRAVE MUST DIE,DPH,10,HEROIC VERSE,27,10.0
CT_ID1421,S001110,THE BRAVE MUST DIE,DPA,12,HEROIC VERSE,27,12.4
CT_ID1422,S001111,THE F∀UST,DPH,10,HEROIC VERSE,27,10.5
CT_ID1423,S001111,THE F∀UST,DPA,12,HEROIC VERSE,27,12.5
CT_ID1424,S001112,The Sky of Sadness,DPA,11,HEROIC VERSE,27,11.4
CT_ID1425,S001113,Theory,DPA,11,HEROIC VERSE,27,11.4
CT_ID1426,S001114,TRIUMPH,DPA,12,HEROIC VERSE,27,12.2
CT_ID1427,S001115,UNITE THE HEART,DPH,10,HEROIC VERSE,27,9.3
CT_ID1428,S001115,UNITE THE HEART,DPA,11,HEROIC VERSE,27,11.4
CT_ID1429,S001116,VALKYRIAS -英雄誕生-,DPA,11,HEROIC VERSE,27,11.2
CT_ID1430,S001117,VIBRΛ,DPA,10,HEROIC VERSE,27,10.2
CT_ID1431,S001118,Vinculum stellarum,DPH,10,HEROIC VERSE,27,10.5
CT_ID1432,S001118,Vinculum stellarum,DPA,12,HEROIC VERSE,27,12.3
CT_ID1433,S001119,Virus Funk,DPA,10,HEROIC VERSE,27,10.2
CT_ID1434,S001120,Volcanic Dragon,DPA,11,HEROIC VERSE,27,11.2
CT_ID1435,S001121,Voo Doo Bamboleo,DPA,10,HEROIC VERSE,27,10.2
CT_ID1436,S001122,Ypsilon,DPA,11,HEROIC VERSE,27,11.2
CT_ID2405,S001122,Ypsilon,DPL,12,HEROIC VERSE,27,12.2
CT_ID1437,S001123,がっつり陰キャ!? 怪盗いいんちょの億劫^^;,DPH,10,HEROIC VERSE,27,10.5
CT_ID1438,S001123,がっつり陰キャ!? 怪盗いいんちょの億劫^^;,DPA,12,HEROIC VERSE,27,12.4
CT_ID1439,S001124,シャムシールの舞,DPA,11,HEROIC VERSE,27,11.6
CT_ID1440,S001125,セピアの軌跡 ft. 天宮みや(少女フラクタル),DPA,10,HEROIC VERSE,27,9.6
CT_ID1441,S001126,バッドエンド・シンドローム,DPA,11,HEROIC VERSE,27,11.6
CT_ID1442,S001127,ピアノ協奏曲第1番”蠍火” (BlackY Remix),DPH,10,HEROIC VERSE,27,10.0
CT_ID1443,S001127,ピアノ協奏曲第1番”蠍火” (BlackY Remix),DPA,12,HEROIC VERSE,27,12.6
CT_ID1444,S001128,ラブキラ☆スプラッシュ,DPA,10,HEROIC VERSE,27,10.2
CT_ID1445,S001129,ランカーキラーガール,DPA,11,HEROIC VERSE,27,11.0
CT_ID1446,S001130,華麗なる大犬円舞曲,DPH,10,HEROIC VERSE,27,10.0
CT_ID1447,S001130,華麗なる大犬円舞曲,DPA,12,HEROIC VERSE,27,12.3
CT_ID1448,S001131,開きたまえ！Next stAge！,DPH,10,HEROIC VERSE,27,9.3
CT_ID1449,S001131,開きたまえ！Next stAge！,DPA,11,HEROIC VERSE,27,11.2
CT_ID1450,S001132,狂水一華,DPA,11,HEROIC VERSE,27,11.2
CT_ID1451,S001133,灼熱Beach Side Bunny (Masayoshi Iimori Remix),DPA,10,HEROIC VERSE,27,10.2
CT_ID1452,S001134,深淵に捧ぐレクイエム,DPA,12,HEROIC VERSE,27,12.0
CT_ID1453,S001135,魅惑のYUMMYスイーツ,DPA,12,HEROIC VERSE,27,12.5
CT_ID1454,S001136,眠りの国のステラ,DPA,11,HEROIC VERSE,27,11.2
CT_ID1455,S001137,錬成人間トリコロイダー,DPA,11,HEROIC VERSE,27,11.4
CT_ID1456,S001138,曼荼羅恋々,DPA,11,HEROIC VERSE,27,11.0
CT_ID1457,S001140,-65℃,DPH,10,BISTROVER,28,10.0
CT_ID1458,S001140,-65℃,DPA,12,BISTROVER,28,12.5
CT_ID1459,S001141,∀,DPH,10,BISTROVER,28,9.6
CT_ID1460,S001141,∀,DPA,12,BISTROVER,28,12.5
CT_ID1461,S001142,ABSOLUTE (kors k Remix),DPA,11,BISTROVER,28,11.0
CT_ID1462,S001143,Ah Hah Yeah,DPA,11,BISTROVER,28,10.7
CT_ID1463,S001144,AMRITA -不滅ノ花-,DPA,11,BISTROVER,28,11.2
CT_ID1464,S001145,apo:llioth,DPA,11,BISTROVER,28,11.4
CT_ID1465,S001146,As You Want,DPA,10,BISTROVER,28,10.0
CT_ID1466,S001147,ASIAN VIRTUAL REALITIES (MELTING TOGETHER IN DAZZLING DARKNESS),DPA,12,BISTROVER,28,12.3
CT_ID1467,S001148,BIGソムタム,DPH,10,BISTROVER,28,9.6
CT_ID1468,S001148,BIGソムタム,DPA,12,BISTROVER,28,12.1
CT_ID1469,S001149,BLACK or WHITE?,DPH,10,BISTROVER,28,10.2
CT_ID1470,S001149,BLACK or WHITE?,DPA,12,BISTROVER,28,12.4
CT_ID1471,S001150,Burning Flame,DPA,11,BISTROVER,28,11.2
CT_ID2406,S001150,Burning Flame,DPL,12,BISTROVER,28,12.3
CT_ID1472,S001151,Chewingood!!!,DPA,10,BISTROVER,28,10.2
CT_ID1473,S001152,COSMIC RAY,DPH,10,BISTROVER,28,10.7
CT_ID1474,S001152,COSMIC RAY,DPA,12,BISTROVER,28,12.4
CT_ID1475,S001153,Crazy Jackpot,DPA,11,BISTROVER,28,11.4
CT_ID1476,S001154,Danza Aestas,DPA,11,BISTROVER,28,11.8
CT_ID1477,S001155,Dawn Saga,DPA,12,BISTROVER,28,12.1
CT_ID1478,S001156,DENIM,DPH,10,BISTROVER,28,10.0
CT_ID1479,S001156,DENIM,DPA,11,BISTROVER,28,11.6
CT_ID1480,S001157,DUAL STRIKER,DPH,10,BISTROVER,28,10.2
CT_ID1481,S001157,DUAL STRIKER,DPA,12,BISTROVER,28,12.4
CT_ID1482,S001158,Empire of Fury,DPH,10,BISTROVER,28,10.0
CT_ID1483,S001158,Empire of Fury,DPA,12,BISTROVER,28,12.3
CT_ID1484,S001159,Euphoric Lagoon,DPA,10,BISTROVER,28,10.2
CT_ID1485,S001160,Explorer feat. ぷにぷに電機,DPA,10,BISTROVER,28,9.6
CT_ID2407,S001160,Explorer feat. ぷにぷに電機,DPL,11,BISTROVER,28,10.7
CT_ID1486,S001161,Farewell to Marrakech,DPA,11,BISTROVER,28,11.6
CT_ID1487,S001162,Fire Beat,DPH,10,BISTROVER,28,9.6
CT_ID1488,S001162,Fire Beat,DPA,12,BISTROVER,28,11.8
CT_ID1489,S001163,Frisk And Squeak,DPA,10,BISTROVER,28,10.2
CT_ID1490,S001164,GIGA RAID,DPA,11,BISTROVER,28,11.4
CT_ID1491,S001165,Globe Glitter,DPA,11,BISTROVER,28,11.4
CT_ID1492,S001166,Here We Are,DPA,10,BISTROVER,28,10.2
CT_ID1493,S001167,HIGH VOLTAGE,DPA,10,BISTROVER,28,10.0
CT_ID1494,S001168,Ignis†Irae,DPH,10,BISTROVER,28,10.0
CT_ID1495,S001168,Ignis†Irae,DPA,12,BISTROVER,28,12.4
CT_ID1496,S001169,IIDX RED Ending (Ryu☆Remix),DPA,10,BISTROVER,28,10.5
CT_ID1497,S001170,innocent revolver,DPH,10,BISTROVER,28,10.0
CT_ID1498,S001170,innocent revolver,DPA,12,BISTROVER,28,12.3
CT_ID1499,S001171,Jungle Eater,DPA,11,BISTROVER,28,11.8
CT_ID1500,S001172,LAST DAY,DPA,11,BISTROVER,28,11.6
CT_ID1501,S001173,Level 3,DPH,10,BISTROVER,28,10.2
CT_ID1502,S001173,Level 3,DPA,12,BISTROVER,28,12.4
CT_ID1503,S001174,LOCUS OF THE TRAVEL,DPH,10,BISTROVER,28,10.2
CT_ID1504,S001174,LOCUS OF THE TRAVEL,DPA,12,BISTROVER,28,12.4
CT_ID1505,S001175,Lovely Howdy Cowboy!!,DPA,11,BISTROVER,28,11.0
CT_ID1506,S001176,MA・TSU・RI,DPA,11,BISTROVER,28,11.2
CT_ID1507,S001177,MEGAERA,DPH,10,BISTROVER,28,10.2
CT_ID1508,S001177,MEGAERA,DPA,12,BISTROVER,28,12.5
CT_ID1509,S001178,Midnight Drive,DPA,10,BISTROVER,28,10.0
CT_ID1510,S001179,MOVE! (We Keep It Movin'),DPA,10,BISTROVER,28,10.2
CT_ID1511,S001180,Neo Heritage,DPA,11,BISTROVER,28,11.2
CT_ID1512,S001181,Ocean Blue feat. Luschel,DPA,10,BISTROVER,28,10.5
CT_ID1513,S001182,of the first magnitude,DPA,11,BISTROVER,28,11.4
CT_ID1514,S001183,OTOKOZAKA,DPA,12,BISTROVER,28,12.1
CT_ID1515,S001184,Overslept,DPA,11,BISTROVER,28,11.6
CT_ID1516,S001185,Para siempre,DPA,11,BISTROVER,28,11.0
CT_ID1517,S001186,Parvati,DPA,12,BISTROVER,28,11.8
CT_ID1518,S001187,POLKAMANIA,DPA,11,BISTROVER,28,11.8
CT_ID2408,S001187,POLKAMANIA,DPL,12,BISTROVER,28,12.3
CT_ID1519,S001188,Rejection Girl,DPA,11,BISTROVER,28,11.6
CT_ID1520,S001189,Ritual of Anubis,DPA,11,BISTROVER,28,11.4
CT_ID1521,S001190,Romanticが止まらない,DPA,11,BISTROVER,28,11.2
CT_ID1522,S001191,rommmo,DPA,11,BISTROVER,28,11.6
CT_ID1523,S001192,Rosa azuL,DPA,11,BISTROVER,28,11.6
CT_ID1524,S001193,Rowdy,DPA,11,BISTROVER,28,11.2
CT_ID1525,S001194,Rubrum Piano,DPA,12,BISTROVER,28,12.0
CT_ID1526,S001195,Sinus Iridum,DPH,11,BISTROVER,28,10.7
CT_ID1527,S001195,Sinus Iridum,DPA,12,BISTROVER,28,12.6
CT_ID1528,S001196,smooooch・∀・ (Snail's House Remix),DPA,10,BISTROVER,28,10.2
CT_ID1529,S001197,SOLID STATE SQUAD -RISEN RELIC REMIX-,DPH,10,BISTROVER,28,10.5
CT_ID1530,S001197,SOLID STATE SQUAD -RISEN RELIC REMIX-,DPA,12,BISTROVER,28,12.3
CT_ID1531,S001198,Sugarplum,DPA,10,BISTROVER,28,10.2
CT_ID1532,S001199,Swarm Of Scarabs,DPA,11,BISTROVER,28,11.4
CT_ID1533,S001200,Tell me what you wish feat.らっぷびと,DPA,11,BISTROVER,28,11.2
CT_ID1534,S001201,That Feeling,DPA,10,BISTROVER,28,10.2
CT_ID1535,S001202,THE PEERLESS UNDER HEAVEN,DPH,10,BISTROVER,28,10.0
CT_ID1536,S001202,THE PEERLESS UNDER HEAVEN,DPA,12,BISTROVER,28,12.4
CT_ID1537,S001203,The Wind of China Express(The 4th Mashup),DPA,10,BISTROVER,28,10.5
CT_ID1538,S001204,Tiempo Loco,DPH,10,BISTROVER,28,10.2
CT_ID1539,S001204,Tiempo Loco,DPA,12,BISTROVER,28,12.3
CT_ID1540,S001205,Viridian,DPH,10,BISTROVER,28,10.0
CT_ID1541,S001205,Viridian,DPA,12,BISTROVER,28,12.4
CT_ID1542,S001206,Vitrum,DPA,12,BISTROVER,28,12.1
CT_ID1543,S001207,WAKE UP NOW,DPA,10,BISTROVER,28,10.0
CT_ID2409,S001207,WAKE UP NOW,DPL,11,BISTROVER,28,11.6
CT_ID1544,S001208,When I Met U,DPA,10,BISTROVER,28,9.3
CT_ID1545,S001209,Winner's Proof ft. KANASA from bless4,DPA,10,BISTROVER,28,10.0
CT_ID1546,S001210,X-ray binary,DPA,11,BISTROVER,28,11.4
CT_ID1547,S001211,Zenith,DPA,11,BISTROVER,28,11.8
CT_ID1548,S001212,ここからよろしく大作戦143,DPA,10,BISTROVER,28,10.2
CT_ID2410,S001212,ここからよろしく大作戦143,DPL,11,BISTROVER,28,11.4
CT_ID1549,S001213,スーパー戦湯ババンバーン,DPH,10,BISTROVER,28,9.0
CT_ID1550,S001213,スーパー戦湯ババンバーン,DPA,12,BISTROVER,28,12.1
CT_ID1551,S001214,ディスコルディア,DPH,10,BISTROVER,28,10.2
CT_ID1552,S001214,ディスコルディア,DPA,12,BISTROVER,28,12.6
CT_ID1553,S001215,バッド・スイーツ、バッド・ドリーム,DPA,12,BISTROVER,28,12.0
CT_ID1554,S001216,新宝島,DPA,10,BISTROVER,28,10.2
CT_ID2411,S001216,新宝島,DPL,12,BISTROVER,28,12.3
CT_ID1555,S001217,水鏡の異界,DPA,12,BISTROVER,28,12.3
CT_ID1556,S001218,水無月の雫 ft. 小林まな,DPA,11,BISTROVER,28,11.2
CT_ID1557,S001219,世界の果てに約束の凱歌を -ReUnion-,DPA,12,BISTROVER,28,12.3
CT_ID1558,S001220,二人ノ廃城幽踊宴,DPH,10,BISTROVER,28,10.5
CT_ID1559,S001220,二人ノ廃城幽踊宴,DPA,12,BISTROVER,28,12.5
CT_ID1560,S001221,伐折羅-vajra-,DPH,10,BISTROVER,28,10.0
CT_ID1561,S001221,伐折羅-vajra-,DPA,12,BISTROVER,28,12.5
CT_ID1562,S001222,魔法のかくれんぼ,DPA,12,BISTROVER,28,12.3
CT_ID1563,S001223,無意識のフィロソフィア,DPA,11,BISTROVER,28,11.2
CT_ID1564,S001224,霧幻メモリア,DPA,10,BISTROVER,28,10.7
CT_ID1565,S001225,乱膳の舞姫,DPA,11,BISTROVER,28,11.2
CT_ID1566,S001226,涙のテ・エストラーニョ・ムーチョ,DPA,11,BISTROVER,28,11.8
CT_ID1567,S001227,儚き恋の華,DPA,11,BISTROVER,28,11.2
CT_ID1568,S001228,閠槞彁の願い,DPH,10,BISTROVER,28,10.2
CT_ID1569,S001228,閠槞彁の願い,DPA,12,BISTROVER,28,12.5
CT_ID1570,S001229,《GRANDMASTER》,DPA,11,CastHour,29,11.6
CT_ID1571,S001230,10000 MILES AWAY,DPA,11,CastHour,29,11.4
CT_ID1572,S001231,2 Beasts Unchained,DPH,10,CastHour,29,10.2
CT_ID1573,S001231,2 Beasts Unchained,DPA,12,CastHour,29,12.4
CT_ID1574,S001232,ABSOLUTE EVIL,DPH,10,CastHour,29,10.5
CT_ID1575,S001232,ABSOLUTE EVIL,DPA,12,CastHour,29,12.4
CT_ID1576,S001233,Aftermath,DPH,10,CastHour,29,10.0
CT_ID1577,S001233,Aftermath,DPA,12,CastHour,29,12.3
CT_ID1578,S001234,ALTERNATOR,DPH,10,CastHour,29,10.2
CT_ID1579,S001234,ALTERNATOR,DPA,12,CastHour,29,12.3
CT_ID1580,S001235,AMICABLE,DPA,10,CastHour,29,10.5
CT_ID1581,S001236,ANEMONE,DPA,10,CastHour,29,9.3
CT_ID1582,S001237,Angel's Ladder,DPH,10,CastHour,29,10.2
CT_ID1583,S001237,Angel's Ladder,DPA,12,CastHour,29,12.3
CT_ID1584,S001238,Ariah,DPA,10,CastHour,29,10.0
CT_ID1585,S001239,Arkadia,DPA,12,CastHour,29,12.5
CT_ID1586,S001240,Banger Banger Banger Banger,DPA,11,CastHour,29,11.4
CT_ID1587,S001241,Binary Black Hole,DPH,10,CastHour,29,10.5
CT_ID1588,S001241,Binary Black Hole,DPA,12,CastHour,29,12.6
CT_ID1589,S001242,Brave Spirits,DPA,10,CastHour,29,10.7
CT_ID1590,S001243,DISPARATE,DPA,11,CastHour,29,11.8
CT_ID1591,S001244,Divine Heaven,DPA,11,CastHour,29,11.6
CT_ID1592,S001245,Don't believe the hype,DPH,10,CastHour,29,10.0
CT_ID1593,S001245,Don't believe the hype,DPA,12,CastHour,29,12.3
CT_ID1594,S001246,DREAM OF SPACE UFO ABDUCTION,DPA,11,CastHour,29,11.4
CT_ID1595,S001247,Emera,DPA,11,CastHour,29,11.6
CT_ID1596,S001248,EMOTiON TRiPPER,DPA,10,CastHour,29,9.6
CT_ID1597,S001249,Ergosphere,DPA,11,CastHour,29,11.8
CT_ID1598,S001250,Fegrix,DPH,10,CastHour,29,10.0
CT_ID1599,S001250,Fegrix,DPA,12,CastHour,29,12.3
CT_ID1600,S001251,FINALLY BLAZE,DPA,11,CastHour,29,11.0
CT_ID1601,S001252,Flying Castle,DPH,10,CastHour,29,10.0
CT_ID1602,S001252,Flying Castle,DPA,12,CastHour,29,12.4
CT_ID1603,S001253,Game Changers,DPA,11,CastHour,29,11.6
CT_ID1604,S001254,Get set， Go! feat.Kanae Asaba,DPA,10,CastHour,29,10.0
CT_ID1605,S001255,GiGaGaHell,DPH,10,CastHour,29,9.6
CT_ID1606,S001255,GiGaGaHell,DPA,12,CastHour,29,12.2
CT_ID1607,S001256,GRAVITON,DPH,10,CastHour,29,9.3
CT_ID1608,S001256,GRAVITON,DPA,12,CastHour,29,12.4
CT_ID1609,S001257,hard-wired,DPH,10,CastHour,29,10.2
CT_ID1610,S001257,hard-wired,DPA,12,CastHour,29,12.5
CT_ID1611,S001258,Harmonia,DPA,10,CastHour,29,10.0
CT_ID1612,S001259,Hat Surprise,DPA,11,CastHour,29,10.7
CT_ID1613,S001260,HEARTACHE,DPA,10,CastHour,29,9.6
CT_ID1614,S001261,kors k's How to make OTOGE CORE,DPA,11,CastHour,29,11.6
CT_ID1615,S001262,Lawes's Parotia,DPA,11,CastHour,29,11.0
CT_ID1616,S001263,LIVE DRIVING!! feat. 花たん,DPH,10,CastHour,29,10.0
CT_ID1617,S001263,LIVE DRIVING!! feat. 花たん,DPA,12,CastHour,29,12.3
CT_ID1618,S001264,N.O.,DPA,10,CastHour,29,10.2
CT_ID1619,S001265,n/a,DPH,10,CastHour,29,9.3
CT_ID1620,S001265,n/a,DPA,12,CastHour,29,12.7
CT_ID1621,S001266,No Day But Today!,DPA,10,CastHour,29,10.0
CT_ID1622,S001267,Nocturnal 2097,DPA,11,CastHour,29,11.6
CT_ID1623,S001268,Non Stop Rock,DPA,10,CastHour,29,10.5
CT_ID1624,S001269,One for All,DPA,12,CastHour,29,12.1
CT_ID1625,S001270,Onyx,DPA,11,CastHour,29,11.2
CT_ID1626,S001271,P.O.W.E.R.,DPA,10,CastHour,29,10.2
CT_ID1627,S001272,PIRATES BLADE,DPA,10,CastHour,29,10.0
CT_ID1628,S001273,PLASMA SOUL NIGHT feat. Nana Takahashi / 709sec.,DPH,10,CastHour,29,10.2
CT_ID1629,S001273,PLASMA SOUL NIGHT feat. Nana Takahashi / 709sec.,DPA,12,CastHour,29,12.4
CT_ID1630,S001274,Pout,DPA,11,CastHour,29,11.2
CT_ID1631,S001275,Prohibited Props,DPA,10,CastHour,29,10.5
CT_ID2412,S001275,Prohibited Props,DPL,11,CastHour,29,11.8
CT_ID1632,S001276,Purple Perplex,DPH,10,CastHour,29,10.2
CT_ID1633,S001276,Purple Perplex,DPA,12,CastHour,29,12.3
CT_ID1634,S001277,Push on Beats!～音ゲの国のeX-ストリーマー～,DPA,12,CastHour,29,12.3
CT_ID1635,S001278,RAGE feat.H14 of LEONAIR,DPH,10,CastHour,29,10.0
CT_ID1636,S001278,RAGE feat.H14 of LEONAIR,DPA,12,CastHour,29,12.5
CT_ID1637,S001279,Silver Bullet,DPH,10,CastHour,29,9.6
CT_ID1638,S001279,Silver Bullet,DPA,12,CastHour,29,12.4
CT_ID1639,S001280,Smalt #28598F,DPH,10,CastHour,29,10.0
CT_ID1640,S001280,Smalt #28598F,DPA,12,CastHour,29,12.2
CT_ID1641,S001281,SOLID WYVERN,DPA,11,CastHour,29,11.0
CT_ID2413,S001281,SOLID WYVERN,DPL,12,CastHour,29,12.6
CT_ID1642,S001282,Souhait bleu,DPA,11,CastHour,29,11.8
CT_ID1643,S001283,SPARK IN THE NIGHT,DPA,10,CastHour,29,10.2
CT_ID1644,S001284,Stepper,DPA,10,CastHour,29,9.6
CT_ID1645,S001285,Tail Lights,DPA,11,CastHour,29,11.6
CT_ID1646,S001286,TOMAHAWK,DPH,10,CastHour,29,10.2
CT_ID1647,S001286,TOMAHAWK,DPA,12,CastHour,29,12.3
CT_ID1648,S001287,Triple Cross,DPH,10,CastHour,29,10.2
CT_ID1649,S001287,Triple Cross,DPA,12,CastHour,29,12.3
CT_ID1650,S001288,Ventriloquist,DPA,11,CastHour,29,10.7
CT_ID1651,S001289,Victory Of Ravers,DPA,10,CastHour,29,10.0
CT_ID1652,S001290,WHA,DPH,10,CastHour,29,10.2
CT_ID1653,S001290,WHA,DPA,12,CastHour,29,12.5
CT_ID1654,S001291,Wonderful Escape,DPA,10,CastHour,29,10.0
CT_ID1655,S001292,Xyndrome,DPA,11,CastHour,29,11.6
CT_ID1656,S001293,アクマフカ,DPA,10,CastHour,29,10.0
CT_ID1657,S001294,ウツシミウツシ,DPA,11,CastHour,29,11.8
CT_ID1658,S001295,オールトの雲,DPA,11,CastHour,29,11.4
CT_ID1659,S001296,オドループ,DPA,10,CastHour,29,10.0
CT_ID2414,S001296,オドループ,DPL,11,CastHour,29,11.2
CT_ID1660,S001297,グッバイ宣言,DPA,11,CastHour,29,11.4
CT_ID2415,S001297,グッバイ宣言,DPL,12,CastHour,29,12.2
CT_ID1661,S001298,シル・ヴ・プレジデント,DPA,10,CastHour,29,9.6
CT_ID2416,S001298,シル・ヴ・プレジデント,DPL,11,CastHour,29,11.4
CT_ID1662,S001299,ナイトフィクション,DPA,10,CastHour,29,10.5
CT_ID1663,S001300,ハイテックトキオ,DPA,11,CastHour,29,11.4
CT_ID2417,S001300,ハイテックトキオ,DPL,12,CastHour,29,12.2
CT_ID1664,S001301,"ピアノ独奏無言歌 ""灰燼""",DPH,10,CastHour,29,10.5
CT_ID1665,S001301,"ピアノ独奏無言歌 ""灰燼""",DPA,12,CastHour,29,12.6
CT_ID1666,S001302,ミュージック・アワー,DPA,11,CastHour,29,11.0
CT_ID2418,S001302,ミュージック・アワー,DPL,12,CastHour,29,12.4
CT_ID1667,S001303,めでてえ,DPA,10,CastHour,29,10.2
CT_ID1668,S001304,愛しくてラヴィンユー ft. マナ,DPA,10,CastHour,29,10.2
CT_ID1669,S001305,怪物,DPA,10,CastHour,29,10.2
CT_ID2419,S001305,怪物,DPL,11,CastHour,29,11.6
CT_ID1670,S001306,逆月,DPH,10,CastHour,29,10.2
CT_ID1671,S001306,逆月,DPA,12,CastHour,29,12.4
CT_ID1672,S001307,月とミルク,DPA,11,CastHour,29,11.0
CT_ID1673,S001308,口カラ凸ゲキ,DPA,10,CastHour,29,10.0
CT_ID1674,S001309,青の洞窟,DPA,11,CastHour,29,11.8
CT_ID1675,S001310,雪上断火,DPH,10,CastHour,29,9.0
CT_ID1676,S001310,雪上断火,DPA,12,CastHour,29,12.0
CT_ID1677,S001311,天邪鬼,DPA,12,CastHour,29,12.4
CT_ID1678,S001312,烽火連天の刃,DPH,10,CastHour,29,10.5
CT_ID1679,S001312,烽火連天の刃,DPA,12,CastHour,29,12.4
CT_ID1680,S001313,禊,DPH,10,CastHour,29,10.0
CT_ID1681,S001313,禊,DPA,12,CastHour,29,12.1
CT_ID1682,S001314,[ ]DENTITY,DPH,10,RESIDENT,30,9.6
CT_ID1683,S001314,[ ]DENTITY,DPA,12,RESIDENT,30,12.4
CT_ID1684,S001315,《ORDERBREAKER》,DPA,11,RESIDENT,30,11.2
CT_ID1685,S001316,#CMFLG,DPH,10,RESIDENT,30,10.0
CT_ID1686,S001316,#CMFLG,DPA,12,RESIDENT,30,12.0
CT_ID1687,S001317,≡+≡,DPH,10,RESIDENT,30,9.0
CT_ID1688,S001317,≡+≡,DPA,11,RESIDENT,30,11.8
CT_ID2423,S001317,≡+≡,DPL,12,RESIDENT,30,12.4
CT_ID1689,S001318,■□模様,DPA,10,RESIDENT,30,10.5
CT_ID1690,S001319,24h Endurance Race,DPH,10,RESIDENT,30,10.2
CT_ID1691,S001319,24h Endurance Race,DPA,12,RESIDENT,30,12.3
CT_ID1692,S001320,3V0,DPA,11,RESIDENT,30,11.6
CT_ID1693,S001321,7 Colors,DPA,10,RESIDENT,30,10.2
CT_ID1694,S001322,Always We Trust In You,DPA,12,RESIDENT,30,12.2
CT_ID1695,S001323,Ambush Ace,DPA,11,RESIDENT,30,11.4
CT_ID1696,S001324,AWA AWA,DPA,10,RESIDENT,30,10.5
CT_ID1697,S001325,B.O.D.Y.,DPH,10,RESIDENT,30,10.5
CT_ID1698,S001325,B.O.D.Y.,DPA,12,RESIDENT,30,12.3
CT_ID1699,S001326,Bad Encryption,DPH,10,RESIDENT,30,10.2
CT_ID1700,S001326,Bad Encryption,DPA,12,RESIDENT,30,12.5
CT_ID1701,S001327,Beyond Evolution,DPH,11,RESIDENT,30,10.7
CT_ID1702,S001327,Beyond Evolution,DPA,12,RESIDENT,30,12.6
CT_ID1703,S001328,BIGWAVERS,DPA,12,RESIDENT,30,12.3
CT_ID1704,S001329,C-C-C-N-N-N,DPA,11,RESIDENT,30,12.0
CT_ID1705,S001330,Caldwell 99,DPA,11,RESIDENT,30,11.2
CT_ID2420,S001330,Caldwell 99,DPL,12,RESIDENT,30,12.3
CT_ID1706,S001331,Chaotoxin,DPA,12,RESIDENT,30,12.4
CT_ID1707,S001332,CODE -CRiMSON-,DPA,11,RESIDENT,30,11.6
CT_ID1708,S001333,CUE CUE RESCUE,DPA,10,RESIDENT,30,10.5
CT_ID2421,S001333,CUE CUE RESCUE,DPL,12,RESIDENT,30,11.8
CT_ID1709,S001334,dica dica,DPH,10,RESIDENT,30,10.0
CT_ID1710,S001334,dica dica,DPA,12,RESIDENT,30,12.2
CT_ID1711,S001335,Dreaming Dream,DPA,10,RESIDENT,30,10.0
CT_ID1712,S001336,EXODUS SIGN,DPA,11,RESIDENT,30,11.4
CT_ID1713,S001337,Fading Stars,DPA,10,RESIDENT,30,10.2
CT_ID1714,S001338,FLARE -炎舞- ft.Nana Takahashi,DPA,10,RESIDENT,30,10.2
CT_ID1715,S001339,Get On Your Feet,DPA,11,RESIDENT,30,11.2
CT_ID1716,S001340,GET UP AGAIN,DPA,10,RESIDENT,30,10.0
CT_ID1717,S001341,glacia,DPH,10,RESIDENT,30,10.2
CT_ID1718,S001341,glacia,DPA,12,RESIDENT,30,12.2
CT_ID1719,S001342,Hat Surprise (Season 2),DPA,12,RESIDENT,30,12.2
CT_ID1720,S001343,I,DPH,10,RESIDENT,30,10.2
CT_ID1721,S001343,I,DPA,12,RESIDENT,30,12.3
CT_ID1722,S001344,KING,DPA,11,RESIDENT,30,11.2
CT_ID2422,S001344,KING,DPL,12,RESIDENT,30,12.2
CT_ID1723,S001345,kors k's How to make OTOGE CORE 「LONG」,DPH,10,RESIDENT,30,10.0
CT_ID1724,S001345,kors k's How to make OTOGE CORE 「LONG」,DPA,12,RESIDENT,30,12.3
CT_ID1725,S001346,LADS,DPA,10,RESIDENT,30,10.5
CT_ID1726,S001347,Level 4,DPH,10,RESIDENT,30,10.2
CT_ID1727,S001347,Level 4,DPA,12,RESIDENT,30,12.4
CT_ID1728,S001348,LOUDER ROLLING THUNDER,DPH,10,RESIDENT,30,10.0
CT_ID1729,S001348,LOUDER ROLLING THUNDER,DPA,12,RESIDENT,30,12.4
CT_ID1730,S001349,MAX 360,DPH,10,RESIDENT,30,10.2
CT_ID1731,S001349,MAX 360,DPA,12,RESIDENT,30,12.2
CT_ID1732,S001350,Meissa,DPA,12,RESIDENT,30,12.1
CT_ID1733,S001351,Next Level,DPA,10,RESIDENT,30,9.6
CT_ID1734,S001352,No Border,DPH,10,RESIDENT,30,10.0
CT_ID1735,S001352,No Border,DPA,12,RESIDENT,30,12.3
CT_ID1736,S001353,ONE AND ONLY,DPH,10,RESIDENT,30,10.0
CT_ID1737,S001353,ONE AND ONLY,DPA,12,RESIDENT,30,12.1
CT_ID1738,S001354,Ou Legends,DPH,10,RESIDENT,30,10.0
CT_ID1739,S001354,Ou Legends,DPA,12,RESIDENT,30,12.3
CT_ID1740,S001355,OVER VOLTAGE,DPA,11,RESIDENT,30,11.0
CT_ID1741,S001356,Peaktime Booster,DPH,10,RESIDENT,30,9.3
CT_ID1742,S001356,Peaktime Booster,DPA,12,RESIDENT,30,12.2
CT_ID1743,S001357,Perfect Plan,DPA,11,RESIDENT,30,11.2
CT_ID1744,S001358,Programmed Genom,DPA,11,RESIDENT,30,10.7
CT_ID1745,S001359,Red Soul,DPA,11,RESIDENT,30,11.2
CT_ID1746,S001360,Rewind Time,DPA,10,RESIDENT,30,10.2
CT_ID1747,S001361,RINNE,DPH,10,RESIDENT,30,10.0
CT_ID1748,S001361,RINNE,DPA,12,RESIDENT,30,12.4
CT_ID1749,S001362,Ruler or Loser,DPA,11,RESIDENT,30,11.4
CT_ID1750,S001363,Seraph,DPA,11,RESIDENT,30,11.2
CT_ID1751,S001364,Shadow World,DPA,11,RESIDENT,30,11.4
CT_ID1752,S001365,Shamshir,DPA,10,RESIDENT,30,10.0
CT_ID1753,S001366,Somnidiscotheque,DPH,10,RESIDENT,30,11.0
CT_ID1754,S001366,Somnidiscotheque,DPA,12,RESIDENT,30,12.7
CT_ID1755,S001367,STAR BEAT,DPA,10,RESIDENT,30,10.5
CT_ID1756,S001368,STRAIGHT TO THE STARS,DPA,11,RESIDENT,30,11.6
CT_ID1757,S001369,Stylus,DPH,10,RESIDENT,30,9.6
CT_ID1758,S001369,Stylus,DPA,12,RESIDENT,30,12.3
CT_ID1759,S001370,Summerblue,DPA,10,RESIDENT,30,10.5
CT_ID1760,S001371,Sunny Day Vibes,DPA,11,RESIDENT,30,11.0
CT_ID1761,S001372,Super Freak,DPA,12,RESIDENT,30,12.2
CT_ID1762,S001373,suspicions,DPH,10,RESIDENT,30,10.5
CT_ID1763,S001373,suspicions,DPA,12,RESIDENT,30,12.5
CT_ID1764,S001374,Swing My Wonderland,DPA,11,RESIDENT,30,11.2
CT_ID1765,S001375,TECHNOPHOBIA,DPA,12,RESIDENT,30,12.3
CT_ID1766,S001376,The Clown of 24stairs,DPH,10,RESIDENT,30,10.7
CT_ID1767,S001376,The Clown of 24stairs,DPA,12,RESIDENT,30,12.4
CT_ID1768,S001377,THE TIME MACHINE,DPA,11,RESIDENT,30,11.4
CT_ID1769,S001378,VOID,DPH,10,RESIDENT,30,10.7
CT_ID1770,S001378,VOID,DPA,12,RESIDENT,30,12.4
CT_ID1771,S001379,VOLAQUAS,DPH,10,RESIDENT,30,10.0
CT_ID1772,S001379,VOLAQUAS,DPA,12,RESIDENT,30,12.4
CT_ID1773,S001380,VOLCANIC BIGBEAT,DPA,11,RESIDENT,30,11.6
CT_ID1774,S001381,With You,DPA,11,RESIDENT,30,11.0
CT_ID1775,S001382,Xerulean,DPH,10,RESIDENT,30,10.5
CT_ID1776,S001382,Xerulean,DPA,12,RESIDENT,30,12.6
CT_ID1778,S001384,あるビー！ feat.ころねぽち,DPA,11,RESIDENT,30,11.2
CT_ID1779,S001385,おとせサンダー,DPA,10,RESIDENT,30,10.0
CT_ID1780,S001386,きゅんです。,DPA,10,RESIDENT,30,10.2
CT_ID1781,S001387,サヨナラ・ヘヴン-Celtic Chip Dance Mix-,DPA,10,RESIDENT,30,10.2
CT_ID1782,S001388,ぞうしょく！？マイデンティティ,DPH,10,RESIDENT,30,10.0
CT_ID1783,S001388,ぞうしょく！？マイデンティティ,DPA,12,RESIDENT,30,12.3
CT_ID1784,S001389,チェイスチェイスジョーカーズのうた (オニスタイルリミックス),DPA,11,RESIDENT,30,11.2
CT_ID1785,S001390,ちょえちょえまぎか,DPH,10,RESIDENT,30,9.6
CT_ID1786,S001390,ちょえちょえまぎか,DPA,11,RESIDENT,30,11.4
CT_ID2424,S001390,ちょえちょえまぎか,DPL,12,RESIDENT,30,12.4
CT_ID1787,S001391,パーフェクトイーター,DPA,11,RESIDENT,30,11.4
CT_ID1788,S001392,異心前進♪ぴょんぴょんぴょん,DPA,10,RESIDENT,30,9.6
CT_ID1789,S001393,雨のちパノラマセカイ,DPA,10,RESIDENT,30,9.3
CT_ID1790,S001394,栄冠のカンパネラ,DPH,10,RESIDENT,30,10.2
CT_ID1791,S001394,栄冠のカンパネラ,DPA,12,RESIDENT,30,12.5
CT_ID1792,S001395,楽園追放,DPA,10,RESIDENT,30,10.7
CT_ID1793,S001396,響花水月,DPA,11,RESIDENT,30,11.4
CT_ID1794,S001397,月と夢の跡 ft. マナ,DPA,10,RESIDENT,30,10.2
CT_ID1795,S001398,昏き甲鉄のヴェルガ,DPA,10,RESIDENT,30,10.0
CT_ID1796,S001399,罪過の聖堂,DPA,11,RESIDENT,30,11.6
CT_ID1797,S001400,少年リップルズ,DPA,11,RESIDENT,30,10.7
CT_ID1798,S001401,湘南ロンリーMIDNIGHT RAIN,DPA,10,RESIDENT,30,10.2
CT_ID1799,S001402,神っぽいな,DPA,10,RESIDENT,30,10.5
CT_ID2425,S001402,神っぽいな,DPL,12,RESIDENT,30,12.2
CT_ID1800,S001403,神のシナリオ,DPA,12,RESIDENT,30,12.2
CT_ID1801,S001404,輪廻の鴉,DPA,11,RESIDENT,30,11.2
CT_ID1802,S001405,恋愛＝精度×認識力,DPH,10,RESIDENT,30,10.0
CT_ID1803,S001405,恋愛＝精度×認識力,DPA,12,RESIDENT,30,12.3
CT_ID1804,S001406,惑星☆ロリポップ,DPA,11,RESIDENT,30,11.2
CT_ID1805,S001407,儚キ戀ノ幻想譚,DPH,10,RESIDENT,30,10.0
CT_ID1806,S001407,儚キ戀ノ幻想譚,DPA,12,RESIDENT,30,12.4
CT_ID1807,S001408,《PL|RAYER》,DPA,12,EPOLIS,31,11.8
CT_ID1808,S001409,20XX,DPA,11,EPOLIS,31,11.6
CT_ID1809,S001410,ACT0,DPH,10,EPOLIS,31,10.0
CT_ID1810,S001410,ACT0,DPA,12,EPOLIS,31,12.0
CT_ID1811,S001411,Aeterna,DPA,11,EPOLIS,31,11.2
CT_ID1812,S001412,Akatsuki,DPA,10,EPOLIS,31,10.2
CT_ID1813,S001413,Ambivalent Vermilia,DPH,10,EPOLIS,31,10.2
CT_ID1814,S001413,Ambivalent Vermilia,DPA,12,EPOLIS,31,12.5
CT_ID1815,S001414,Amethyst,DPA,11,EPOLIS,31,11.0
CT_ID1816,S001415,Bitter & Lucky,DPA,10,EPOLIS,31,11.0
CT_ID1817,S001416,BLAZING_LAZER,DPA,12,EPOLIS,31,12.3
CT_ID1818,S001417,CADENZA,DPH,10,EPOLIS,31,10.5
CT_ID1819,S001417,CADENZA,DPA,12,EPOLIS,31,12.5
CT_ID1820,S001418,Chemical Colours,DPA,11,EPOLIS,31,11.6
CT_ID1821,S001419,CODE:2,DPA,12,EPOLIS,31,12.0
CT_ID1822,S001420,COUNTING SHEEP ft. Kanae Asaba,DPA,10,EPOLIS,31,10.5
CT_ID1823,S001421,Cult Invitation,DPH,10,EPOLIS,31,9.6
CT_ID1824,S001421,Cult Invitation,DPA,12,EPOLIS,31,12.3
CT_ID1825,S001422,Dahlia,DPH,10,EPOLIS,31,10.2
CT_ID1826,S001422,Dahlia,DPA,12,EPOLIS,31,12.1
CT_ID1827,S001423,DAZZLE ATTACK,DPA,11,EPOLIS,31,11.2
CT_ID1828,S001424,Deep Sea Mystery,DPA,11,EPOLIS,31,11.2
CT_ID1829,S001425,Demon March,DPH,10,EPOLIS,31,10.5
CT_ID1830,S001425,Demon March,DPA,12,EPOLIS,31,12.5
CT_ID1831,S001426,Echoes of Sunfall,DPA,11,EPOLIS,31,11.8
CT_ID1832,S001427,frequent,DPH,10,EPOLIS,31,10.2
CT_ID1833,S001427,frequent,DPA,12,EPOLIS,31,12.3
CT_ID1834,S001428,GAME ON,DPH,10,EPOLIS,31,10.0
CT_ID1835,S001428,GAME ON,DPA,12,EPOLIS,31,12.2
CT_ID1836,S001429,Get Higher,DPA,11,EPOLIS,31,10.5
CT_ID1837,S001430,Get Wicked,DPA,10,EPOLIS,31,10.2
CT_ID1838,S001431,Ghost Pulse,DPA,12,EPOLIS,31,12.2
CT_ID1839,S001432,Glitch N Ride,DPH,10,EPOLIS,31,10.5
CT_ID1840,S001432,Glitch N Ride,DPA,12,EPOLIS,31,12.4
CT_ID1841,S001433,GloriosA,DPA,11,EPOLIS,31,11.8
CT_ID1842,S001434,GLORIOUS HAMMER,DPA,11,EPOLIS,31,11.8
CT_ID1843,S001435,Hard Breaker,DPA,10,EPOLIS,31,10.0
CT_ID1844,S001436,Hat Surprise (Season 3),DPH,10,EPOLIS,31,9.3
CT_ID1845,S001436,Hat Surprise (Season 3),DPA,11,EPOLIS,31,10.5
CT_ID1846,S001437,i-ii,DPA,11,EPOLIS,31,11.6
CT_ID1847,S001438,INHERITANCE,DPA,11,EPOLIS,31,11.2
CT_ID2426,S001438,INHERITANCE,DPL,12,EPOLIS,31,12.4
CT_ID1848,S001439,Iris,DPA,10,EPOLIS,31,9.6
CT_ID1849,S001440,Jumper,DPA,10,EPOLIS,31,10.2
CT_ID1850,S001441,Just Gimme,DPA,11,EPOLIS,31,11.0
CT_ID1851,S001442,JUSTICE/GUILTY feat. Nana Takahashi & 709sec.,DPH,10,EPOLIS,31,10.2
CT_ID1852,S001442,JUSTICE/GUILTY feat. Nana Takahashi & 709sec.,DPA,12,EPOLIS,31,12.1
CT_ID1853,S001443,Level 5,DPH,10,EPOLIS,31,10.5
CT_ID1854,S001443,Level 5,DPA,12,EPOLIS,31,12.5
CT_ID1855,S001444,MAXIMUM CHEAT GIRL,DPH,10,EPOLIS,31,10.2
CT_ID1856,S001444,MAXIMUM CHEAT GIRL,DPA,12,EPOLIS,31,12.3
CT_ID1857,S001445,Million Dollar,DPH,10,EPOLIS,31,10.2
CT_ID1858,S001445,Million Dollar,DPA,12,EPOLIS,31,12.4
CT_ID1859,S001446,Monkey Business,DPA,11,EPOLIS,31,11.6
CT_ID1860,S001447,Mukade,DPA,11,EPOLIS,31,11.8
CT_ID1861,S001448,NEEDLESS MY LOVE FOR YOU,DPA,10,EPOLIS,31,10.5
CT_ID1862,S001449,Out of Control,DPH,10,EPOLIS,31,10.2
CT_ID1863,S001449,Out of Control,DPA,12,EPOLIS,31,12.3
CT_ID1864,S001450,out of disk space,DPA,11,EPOLIS,31,10.7
CT_ID1865,S001451,PILGRIM,DPA,11,EPOLIS,31,11.2
CT_ID1866,S001452,Psychedelic Intelligence,DPA,11,EPOLIS,31,11.2
CT_ID1867,S001453,Red Determination,DPA,11,EPOLIS,31,11.4
CT_ID1868,S001454,Resonant,DPH,10,EPOLIS,31,10.0
CT_ID1869,S001454,Resonant,DPA,12,EPOLIS,31,12.3
CT_ID1870,S001455,See You Again,DPA,11,EPOLIS,31,11.4
CT_ID1871,S001456,Seven Times Four,DPA,12,EPOLIS,31,12.2
CT_ID1872,S001457,Shapeshifter,DPA,11,EPOLIS,31,11.6
CT_ID1873,S001458,Sirius,DPA,12,EPOLIS,31,12.0
CT_ID1874,S001459,SOLAR ECLIPSE,DPH,10,EPOLIS,31,10.5
CT_ID1875,S001459,SOLAR ECLIPSE,DPA,12,EPOLIS,31,12.4
CT_ID1876,S001460,Speculation,DPA,11,EPOLIS,31,11.4
CT_ID1877,S001461,squall,DPA,11,EPOLIS,31,11.6
CT_ID1878,S001462,Stereo Beasts,DPH,10,EPOLIS,31,10.2
CT_ID1879,S001462,Stereo Beasts,DPA,12,EPOLIS,31,12.3
CT_ID1880,S001463,Submerge Serenade,DPA,11,EPOLIS,31,11.4
CT_ID2440,S001463,Submerge Serenade,DPL,12,EPOLIS,31,12.5
CT_ID1881,S001464,Sword of Vengeance,DPH,10,EPOLIS,31,10.2
CT_ID1882,S001464,Sword of Vengeance,DPA,12,EPOLIS,31,11.8
CT_ID1883,S001465,T.R.O.L.L.,DPA,12,EPOLIS,31,12.1
CT_ID1884,S001466,The Last Apocalypse,DPH,10,EPOLIS,31,10.0
CT_ID1885,S001466,The Last Apocalypse,DPA,12,EPOLIS,31,12.4
CT_ID1886,S001467,The Onlyonez,DPA,12,EPOLIS,31,11.6
CT_ID1887,S001468,This Is Club Musik feat. 大久保紅葉,DPA,11,EPOLIS,31,11.4
CT_ID1888,S001469,Time Distortion pt.2(IIDX Edit),DPA,11,EPOLIS,31,11.6
CT_ID1889,S001470,TITANIUM RIDERS,DPA,10,EPOLIS,31,10.0
CT_ID1890,S001471,TRIP THE DEEP,DPA,11,EPOLIS,31,11.8
CT_ID1891,S001472,Tripping Jumping,DPA,10,EPOLIS,31,10.7
CT_ID1892,S001473,Vermilion Carol,DPH,10,EPOLIS,31,10.0
CT_ID1893,S001473,Vermilion Carol,DPA,12,EPOLIS,31,12.3
CT_ID1894,S001474,Vulnerability,DPH,10,EPOLIS,31,10.2
CT_ID1895,S001474,Vulnerability,DPA,12,EPOLIS,31,12.5
CT_ID1896,S001475,WaterCube Pf.(RX-Ver.S.P.L.),DPA,10,EPOLIS,31,10.5
CT_ID1897,S001476,winkle 2 winkle,DPA,11,EPOLIS,31,11.2
CT_ID1898,S001477,Xb10r,DPH,10,EPOLIS,31,10.5
CT_ID1899,S001477,Xb10r,DPA,12,EPOLIS,31,12.3
CT_ID1900,S001478,ZEROIN ON THE LIGHT,DPA,10,EPOLIS,31,10.5
CT_ID1901,S001479,アイドル,DPA,10,EPOLIS,31,10.0
CT_ID2428,S001479,アイドル,DPL,11,EPOLIS,31,11.6
CT_ID1902,S001480,アタシ完全絶対正義ちゃん！,DPA,10,EPOLIS,31,9.6
CT_ID1903,S001481,シンデレラ,DPA,10,EPOLIS,31,10.2
CT_ID1904,S001482,デビルじゃないもん,DPA,10,EPOLIS,31,10.0
CT_ID1905,S001483,ないないルーティン,DPA,10,EPOLIS,31,10.0
CT_ID1906,S001484,フォニイ,DPA,11,EPOLIS,31,11.4
CT_ID2429,S001484,フォニイ,DPL,12,EPOLIS,31,12.3
CT_ID1907,S001485,ポラリスノウタ,DPA,10,EPOLIS,31,9.3
CT_ID1908,S001486,マーシャル・マキシマイザー,DPA,11,EPOLIS,31,11.2
CT_ID1909,S001487,めうめうぺったんたん！！ (ZAQUVA Remix),DPA,11,EPOLIS,31,11.0
CT_ID1910,S001488,ラビットホール,DPA,11,EPOLIS,31,10.7
CT_ID1911,S001489,愛包ダンスホール,DPA,10,EPOLIS,31,10.0
CT_ID1912,S001490,夏風邪デスコ,DPA,10,EPOLIS,31,10.0
CT_ID1913,S001491,果たせぬ約束 ft. 小林マナ,DPA,11,EPOLIS,31,11.2
CT_ID1914,S001492,今宵、ロマンス横丁。,DPH,10,EPOLIS,31,10.2
CT_ID1915,S001492,今宵、ロマンス横丁。,DPA,12,EPOLIS,31,12.2
CT_ID1916,S001493,残像ニ繋ガレタ追憶ノHIDEAWAY,DPH,10,EPOLIS,31,10.0
CT_ID1917,S001493,残像ニ繋ガレタ追憶ノHIDEAWAY,DPA,12,EPOLIS,31,12.0
CT_ID1918,S001494,雫,DPA,11,EPOLIS,31,11.4
CT_ID1919,S001495,"灼熱Beach Side Bunny (かめりあ's ""Summertime D'n'B"" Remix)",DPH,10,EPOLIS,31,9.6
CT_ID1920,S001495,"灼熱Beach Side Bunny (かめりあ's ""Summertime D'n'B"" Remix)",DPA,12,EPOLIS,31,12.2
CT_ID1921,S001496,終焔のClaudia,DPH,10,EPOLIS,31,10.2
CT_ID1922,S001496,終焔のClaudia,DPA,12,EPOLIS,31,12.2
CT_ID1923,S001497,寝起きヤシの木,DPA,11,EPOLIS,31,10.7
CT_ID2431,S001497,寝起きヤシの木,DPL,12,EPOLIS,31,12.3
CT_ID1924,S001498,神様、つれない。,DPA,10,EPOLIS,31,10.0
CT_ID1925,S001499,酔いどれ知らず,DPA,10,EPOLIS,31,10.2
CT_ID1926,S001500,電光,DPH,10,EPOLIS,31,10.0
CT_ID1927,S001500,電光,DPA,12,EPOLIS,31,12.0
CT_ID1928,S001501,電子になりたい,DPA,10,EPOLIS,31,9.6
CT_ID1929,S001502,電腦都市,DPH,10,EPOLIS,31,10.5
CT_ID1930,S001502,電腦都市,DPA,12,EPOLIS,31,12.3
CT_ID1931,S001503,閉塞的フレーション,DPA,10,EPOLIS,31,10.0
CT_ID1932,S001504,摩天楼,DPA,12,EPOLIS,31,12.4
CT_ID1933,S001505,未完成ノ蒸氣驅動乙女,DPH,10,EPOLIS,31,10.0
CT_ID1934,S001505,未完成ノ蒸氣驅動乙女,DPA,12,EPOLIS,31,12.3
CT_ID1935,S001506,夢縁,DPH,10,EPOLIS,31,9.6
CT_ID1936,S001506,夢縁,DPA,11,EPOLIS,31,11.4
CT_ID1937,S001507,勇者,DPA,11,EPOLIS,31,11.2
CT_ID1938,S001508,流桜ノ門,DPA,10,EPOLIS,31,10.0
CT_ID1939,S001509,惑星鉄道,DPH,11,EPOLIS,31,11.6
CT_ID1940,S001509,惑星鉄道,DPA,12,EPOLIS,31,12.6
CT_ID1941,S001512,1116,DPH,10,Pinky Crush,32,9.6
CT_ID1942,S001512,1116,DPA,12,Pinky Crush,32,12.3
CT_ID1943,S001513,ADAMANT,DPA,11,Pinky Crush,32,12.0
CT_ID1944,S001514,Aqvion,DPA,12,Pinky Crush,32,12.3
CT_ID1945,S001515,Arcanos,DPA,10,Pinky Crush,32,10.0
CT_ID1946,S001516,Bang-Boo Bumble,DPA,11,Pinky Crush,32,11.2
CT_ID1947,S001517,Bling-Bang-Bang-Born,DPA,10,Pinky Crush,32,10.0
CT_ID2432,S001517,Bling-Bang-Bang-Born,DPL,11,Pinky Crush,32,11.6
CT_ID1948,S001518,Bring The Fire,DPA,12,Pinky Crush,32,12.2
CT_ID1949,S001519,Butterfly Twist,DPA,11,Pinky Crush,32,10.7
CT_ID1950,S001520,CHAOTIC SUNBIRD,DPA,11,Pinky Crush,32,11.2
CT_ID1951,S001521,Chasing After YOU ～夢の欠片～ ft. 小林マナ,DPA,10,Pinky Crush,32,10.2
CT_ID1952,S001522,Constellation,DPA,11,Pinky Crush,32,11.4
CT_ID1953,S001523,COSMIC V3LOCITY,DPH,10,Pinky Crush,32,10.0
CT_ID1954,S001523,COSMIC V3LOCITY,DPA,12,Pinky Crush,32,12.3
CT_ID1955,S001524,Cross Fire,DPH,10,Pinky Crush,32,10.2
CT_ID1956,S001524,Cross Fire,DPA,12,Pinky Crush,32,12.5
CT_ID1957,S001525,destination,DPH,10,Pinky Crush,32,10.0
CT_ID1958,S001525,destination,DPA,12,Pinky Crush,32,12.4
CT_ID1959,S001526,DIVINE JUDGEMENT,DPH,10,Pinky Crush,32,10.2
CT_ID1960,S001526,DIVINE JUDGEMENT,DPA,12,Pinky Crush,32,12.3
CT_ID1961,S001527,Drop Syndicate,DPA,12,Pinky Crush,32,12.4
CT_ID1962,S001528,Eleanor,DPA,10,Pinky Crush,32,10.2
CT_ID1963,S001529,ELYSIUM,DPA,11,Pinky Crush,32,11.6
CT_ID1964,S001530,everlastingeuphoria:,DPA,11,Pinky Crush,32,11.6
CT_ID1965,S001531,EX-MASSIVE FIGHTER,DPH,10,Pinky Crush,32,10.2
CT_ID1966,S001531,EX-MASSIVE FIGHTER,DPA,12,Pinky Crush,32,12.3
CT_ID1967,S001532,EYE OF THE HEAVEN,DPH,10,Pinky Crush,32,10.5
CT_ID1968,S001532,EYE OF THE HEAVEN,DPA,12,Pinky Crush,32,12.3
CT_ID1969,S001533,FERMI PARADOX,DPA,10,Pinky Crush,32,10.2
CT_ID1970,S001534,Fiery Stallion,DPA,11,Pinky Crush,32,11.2
CT_ID1971,S001535,Flamingo,DPH,10,Pinky Crush,32,10.0
CT_ID1972,S001535,Flamingo,DPA,12,Pinky Crush,32,12.4
CT_ID1973,S001536,FlyAway,DPH,10,Pinky Crush,32,9.6
CT_ID1974,S001536,FlyAway,DPA,12,Pinky Crush,32,12.4
CT_ID1975,S001537,Galaxy Collapse,DPA,10,Pinky Crush,32,10.0
CT_ID1976,S001538,get set mind,DPA,10,Pinky Crush,32,9.6
CT_ID1977,S001539,God Mind,DPH,10,Pinky Crush,32,10.5
CT_ID1978,S001539,God Mind,DPA,12,Pinky Crush,32,12.5
CT_ID1979,S001540,Good Looking,DPA,10,Pinky Crush,32,10.2
CT_ID1980,S001541,Here We Go Now,DPH,10,Pinky Crush,32,10.0
CT_ID1981,S001541,Here We Go Now,DPA,12,Pinky Crush,32,12.0
CT_ID1982,S001542,hora de verdad,DPH,10,Pinky Crush,32,10.5
CT_ID1983,S001542,hora de verdad,DPA,12,Pinky Crush,32,12.4
CT_ID1984,S001543,IN BETWEEN,DPA,11,Pinky Crush,32,10.7
CT_ID1985,S001544,KOTONOHA ft. Kotoha,DPA,10,Pinky Crush,32,10.0
CT_ID1986,S001545,Lightspeed,DPH,10,Pinky Crush,32,9.6
CT_ID1987,S001545,Lightspeed,DPA,12,Pinky Crush,32,12.4
CT_ID1988,S001546,lowercase lifetime,DPA,11,Pinky Crush,32,11.6
CT_ID1989,S001547,Lycoris,DPA,10,Pinky Crush,32,10.5
CT_ID1990,S001548,MARLIN,DPH,10,Pinky Crush,32,10.2
CT_ID1991,S001548,MARLIN,DPA,12,Pinky Crush,32,12.4
CT_ID1992,S001549,Mid-Corner (Magic Maker),DPH,10,Pinky Crush,32,10.2
CT_ID1993,S001549,Mid-Corner (Magic Maker),DPA,12,Pinky Crush,32,12.1
CT_ID1994,S001550,Mighty Cutie,DPA,10,Pinky Crush,32,10.7
CT_ID1995,S001551,MVP,DPA,11,Pinky Crush,32,11.2
CT_ID1996,S001552,NOIXIA,DPH,10,Pinky Crush,32,10.2
CT_ID1997,S001552,NOIXIA,DPA,12,Pinky Crush,32,12.4
CT_ID1998,S001553,ＰＡＳＴＥＬＩＳＭ,DPA,10,Pinky Crush,32,10.0
CT_ID1999,S001554,PERFECT HUMAN,DPA,10,Pinky Crush,32,10.0
CT_ID2000,S001555,Pinky Happy Crazy,DPH,10,Pinky Crush,32,10.0
CT_ID2001,S001555,Pinky Happy Crazy,DPA,12,Pinky Crush,32,12.3
CT_ID2002,S001556,PIT A PAT,DPA,10,Pinky Crush,32,10.2
CT_ID2003,S001557,Plazma,DPA,10,Pinky Crush,32,10.2
CT_ID2433,S001557,Plazma,DPL,12,Pinky Crush,32,12.2
CT_ID2004,S001558,Plea Per Phase,DPA,11,Pinky Crush,32,11.4
CT_ID2005,S001559,PopなEDEN,DPA,11,Pinky Crush,32,11.0
CT_ID2006,S001560,Raspberry Potion (feat.あれたん & ぎゃるのしん☆),DPA,11,Pinky Crush,32,11.0
CT_ID2007,S001561,RAVE SYNDROME,DPA,11,Pinky Crush,32,11.0
CT_ID2008,S001562,Roar of Chronos,DPH,10,Pinky Crush,32,9.3
CT_ID2009,S001562,Roar of Chronos,DPA,12,Pinky Crush,32,12.3
CT_ID2010,S001563,Satellite Burst,DPH,10,Pinky Crush,32,10.2
CT_ID2011,S001563,Satellite Burst,DPA,12,Pinky Crush,32,12.2
CT_ID2012,S001564,Secret Rouge,DPA,10,Pinky Crush,32,10.7
CT_ID2013,S001565,Shirdal,DPA,10,Pinky Crush,32,10.5
CT_ID2014,S001566,Show Me All Your Love,DPA,11,Pinky Crush,32,11.4
CT_ID2015,S001567,SISYPHUS,DPH,10,Pinky Crush,32,9.3
CT_ID2016,S001567,SISYPHUS,DPA,12,Pinky Crush,32,12.1
CT_ID2017,S001568,Skratch Education Lv-1,DPH,10,Pinky Crush,32,11.0
CT_ID2018,S001568,Skratch Education Lv-1,DPA,12,Pinky Crush,32,12.6
CT_ID2019,S001569,Slumber☆Party,DPA,11,Pinky Crush,32,11.4
CT_ID2020,S001570,Space In Time,DPA,11,Pinky Crush,32,11.4
CT_ID2021,S001571,Stargazing Trip ～星 探す旅～ ft. 小林マナ,DPA,11,Pinky Crush,32,11.0
CT_ID2022,S001572,SUPER HEROINE!!,DPA,11,Pinky Crush,32,11.6
CT_ID2023,S001573,SμG@R RU$#,DPH,10,Pinky Crush,32,10.2
CT_ID2024,S001573,SμG@R RU$#,DPA,12,Pinky Crush,32,12.7
CT_ID2025,S001574,TECHNO RUMBLE,DPA,11,Pinky Crush,32,12.1
CT_ID2026,S001575,u gotta beat,DPH,10,Pinky Crush,32,10.0
CT_ID2027,S001575,u gotta beat,DPA,12,Pinky Crush,32,12.2
CT_ID2028,S001576,Uaigh Gealai,DPH,10,Pinky Crush,32,10.2
CT_ID2029,S001576,Uaigh Gealai,DPA,12,Pinky Crush,32,12.6
CT_ID2030,S001577,uen,DPH,10,Pinky Crush,32,10.2
CT_ID2031,S001577,uen,DPA,12,Pinky Crush,32,12.5
CT_ID2032,S001578,Vibing! Shake it!,DPA,10,Pinky Crush,32,10.2
CT_ID2033,S001579,Without Heaven,DPH,10,Pinky Crush,32,10.2
CT_ID2034,S001579,Without Heaven,DPA,12,Pinky Crush,32,12.5
CT_ID2035,S001580,XHRONOXAPSULΞ,DPH,10,Pinky Crush,32,10.7
CT_ID2036,S001580,XHRONOXAPSULΞ,DPA,12,Pinky Crush,32,12.6
CT_ID2037,S001581,アラビアン ハイパー ナイト,DPH,10,Pinky Crush,32,10.2
CT_ID2038,S001581,アラビアン ハイパー ナイト,DPA,12,Pinky Crush,32,12.5
CT_ID2039,S001582,エクスプロウル,DPA,10,Pinky Crush,32,10.2
CT_ID2040,S001583,えだまめカレークッキング,DPA,11,Pinky Crush,32,11.0
CT_ID2041,S001584,オッドラヴィ,DPA,10,Pinky Crush,32,10.5
CT_ID2042,S001585,オブソミート,DPA,10,Pinky Crush,32,10.0
CT_ID2043,S001586,キスキツネ,DPA,10,Pinky Crush,32,10.5
CT_ID2044,S001587,きみのせかい,DPA,11,Pinky Crush,32,11.8
CT_ID2045,S001588,ギャ・ギャ・ギャ・ギャラクシー！,DPA,10,Pinky Crush,32,9.6
CT_ID2046,S001589,きゅうくらりん,DPA,10,Pinky Crush,32,10.2
CT_ID2047,S001590,ゲシュタルト,DPA,10,Pinky Crush,32,10.5
CT_ID2435,S001590,ゲシュタルト,DPL,11,Pinky Crush,32,11.8
CT_ID2048,S001591,スキッテイエェエエェ!!!!,DPH,10,Pinky Crush,32,10.2
CT_ID2049,S001591,スキッテイエェエエェ!!!!,DPA,12,Pinky Crush,32,12.5
CT_ID2050,S001592,スパークリング☆彡ハイパーチューン！！,DPH,10,Pinky Crush,32,8.5
CT_ID2051,S001592,スパークリング☆彡ハイパーチューン！！,DPA,12,Pinky Crush,32,12.0
CT_ID2052,S001593,ドーナツホール 2024,DPA,10,Pinky Crush,32,10.2
CT_ID2053,S001594,ドリムチウ,DPA,10,Pinky Crush,32,10.5
CT_ID2054,S001595,ハオ,DPA,11,Pinky Crush,32,11.4
CT_ID2055,S001596,ハルイロメロディー,DPA,10,Pinky Crush,32,9.6
CT_ID2056,S001597,ビビデバ,DPA,10,Pinky Crush,32,10.0
CT_ID2057,S001598,ファイナルレター,DPA,11,Pinky Crush,32,11.4
CT_ID2058,S001599,メズマライザー,DPA,11,Pinky Crush,32,11.2
CT_ID2059,S001600,我ら完全無敵のアイドル!!,DPA,10,Pinky Crush,32,10.5
CT_ID2060,S001601,覚悟せよ！エンタンメ～ン ～より身の切り売り自暴自棄版～,DPA,11,Pinky Crush,32,11.4
CT_ID2061,S001602,最強頂戴girl,DPA,10,Pinky Crush,32,10.2
CT_ID2062,S001603,灼熱 Lost Summer Dayz,DPH,10,Pinky Crush,32,9.3
CT_ID2063,S001603,灼熱 Lost Summer Dayz,DPA,12,Pinky Crush,32,11.8
CT_ID2064,S001604,朱と碧のランページ,DPA,10,Pinky Crush,32,10.5
CT_ID2065,S001605,消極的セツナイズム,DPA,10,Pinky Crush,32,10.0
CT_ID2066,S001606,進捗ダメダメです,DPA,10,Pinky Crush,32,10.0
CT_ID2067,S001607,弾幕信仰,DPA,10,Pinky Crush,32,10.5
CT_ID2068,S001608,断罪の一花,DPA,11,Pinky Crush,32,11.2
CT_ID2069,S001609,天使のカンタータ -Cantata of Angels-,DPH,10,Pinky Crush,32,10.2
CT_ID2070,S001609,天使のカンタータ -Cantata of Angels-,DPA,12,Pinky Crush,32,12.5
CT_ID2071,S001610,爆ぜりゃんせ,DPA,11,Pinky Crush,32,11.6
CT_ID2072,S001611,無双,DPA,11,Pinky Crush,32,11.0
CT_ID2073,S001613,⁽⁽ଘ( ˙꒳˙ )ଓ⁾⁾ beyond reason,DPH,10,Sparkle Shower,33,10.2
CT_ID2074,S001613,⁽⁽ଘ( ˙꒳˙ )ଓ⁾⁾ beyond reason,DPA,12,Sparkle Shower,33,12.5
CT_ID2075,S001614,[E],DPA,11,Sparkle Shower,33,11.4
CT_ID2076,S001615,2 Be Continued,DPA,12,Sparkle Shower,33,12.4
CT_ID2077,S001616,A Certified Rave Moment,DPA,11,Sparkle Shower,33,11.6
CT_ID2078,S001617,ACID VISION,DPA,11,Sparkle Shower,33,10.7
CT_ID2079,S001618,AGETEKE ONDO,DPA,10,Sparkle Shower,33,10.0
CT_ID2080,S001619,Amor∞Fati,DPH,10,Sparkle Shower,33,10.2
CT_ID2081,S001619,Amor∞Fati,DPA,12,Sparkle Shower,33,12.5
CT_ID2082,S001620,Any％,DPH,10,Sparkle Shower,33,10.0
CT_ID2083,S001620,Any％,DPA,12,Sparkle Shower,33,12.3
CT_ID2084,S001621,Astra Blaze,DPH,10,Sparkle Shower,33,10.0
CT_ID2085,S001621,Astra Blaze,DPA,12,Sparkle Shower,33,12.4
CT_ID2086,S001622,Bang Bang Dance,DPA,11,Sparkle Shower,33,11.2
CT_ID2087,S001623,BattleRoyal,DPA,11,Sparkle Shower,33,11.2
CT_ID2088,S001624,Begin,DPH,10,Sparkle Shower,33,10.2
CT_ID2089,S001624,Begin,DPA,12,Sparkle Shower,33,12.4
CT_ID2090,S001625,BitRacer,DPH,10,Sparkle Shower,33,10.0
CT_ID2091,S001625,BitRacer,DPA,12,Sparkle Shower,33,12.3
CT_ID2092,S001626,Bloom,DPA,10,Sparkle Shower,33,10.5
CT_ID2093,S001627,blue anthem,DPA,11,Sparkle Shower,33,11.8
CT_ID2094,S001628,Catch ya Getcha!,DPA,11,Sparkle Shower,33,11.4
CT_ID2095,S001629,chaplet -IIDX re:build-,DPH,10,Sparkle Shower,33,10.2
CT_ID2096,S001629,chaplet -IIDX re:build-,DPA,12,Sparkle Shower,33,12.4
CT_ID2097,S001630,COLOR BURST,DPA,10,Sparkle Shower,33,10.2
CT_ID2098,S001631,Countdown to Heaven or Hell,DPA,11,Sparkle Shower,33,11.4
CT_ID2099,S001632,D.K.N. ON,DPA,11,Sparkle Shower,33,11.2
CT_ID2100,S001633,Digitized Ocean,DPH,10,Sparkle Shower,33,10.2
CT_ID2101,S001633,Digitized Ocean,DPA,12,Sparkle Shower,33,12.4
CT_ID2102,S001634,Disco Killer Music Lover,DPA,12,Sparkle Shower,33,12.2
CT_ID2103,S001635,Dolphin Kick,DPH,10,Sparkle Shower,33,10.2
CT_ID2104,S001635,Dolphin Kick,DPA,12,Sparkle Shower,33,12.5
CT_ID2105,S001636,Dusk Endir,DPH,10,Sparkle Shower,33,10.2
CT_ID2106,S001636,Dusk Endir,DPA,12,Sparkle Shower,33,12.3
CT_ID2107,S001637,ESPRIT ONE,DPA,11,Sparkle Shower,33,11.0
CT_ID2109,S001638,Fashion Fruit,DPA,11,Sparkle Shower,33,11.6
CT_ID2110,S001639,fixer,DPH,10,Sparkle Shower,33,10.2
CT_ID2111,S001639,fixer,DPA,12,Sparkle Shower,33,12.5
CT_ID2112,S001640,FIZZY FIZZY POP,DPA,10,Sparkle Shower,33,10.0
CT_ID2113,S001641,FiZZλ_POT!0N,DPH,10,Sparkle Shower,33,11.2
CT_ID2114,S001641,FiZZλ_POT!0N,DPA,12,Sparkle Shower,33,12.5
CT_ID2115,S001642,From Human Blood,DPH,10,Sparkle Shower,33,10.0
CT_ID2116,S001642,From Human Blood,DPA,12,Sparkle Shower,33,12.3
CT_ID2117,S001643,Funky Quirky,DPA,11,Sparkle Shower,33,11.2
CT_ID2118,S001644,Get Into The Groove feat.WaMi,DPA,10,Sparkle Shower,33,9.6
CT_ID2119,S001645,Gimme a Big Beat(青龍 Remix),DPH,10,Sparkle Shower,33,9.6
CT_ID2120,S001645,Gimme a Big Beat(青龍 Remix),DPA,12,Sparkle Shower,33,12.1
CT_ID2121,S001646,GO!,DPA,11,Sparkle Shower,33,11.4
CT_ID2122,S001647,GOLD RUSH 2025,DPA,11,Sparkle Shower,33,10.2
CT_ID2123,S001648,Hallucination,DPA,11,Sparkle Shower,33,11.8
CT_ID2124,S001649,HEROES,DPH,10,Sparkle Shower,33,10.2
CT_ID2125,S001649,HEROES,DPA,12,Sparkle Shower,33,12.4
CT_ID2126,S001650,HyperTwist,DPH,10,Sparkle Shower,33,10.5
CT_ID2127,S001650,HyperTwist,DPA,12,Sparkle Shower,33,12.3
CT_ID2128,S001651,Ignited Night,DPA,11,Sparkle Shower,33,11.2
CT_ID2129,S001652,Iridescent Memories,DPH,10,Sparkle Shower,33,10.0
CT_ID2130,S001652,Iridescent Memories,DPA,12,Sparkle Shower,33,12.4
CT_ID2131,S001653,Kick The Rainbow,DPA,11,Sparkle Shower,33,11.0
CT_ID2132,S001654,King of Tribe,DPH,10,Sparkle Shower,33,10.2
CT_ID2133,S001654,King of Tribe,DPA,12,Sparkle Shower,33,12.2
CT_ID2134,S001655,kors k's Let's make an Image Song!,DPA,11,Sparkle Shower,33,11.0
CT_ID2135,S001656,Last Card,DPA,11,Sparkle Shower,33,11.6
CT_ID2136,S001657,Limelight,DPH,10,Sparkle Shower,33,10.2
CT_ID2137,S001657,Limelight,DPA,12,Sparkle Shower,33,12.3
CT_ID2138,S001658,Lisa-RICCIA,DPH,10,Sparkle Shower,33,10.2
CT_ID2139,S001658,Lisa-RICCIA,DPA,12,Sparkle Shower,33,12.3
CT_ID2436,S001658,Lisa-RICCIA,DPL,12,Sparkle Shower,33,12.6
CT_ID2140,S001659,Makin' It,DPH,10,Sparkle Shower,33,10.7
CT_ID2141,S001659,Makin' It,DPA,12,Sparkle Shower,33,12.1
CT_ID2142,S001660,Memoria Obscura,DPH,10,Sparkle Shower,33,10.2
CT_ID2143,S001660,Memoria Obscura,DPA,12,Sparkle Shower,33,12.6
CT_ID2144,S001661,Meteor☆Shower,DPA,11,Sparkle Shower,33,11.0
CT_ID2145,S001662,Mighty Beat Monsterz,DPH,10,Sparkle Shower,33,9.6
CT_ID2146,S001662,Mighty Beat Monsterz,DPA,12,Sparkle Shower,33,12.1
CT_ID2147,S001663,MOCHIMOCHI DREAMIN!!,DPA,11,Sparkle Shower,33,11.6
CT_ID2148,S001664,Nemophila,DPA,11,Sparkle Shower,33,11.2
CT_ID2149,S001665,Nyan Nyan University,DPA,10,Sparkle Shower,33,10.0
CT_ID2150,S001666,OMEGA,DPH,10,Sparkle Shower,33,10.2
CT_ID2151,S001666,OMEGA,DPA,12,Sparkle Shower,33,12.3
CT_ID2152,S001667,PALETTE,DPA,10,Sparkle Shower,33,9.3
CT_ID2153,S001668,PERFECT GREAT!!,DPH,10,Sparkle Shower,33,10.2
CT_ID2154,S001668,PERFECT GREAT!!,DPA,12,Sparkle Shower,33,12.5
CT_ID2155,S001669,pique,DPA,11,Sparkle Shower,33,11.2
CT_ID2156,S001670,RALLY '25,DPH,10,Sparkle Shower,33,10.0
CT_ID2157,S001670,RALLY '25,DPA,12,Sparkle Shower,33,12.0
CT_ID2158,S001671,Regina vespaE,DPH,10,Sparkle Shower,33,10.2
CT_ID2159,S001671,Regina vespaE,DPA,12,Sparkle Shower,33,12.3
CT_ID2160,S001672,RIZING-GAMERS.,DPH,10,Sparkle Shower,33,10.2
CT_ID2161,S001672,RIZING-GAMERS.,DPA,12,Sparkle Shower,33,12.4
CT_ID2162,S001673,RUINA,DPH,10,Sparkle Shower,33,10.7
CT_ID2163,S001673,RUINA,DPA,12,Sparkle Shower,33,12.5
CT_ID2164,S001674,Second Heaven(Mamonis Remix),DPA,11,Sparkle Shower,33,11.4
CT_ID2165,S001675,SHINING☆DANCE,DPA,10,Sparkle Shower,33,10.0
CT_ID2167,S001677,Show Time,DPA,10,Sparkle Shower,33,10.0
CT_ID2168,S001678,Skywalking,DPA,10,Sparkle Shower,33,10.2
CT_ID2169,S001679,Smintheus,DPH,10,Sparkle Shower,33,10.0
CT_ID2170,S001679,Smintheus,DPA,12,Sparkle Shower,33,12.4
CT_ID2171,S001680,SnapSkipSpark,DPA,11,Sparkle Shower,33,11.6
CT_ID2172,S001681,Space Battleship S4TO,DPH,10,Sparkle Shower,33,10.0
CT_ID2173,S001681,Space Battleship S4TO,DPA,12,Sparkle Shower,33,12.3
CT_ID2174,S001682,SPLASH!!!!!!!!!,DPA,10,Sparkle Shower,33,10.2
CT_ID2175,S001683,Substance,DPA,11,Sparkle Shower,33,11.2
CT_ID2176,S001684,super double play sessions,DPH,10,Sparkle Shower,33,10.7
CT_ID2177,S001684,super double play sessions,DPA,12,Sparkle Shower,33,12.6
CT_ID2178,S001685,THUNDERSTRIKE,DPH,10,Sparkle Shower,33,10.0
CT_ID2179,S001685,THUNDERSTRIKE,DPA,12,Sparkle Shower,33,12.2
CT_ID2180,S001686,TOKAKU=ALMiRAJ,DPA,11,Sparkle Shower,33,11.6
CT_ID2181,S001687,UNDO THE NIGHT,DPA,12,Sparkle Shower,33,12.3
CT_ID2182,S001688,Vitamin,DPA,11,Sparkle Shower,33,11.2
CT_ID2183,S001689,voice of echo.,DPA,11,Sparkle Shower,33,11.4
CT_ID2184,S001690,Watermelon Explosion,DPA,10,Sparkle Shower,33,10.5
CT_ID2185,S001691,Wizards!,DPA,10,Sparkle Shower,33,10.0
CT_ID2186,S001692,X-Plan,DPA,10,Sparkle Shower,33,10.0
CT_ID2187,S001693,オーバーライド,DPA,11,Sparkle Shower,33,11.4
CT_ID2188,S001694,かわいいだけじゃだめですか？,DPA,10,Sparkle Shower,33,9.6
CT_ID2437,S001694,かわいいだけじゃだめですか？,DPL,12,Sparkle Shower,33,12.0
CT_ID2189,S001695,キミとえがくキセキ,DPA,10,Sparkle Shower,33,10.0
CT_ID2190,S001696,クレッシェンド,DPA,12,Sparkle Shower,33,12.3
CT_ID2191,S001697,サタデーナイト☆ギャロップ,DPH,10,Sparkle Shower,33,10.2
CT_ID2192,S001697,サタデーナイト☆ギャロップ,DPA,12,Sparkle Shower,33,12.5
CT_ID2193,S001698,じぇりー じゅえる ジャングル,DPA,11,Sparkle Shower,33,11.8
CT_ID2194,S001699,それが、ボクの使命～レスキュー隊長 メンキュー～,DPA,10,Sparkle Shower,33,10.2
CT_ID2195,S001700,タンポポ,DPA,11,Sparkle Shower,33,11.4
CT_ID2196,S001701,デラむぅのでらっくす☆どり～むぅ,DPA,10,Sparkle Shower,33,9.6
CT_ID2197,S001702,でんぱ どりる わんにゃー☆三,DPA,11,Sparkle Shower,33,11.4
CT_ID2198,S001703,バブリン,DPA,10,Sparkle Shower,33,9.6
CT_ID2199,S001704,ビビッド ☆+*。キラキライム,DPA,12,Sparkle Shower,33,12.3
CT_ID2200,S001705,ベラ・ベ・カラベラ,DPA,11,Sparkle Shower,33,11.6
CT_ID2201,S001706,ベンガル vs. アムール Battle,DPH,10,Sparkle Shower,33,10.0
CT_ID2202,S001706,ベンガル vs. アムール Battle,DPA,12,Sparkle Shower,33,12.3
CT_ID2203,S001707,メテオラ-meteor-,DPA,11,Sparkle Shower,33,11.2
CT_ID2205,S001708,もんめためたもん,DPA,10,Sparkle Shower,33,10.2
CT_ID2206,S001709,ラブコメトキドキシリアス,DPH,10,Sparkle Shower,33,10.0
CT_ID2207,S001709,ラブコメトキドキシリアス,DPA,12,Sparkle Shower,33,12.3
CT_ID2208,S001710,レシピのリドル,DPA,10,Sparkle Shower,33,10.0
CT_ID2209,S001711,夏色のセレナーデ,DPA,10,Sparkle Shower,33,10.2
CT_ID2210,S001712,華麗なる！音戯探偵ひなビタ,DPA,11,Sparkle Shower,33,11.4
CT_ID2211,S001713,月下繚乱,DPA,11,Sparkle Shower,33,11.2
CT_ID2212,S001714,好吃来世deエレクトリック,DPA,10,Sparkle Shower,33,10.2
CT_ID2213,S001715,三日天下モンキー,DPA,11,Sparkle Shower,33,11.2
CT_ID2214,S001716,色を喪った街,DPH,10,Sparkle Shower,33,10.2
CT_ID2215,S001716,色を喪った街,DPA,12,Sparkle Shower,33,12.4
CT_ID2216,S001717,閃と雷管とロープ,DPA,11,Sparkle Shower,33,11.4
CT_ID2217,S001718,断罪のミメシス,DPH,10,Sparkle Shower,33,10.0
CT_ID2218,S001718,断罪のミメシス,DPA,12,Sparkle Shower,33,12.4
CT_ID2219,S001719,百恋ラブラスター,DPA,10,Sparkle Shower,33,10.2
CT_ID2220,S001720,不死身ごっこ,DPA,10,Sparkle Shower,33,10.0
CT_ID2221,S001721,夢色ワンダー,DPA,11,Sparkle Shower,33,11.0
CT_ID2222,S001722,恋愛観測,DPA,10,Sparkle Shower,33,10.0
CT_ID2223,S001723,煉獄コンフィチュール,DPA,11,Sparkle Shower,33,11.4
CT_ID2224,S001724,ιgniЯRuina,DPH,10,Sparkle Shower,33,10.2
CT_ID2225,S001724,ιgniЯRuina,DPA,12,Sparkle Shower,33,12.6
CT_ID2226,S001725,Τeλοs,DPA,11,Sparkle Shower,33,11.8
CT_ID2227,S000004,RUGGED ASH,DPL,12,1st&substream,1,12.2
CT_ID2229,S000022,Clione,DPL,11,4th style,4,11.4
CT_ID2230,S000023,Hitch Hiker2,DPL,10,4th style,4,10.0
CT_ID2231,S000035,RIDE ON THE LIGHT (HI GREAT MIX),DPL,10,5th style,5,10.5
CT_ID2235,S000082,LOVE IS ORANGE,DPL,11,8th style,8,11.4
CT_ID2239,S000160,AGEHA,DPL,11,IIDX RED,11,12.1
CT_ID2249,S000192,Pink Rose,DPL,10,HAPPY SKY,12,10.2
CT_ID2255,S000193,Twelfth Style,DPL,12,HAPPY SKY,12,12.4
CT_ID2278,S000298,Wanna Party?,DPL,12,DJ TROOPERS,15,12.2
CT_ID2284,S000337,Flash Back 90's,DPL,10,EMPRESS,16,10.2
CT_ID2287,S000338,Mind Mapping,DPL,11,EMPRESS,16,11.8
CT_ID2289,S000339,neogenesis,DPL,11,EMPRESS,16,12.1
CT_ID2290,S000340,NΦ CRIME,DPL,11,EMPRESS,16,11.4
CT_ID2297,S000341,翼,DPL,11,EMPRESS,16,11.0
CT_ID2303,S000386,サヨナラ・ヘヴン,DPL,10,SIRIUS,17,10.0
CT_ID2307,S000438,Medicine of love,DPL,11,Resort Anthem,18,11.6
CT_ID2308,S000439,WISE UP!,DPL,11,Resort Anthem,18,11.6
CT_ID2310,S000440,おおきなこえで,DPL,10,Resort Anthem,18,10.0
CT_ID2311,S000500,A MINSTREL ～ ver. short-scape ～,DPL,12,Lincle,19,12.2
CT_ID2312,S000501,CALL,DPL,11,Lincle,19,11.8
CT_ID2314,S000502,KYAMISAMA ONEGAI!,DPL,12,Lincle,19,12.3
CT_ID2340,S000647,Element of SPADA,DPL,11,SPADA,21,11.2
CT_ID2354,S000727,chrono diver -fragment-,DPL,10,PENDUAL,22,10.0
CT_ID2364,S000728,恋は白帯、サンシロー,DPL,11,PENDUAL,22,11.4
CT_ID2368,S000805,Journey,DPL,11,copula,23,12.0
CT_ID2380,S000888,Selfish Sweet,DPL,11,SINOBUZ,24,11.4
CT_ID2383,S000965,Alpheratz,DPL,11,CANNON BALLERS,25,11.6
CT_ID2395,S001051,OVER TIME,DPL,10,Rootage,26,10.2
CT_ID2396,S001052,Psycho Sheep Riddim,DPL,11,Rootage,26,11.4
CT_ID2403,S001139,Mel,DPL,10,HEROIC VERSE,27,10.5
CT_ID2427,S001510,ちゅ、多様性。,DPL,10,EPOLIS,31,10.0
CT_ID2430,S001511,可愛くてごめん,DPL,10,EPOLIS,31,10.5
CT_ID2434,S001612,イガク,DPL,11,Pinky Crush,32,11.2
CT_ID2441,S001726,Citroforte,DPH,10,ZINRAI,34,10.0
CT_ID2477,S001726,Citroforte,DPA,12,ZINRAI,34,12.0
CT_ID2442,S001727,DEADRABBIT!!,DPH,10,ZINRAI,34,10.0
CT_ID2478,S001727,DEADRABBIT!!,DPA,12,ZINRAI,34,12.0
CT_ID2443,S001728,Deathstalker,DPH,10,ZINRAI,34,10.0
CT_ID2479,S001728,Deathstalker,DPA,12,ZINRAI,34,12.0
CT_ID2444,S001729,TEKNO KEISER,DPH,10,ZINRAI,34,10.0
CT_ID2481,S001729,TEKNO KEISER,DPA,12,ZINRAI,34,12.0
CT_ID2445,S001730,9-1,DPH,10,ZINRAI,34,10.0
CT_ID2470,S001730,9-1,DPA,11,ZINRAI,34,11.0
CT_ID2446,S001731,ΛИ0MΛLY,DPH,10,ZINRAI,34,10.0
CT_ID2482,S001731,ΛИ0MΛLY,DPA,12,ZINRAI,34,12.0
CT_ID2447,S001732,月下散刄,DPH,10,ZINRAI,34,10.0
CT_ID2483,S001732,月下散刄,DPA,12,ZINRAI,34,12.0
CT_ID2448,S001733,斎戒,DPH,10,ZINRAI,34,10.0
CT_ID2484,S001733,斎戒,DPA,12,ZINRAI,34,12.0
CT_ID2449,S001734,Ex-Otogibanashi,DPA,10,ZINRAI,34,10.0
CT_ID2450,S001735,Mellow Diary,DPA,10,ZINRAI,34,10.0
CT_ID2451,S001736,NOMAD (feat.らっぷぴと),DPA,10,ZINRAI,34,10.0
CT_ID2452,S001737,Rise Beyond,DPA,10,ZINRAI,34,10.0
CT_ID2453,S001738,Samurai Sword,DPA,10,ZINRAI,34,10.0
CT_ID2454,S001739,泡沫と月,DPA,10,ZINRAI,34,10.0
CT_ID2455,S001740,映夢雪花抄,DPA,10,ZINRAI,34,10.0
CT_ID2456,S001741,でぃすこみゅーたんと！,DPA,10,ZINRAI,34,10.0
CT_ID2457,S001742,倍倍FIGHT!,DPA,10,ZINRAI,34,10.0
CT_ID2458,S001743,フランケンシュタインの怪物,DPA,10,ZINRAI,34,10.0
CT_ID2459,S001744,霹靂,DPA,10,ZINRAI,34,10.0
CT_ID2460,S001745,ラブパラ,DPA,10,ZINRAI,34,10.0
CT_ID2461,S001746,ギミギミエンターテイメント,DPA,10,ZINRAI,34,10.0
CT_ID2462,S001747,BENiZAKURA,DPA,11,ZINRAI,34,11.0
CT_ID2463,S001748,Dying 4 U,DPA,11,ZINRAI,34,11.0
CT_ID2464,S001749,GENERATED GRID,DPA,11,ZINRAI,34,11.0
CT_ID2465,S001750,Memorylust,DPA,11,ZINRAI,34,11.0
CT_ID2466,S001751,PISTOL SWORD,DPA,11,ZINRAI,34,11.0
CT_ID2467,S001752,Shogun's Last Dawn feat. Kanae Asaba,DPA,11,ZINRAI,34,11.0
CT_ID2468,S001753,Singularity Girl,DPA,11,ZINRAI,34,11.0
CT_ID2469,S001754,Spark Rush,DPA,11,ZINRAI,34,11.0
CT_ID2471,S001755,悪ジ狂キ,DPA,11,ZINRAI,34,11.0
CT_ID2472,S001756,九十九ノ恋結ビ,DPA,11,ZINRAI,34,11.0
CT_ID2473,S001757,デラむぅのでらっくす☆かるた ～NOTES・CHORD・PEAK編～,DPA,11,ZINRAI,34,11.0
CT_ID2474,S001758,メルト CPK! Remix (初音ミク ver.),DPA,11,ZINRAI,34,11.0
CT_ID2475,S001759,雷霆の如し,DPA,11,ZINRAI,34,11.0
CT_ID2476,S001761,夜叉ノ魂,DPA,11,ZINRAI,34,11.0
CT_ID2166,S001763,Shooting Star,DPA,10,Sparkle Shower,33,10.2
CT_ID1777,S001760,ZENITH,DPA,11,RESIDENT,30,11.4
CT_ID2480,S001762,OTOROSHI,DPA,12,ZINRAI,34,12.0